text,label,intent_name,orig_train_index
I cannot find my PIN.,38,get_physical_card,4037
is the a reason why my transfer has failed?,35,failed_transfer,7482
Is it free to transfer money or is there a fee?,64,transfer_fee_charged,7276
Are extra cards free?,39,getting_spare_card,7920
Why couldn't I get cash from an ATM?,26,declined_cash_withdrawal,4991
There are a couple payments with my card shown that I'm not responsible for. What is going on? Maybe someone has access to my account.,16,card_payment_not_recognised,3594
Why is  my balance not updated?,5,balance_not_updated_after_bank_transfer,8716
to cash withdrawals charge me?,19,cash_withdrawal_charge,9478
If I need more than cards will I have to pay a fee to receive them?,39,getting_spare_card,7891
"I could not get a top-up to work, why?",59,top_up_failed,8580
Why do my transfers keep failing?,35,failed_transfer,7491
"Help, I don't see my money i just added.",47,pending_top_up,1970
You promised no fees but now I've got one. What the hell!?,15,card_payment_fee_charged,2696
"I think that someone may be using my card, but I'm not sure,.",22,compromised_card,4486
How can I make my card ready to use?,0,activate_my_card,9316
Is there a limit for age?,1,age_limit,1621
Transaction showing up many times.,63,transaction_charged_twice,6346
"Top up my card please, which y'all support?",54,supported_cards_and_currencies,2994
do i need to wait to get my card before getting a pin,38,get_physical_card,4070
My card is expiring soon.,9,card_about_to_expire,9578
How much is the exchange fee?,31,exchange_charge,8944
I want to set up an auto top-up,4,automatic_top_up,1148
My top is still pending.,47,pending_top_up,2000
What is the pending payment on my card about?,45,pending_card_payment,5238
Can I top-up by cheque?,58,top_up_by_cash_or_cheque,7972
When can I expect my refund?,51,Refund_not_showing_up,5790
I did not have the right exchange rate applied to my situation of pulling out cash,76,wrong_exchange_rate_for_cash_withdrawal,8298
It looks like my card payment was sent back.,53,reverted_card_payment?,6832
Why is there a direct debit set up in my name?,28,direct_debit_payment_not_recognised,4736
Is it possible to use my apple watch for topping up?,2,apple_pay_or_google_pay,9769
"My transfer went through, but it seems to be caught up in a pending status.  This was very important that it got done quickly, can you give me a status update on how long it will take?",48,pending_transfer,6131
When will I receive the cash payment from the check I deposited?,6,balance_not_updated_after_cheque_or_cash_deposit,3454
"lost my phone, what is account security?",42,lost_or_stolen_phone,5369
Why do you have an identity check?,74,why_verify_identity,3771
How do I active this card?,0,activate_my_card,9268
I have not received the completed transaction.,66,transfer_not_received_by_recipient,2788
I went tot the ATM earlier today and didn't realize this till now but I did not get all the money I requested.  I believe my account was charged for 100 but I only got 80.  Is there any way we can solve this problem?,75,wrong_amount_of_cash_received,2359
what is the exchange rate for foreign ATMs,76,wrong_exchange_rate_for_cash_withdrawal,8306
I checked my statement and am being charged one pound. Where did this charge come from?,34,extra_charge_on_statement,691
Could you explain your rules for ATM fees?,19,cash_withdrawal_charge,9374
I've been using my account while abroad for a while but only recently I've been charged a fee. Why am I only being charged a fee now.,64,transfer_fee_charged,7168
Can you please explain how to transfer money using the bank transfer process?,65,transfer_into_account,7578
"My transaction history is looking a little off. I have been charged twice for multiple different purchases, and would like to have those duplicate charges refunded.",63,transaction_charged_twice,6318
How long are deliveries to the US?,12,card_delivery_estimate,1108
Can I use my card wherever I want?,10,card_acceptance,3127
How long will a cash withdrawal be pending?,46,pending_cash_withdrawal,829
I didn't get my card back from the ATM.,18,card_swallowed,6254
Why did I get charged more for using my card?,15,card_payment_fee_charged,2663
"I received a refund, however I cannot see it in my account",51,Refund_not_showing_up,5730
Why was I blocked from withdrawing from the ATM?,26,declined_cash_withdrawal,4923
I was charged several times for something,63,transaction_charged_twice,6369
"I've got a problem - I bought something with my card one or two weeks ago, but now exact same amount of the purchase is showing up in my account. I like more money in my account, but this is too good to be true. Can you tell me what's happening?",53,reverted_card_payment?,6804
"I can't transfer any money from my account to my friend's account, it keeps rejecting it. Can you tell me why? I have enough funds in my account to transfer.",35,failed_transfer,7553
"I have a strange transaction for £1 on my statement, what is that?",34,extra_charge_on_statement,582
How do I order my card?,43,order_physical_card,8133
How do I return something for a full refund?,52,request_refund,5518
I don't have a way to prove my identity.,68,unable_to_verify_identity,3961
I tried to buy something online yesterday and got a message saying declined. I tried again today and got the same message. What's the problem?,27,declined_transfer,5544
My transfer says pending. What does that mean?,48,pending_transfer,6132
How can I get my card out of the ATM?,18,card_swallowed,6297
Can you tell me why my transfer is pending still?,48,pending_transfer,6127
I put some money in my account the other day but now its gone? Why is this?,61,top_up_reverted,3200
Did a WD earlier at an ATM.  The amount showing in the App is more than I got though.,75,wrong_amount_of_cash_received,2341
Why was the price higher when I paid with my card?,15,card_payment_fee_charged,2620
What currencies are available for my use in holding and exchange?,36,fiat_currency_support,943
Why have I not received a virtual card yet?,40,getting_virtual_card,3053
what is the age limit for opening a new account,1,age_limit,1603
What happens if I use my account and my identity verification hasn't finished?,74,why_verify_identity,3829
There is a direct debit set up that I didn't create.,28,direct_debit_payment_not_recognised,4783
I have a friend who needs money as soon as possibly. If I were to transfer it how long will it take to get to her?,66,transfer_not_received_by_recipient,2816
How do I get a refund for an unauthorized direct debit payment?,28,direct_debit_payment_not_recognised,4777
I need to have an item refunded.,52,request_refund,5516
What if my top up doesn't go through?,47,pending_top_up,1935
I want my card frozen right away. Money was taken out in an odd location I have never heard of.,20,cash_withdrawal_not_recognised,8906
How can I receive money from my friend?,50,receiving_money,7381
I was using a foreign currecy to make a payment and the applied the wrong rate.,17,card_payment_wrong_exchange_rate,427
withdrawal pending meaning?,46,pending_cash_withdrawal,791
I went to use my new card today and the card was repeatedly declined. I would really like to use this card and need to know what to do about it.,25,declined_card_payment,5849
Can you tell me why my transfer is failing and help resolve?,35,failed_transfer,7442
I can't get my virtual card to work.,72,virtual_card_not_working,8193
help me find where this money came from,70,verify_source_of_funds,6522
Why was my virtual card rejected?,72,virtual_card_not_working,8174
What countries do you operate in?,24,country_support,9901
Explain to me how to verify the top-up card.,71,verify_top_up,7683
"I think something went wrong, I didn't get the right amount.",75,wrong_amount_of_cash_received,2397
how long are my top ups pending,47,pending_top_up,2013
How do I change my name after marriage,30,edit_personal_details,3727
"I was charged extra when I made a cash withdraw, why?",19,cash_withdrawal_charge,9355
I messed up a transfer and need to reverse it.,8,cancel_transfer,2092
I tried updating my balance by cheque yesterday but it doesn't seem to be working. Shouldn't that be faster? Please check my account something has gone wrong there.,6,balance_not_updated_after_cheque_or_cash_deposit,3335
"I live in America, but I would like a card.",24,country_support,9958
I ordered my card and it isn't here yet. I need it ASAP. When can I expect to get it?,12,card_delivery_estimate,1044
The fee charged when I changed rubles into British pounds was too much.,17,card_payment_wrong_exchange_rate,470
My daughter need a card from this account. Is that possible?,39,getting_spare_card,7839
I see a direct debit transaction in my history that I did not set up.,28,direct_debit_payment_not_recognised,4646
I will need a new card because mine is almost expired.  How fast do I get a replacement and what is the cost?,9,card_about_to_expire,9570
I am having to wait for my transfer to be fully processed. It seems to be taking a very long time in the pending phase. What is the normal turn around time that I can expect to see it completed?,48,pending_transfer,6091
Why do you need to verify my identity?,74,why_verify_identity,3875
How do I track the card you sent me?,11,card_arrival,26
What kind of businesses will take my card?,10,card_acceptance,3108
What kind of fiat currencies are supported for holding and exchange?,36,fiat_currency_support,935
"When I got my cash, the amount was not what it should have been, based on the exchange rate.",76,wrong_exchange_rate_for_cash_withdrawal,8212
Is there a fee to top up a US card using a debit or credit card?,57,top_up_by_card_charge,9108
I topped up my account but the money isn't there now.,62,topping_up_by_card,4332
Is there a charge for using an European bank card for top up?,57,top_up_by_card_charge,9150
I made a check and cash deposit that wasn't credited to my account.,6,balance_not_updated_after_cheque_or_cash_deposit,3448
What fiat currencies do you allow exchange with?,36,fiat_currency_support,909
The ATM did not give me my card back?,18,card_swallowed,6263
Does Google Pay offer a top up option?,2,apple_pay_or_google_pay,9683
Where in the app do I go to verify my identity?,69,verify_my_identity,9857
Can you tell me when my card will arrive?,12,card_delivery_estimate,1049
The cheque I sent to you to have deposited a couple days ago has not cleared in my account yet. What is the issue?,6,balance_not_updated_after_cheque_or_cash_deposit,3347
Can I add a card to back into the app?,13,card_linking,212
How do I turn on my new card?,0,activate_my_card,9217
I received a message from a seller stating they hadn't received my money even though it definitely came out of my account. The money has now been deposited back into my account. Please get this resolved as soon as possible.,53,reverted_card_payment?,6777
There was an extra fee on my account when I got cash.,19,cash_withdrawal_charge,9450
It says pending status for my payment. Why?,45,pending_card_payment,5175
When will the money reach my  account?,67,transfer_timing,6597
"I've been trying to transfer funds to top-up my card, but the transaction is not going through.  Is there something I'm doing wrong?",59,top_up_failed,8482
Why was my transfer stopped ?,7,beneficiary_not_allowed,7087
where do you find your exchange rates?,32,exchange_rate,396
can i order cards on the app,43,order_physical_card,8165
Are their fee's for top ups?,57,top_up_by_card_charge,9086
"the balance has not changed, but I have deposited some money",6,balance_not_updated_after_cheque_or_cash_deposit,3348
I want to cancel my account.,55,terminate_account,6161
Why is the identity check involved?,74,why_verify_identity,3810
Can I open an account for my children?,1,age_limit,1597
The ATM didnt return my card!,18,card_swallowed,6274
"You will hear back from us about your verification results in 10 minutes to a one hour timeframe.  If these verification results do fail, please double-check to make sure your images are clear and have no glare or blur; your photos need to be fully readable.  You need to be 18 years of age or older and a resident of Switzerland or the European Economic Area to create an account.",68,unable_to_verify_identity,3905
Can you tell me where my readily available cash has come from?,70,verify_source_of_funds,6493
I have to verify my identity. What do I need to do?,69,verify_my_identity,9832
My Virtual card was rejected for a car rental. Why?,72,virtual_card_not_working,8207
They used the wrong rate when I made a purchase with foreign currency.,17,card_payment_wrong_exchange_rate,481
Which flat currencies are supported for holding and exchange?,36,fiat_currency_support,907
"my balance has not changed, despite depositing a cheque",6,balance_not_updated_after_cheque_or_cash_deposit,3312
How do I get my money back for a duplicated charge?,63,transaction_charged_twice,6325
Am I able to return an item for a refund?,52,request_refund,5469
I don't have my mobile device and am unable to make the payment because I forgot my details.,42,lost_or_stolen_phone,5316
Why do I see an extra €1 charge on my statement?,34,extra_charge_on_statement,610
Will it cost extra to add money to an international card?,57,top_up_by_card_charge,9153
Why has my card been declined?,25,declined_card_payment,5848
"Please tell me, do you use Visa or Mastercard?",73,visa_or_mastercard,4232
"I made a mistake and did a transaction to a wrong account, can I cancel?",8,cancel_transfer,2160
When will it be delivered to the US?,12,card_delivery_estimate,1117
Do you support top ups?,61,top_up_reverted,3268
My card is showing multiple charges for the same items on my recent statement. I was wondering what actions of needed to take to fix this issue,63,transaction_charged_twice,6429
how do i get into my account and edit my details,30,edit_personal_details,3751
I am not receiving the correct exchange rate on my card.,17,card_payment_wrong_exchange_rate,533
Do i have to wait to get the pin or can i set up a pin,38,get_physical_card,4052
"phone is gone, what should i do",42,lost_or_stolen_phone,5288
The refund doesn't show in my account,51,Refund_not_showing_up,5693
What do I do if I can't prove my identity?,68,unable_to_verify_identity,3948
Can I choose whether I receive a Visa or a Mastercard card?,73,visa_or_mastercard,4141
"I would like a disposable virtual card, could I get one?",37,get_disposable_virtual_card,8406
My phone is missing or stolen.,42,lost_or_stolen_phone,5298
What types of currencies do you accept?,54,supported_cards_and_currencies,2882
Why hasn't my in country transfer gone through yet? I confirmed the account info a couple days ago but the payment hasn't been posted yet.,66,transfer_not_received_by_recipient,2861
How can I use my credit card to transfer money?,62,topping_up_by_card,4333
I made a transfer from France two days ago now but there hasn't made it there yet. Do international transfers take longer?,5,balance_not_updated_after_bank_transfer,8629
How do I make my transfer go through,27,declined_transfer,5567
I'd like more info on getting a virtual card.,40,getting_virtual_card,3046
the exchange rate I got for cash was wrong,76,wrong_exchange_rate_for_cash_withdrawal,8312
Asked for $100 but only got $20. Why would this happen?,75,wrong_amount_of_cash_received,2347
need to know places i can withdraw money,3,atm_support,4597
I attempted to enter my pin to many times.,49,pin_blocked,1677
"I made a transfer and the receiver said an amount was received, but less than the right amount. I now have to transfer more to get the remainder to the receiver. Can you tell me about this. What's been going on?",64,transfer_fee_charged,7180
Can I tell if my top off didn't work?  It doesn't seem to have.,59,top_up_failed,8491
Can I get a card in person?,43,order_physical_card,8105
What is the limits on the number of disposable cards I can have?,29,disposable_card_limits,4450
How long will my transfer stay pending?,48,pending_transfer,6042
Why can't I add any beneficiary I choose?,7,beneficiary_not_allowed,7110
I want to take some funds from my other bank account and add them to this one.,65,transfer_into_account,7626
I notice that I have a card payment that's been cancelled.,53,reverted_card_payment?,6849
I live in the EU.  Can I order one of your cards?,24,country_support,9948
How are foreign exchange rates determined?,32,exchange_rate,351
I tried activation my card and it didn't employment,0,activate_my_card,9195
How do i secure a top-up card?,71,verify_top_up,7764
Why was I charged a fee? I thought shopping was free?,15,card_payment_fee_charged,2563
Can I use this app to exchange currencies?,33,exchange_via_app,1413
What is this extra fee while I was doing a transfer?,64,transfer_fee_charged,7308
What currencies are accepted to add money?,54,supported_cards_and_currencies,2934
My top up card needs verification and I don't know how to do it,71,verify_top_up,7775
Can you tell me how I would go about learning where my funds came from?,70,verify_source_of_funds,6514
Can you tell me why my credit card was declined while trying to top-up?,59,top_up_failed,8576
"Hey a seller just contacted me that my money didn't come through. It was definitely deducted from my account, but now it appears it's back with me! Sort this out asap please.",53,reverted_card_payment?,6743
I used an ATM and wanted to know why I was charged an extra fee.,19,cash_withdrawal_charge,9422
Foreign currency rates were put in wrong at an ATM i used.,76,wrong_exchange_rate_for_cash_withdrawal,8225
How do I see my updated balance after I make a cheque or cash deposit?,6,balance_not_updated_after_cheque_or_cash_deposit,3359
"I guess exchange rate for my payment was not correct, as i charged extra on the last saturday.",17,card_payment_wrong_exchange_rate,514
Where is the verification code display?,71,verify_top_up,7788
It's been a week since you sent my card and I still don't have it.,11,card_arrival,25
I tried to purchase airline tickets online this morning and my card information isn't working. Is there something going on with my account?,14,card_not_working,1334
I'm suddenly getting an error while attempting a transfer that it isn't possible. Why? I've done it before.,7,beneficiary_not_allowed,7057
Do you know what your exchange rates are?,32,exchange_rate,301
I couldn't transfer to an account.,7,beneficiary_not_allowed,7128
Why was my card payment reversed?,53,reverted_card_payment?,6861
"Hello, what is a virtual card and how do I get one?",40,getting_virtual_card,3041
How long does a transfer from the UK account usually take? After completing the transfer it is not showing up. I need to know that everything I actually went okay.,5,balance_not_updated_after_bank_transfer,8771
What do I do to lock my phone after losing it so my account isn't accessed,42,lost_or_stolen_phone,5334
I would like to have assistance with activating my card.,0,activate_my_card,9265
Why is your exchange rate so bad?,17,card_payment_wrong_exchange_rate,444
i did not get any money but still was charged,75,wrong_amount_of_cash_received,2445
"If my salary is in GBP, do I need to do something?",50,receiving_money,7422
"I just transferred some money into my account and do not see it updated yet, can you assist?",5,balance_not_updated_after_bank_transfer,8707
I am worried about fees for top up cards?,57,top_up_by_card_charge,9157
"How long should a transfer normally take to process completely? I have a friend that needs it right away, but it's already been 2 hours and she hasn't received it.",66,transfer_not_received_by_recipient,2744
Please check my payment from last Saturday as I feel I have been overcharged on the exchange rate.  Thank you.,17,card_payment_wrong_exchange_rate,441
I don't think I should have been charged a fee to use my card.,15,card_payment_fee_charged,2646
There was an extra charge when I used my card,15,card_payment_fee_charged,2564
Do I need to order a new card if mine is expiring?,9,card_about_to_expire,9571
Why am I missing my refund,51,Refund_not_showing_up,5675
Why won't the machine accept my card anymore?,14,card_not_working,1327
I already have an account. Why can't I use it unless my identity is verified?,74,why_verify_identity,3789
Why hasn't my return cleared my account?,51,Refund_not_showing_up,5810
Is there an option to top up with a cheque?,58,top_up_by_cash_or_cheque,8004
"My top up did not show up as shown and my money has disappeared, can you help me fix this glitch problem?",61,top_up_reverted,3155
Am I allowed to get an account for my daughter?,1,age_limit,1647
"I want a Mastercard, instead.",73,visa_or_mastercard,4199
You operate in which countries?,24,country_support,9968
What should I do if I lost my phone?,42,lost_or_stolen_phone,5344
What is a pending cash withdrawal?,46,pending_cash_withdrawal,807
i need to add express delivery if that's an option,12,card_delivery_estimate,1091
"How do I close my account, since I'm dissatisfied?",55,terminate_account,6215
what are the steps to activate my card?,0,activate_my_card,9269
I haven't received the money from the check I deposited.,6,balance_not_updated_after_cheque_or_cash_deposit,3468
I need assistance completing a transfer. I'm trying to purchase a flat and need the money for the initial mortgage payment. I keep getting an error and the transfer is not going through. What is going on here?,35,failed_transfer,7543
How long does it actually take for a card payment to go through? There's one stuck since a couple of days already that doesn't seem to move,45,pending_card_payment,5212
What's the limit on total number of cards I can have?,39,getting_spare_card,7812
Can I use the card at any cash machine?,3,atm_support,4546
I transferred some cash and it has not arrived yet.,66,transfer_not_received_by_recipient,2747
I requested a refund directly from the seller but I still don't have it. I just want you to send me my money back. I did what you said to do and I still don't have it.,51,Refund_not_showing_up,5751
What do I do if my disposable virtual card doesn't work?,72,virtual_card_not_working,8204
How do I go through the identity checks?,69,verify_my_identity,9797
Can you tell me your exchange rates?,32,exchange_rate,385
My card is missing.  Please help.,41,lost_or_stolen_card,1485
Is there any way i get a disposable virtual card as well?,37,get_disposable_virtual_card,8459
Why did my top-up not work?,59,top_up_failed,8573
Do you give out Visa or Mastercards?,73,visa_or_mastercard,4145
"I don't see my refund money yet in my account. I asked the merchant a while ago for a refund, so I don't know what's taking so long.  Can you look into it and see if the money is there, just not in my account yet?",51,Refund_not_showing_up,5674
"I deposited cash this morning, but it's not showing up in my account. Can you tell me where's my money?",6,balance_not_updated_after_cheque_or_cash_deposit,3363
I did a cash deposit to my account but my balance is still the same. What happened?,6,balance_not_updated_after_cheque_or_cash_deposit,3327
I want to close my account & I will never do business with you again.,55,terminate_account,6197
"Hello. I tried doing a topup and I thought it worked, but now the money is no longer in my account. Can you explain?",61,top_up_reverted,3265
There is an unauthorized payment in my statement.,16,card_payment_not_recognised,3540
I have been trying to exchange this for crypto but the app won't work could you please help me?,7,beneficiary_not_allowed,7089
Yesterday I had my phone stolen.  Please advise what I should do.,42,lost_or_stolen_phone,5321
Can I give a second card for this account to my daughter?,39,getting_spare_card,7931
It is extremely important that I cancel the transfer I made yesterday and put the money into a different account.  Is this possible?,8,cancel_transfer,2137
the exchange rate for my withdrawal is wrong,76,wrong_exchange_rate_for_cash_withdrawal,8338
Is it normal to see a fee for transferring money?,64,transfer_fee_charged,7214
How much is the charge to top up via credit card?,57,top_up_by_card_charge,9110
I've made a horrible mistake!  I transferred money to the wrong account by accident!  I entered one of the digits wrong.  I need this cancelled immediately please.,8,cancel_transfer,2111
How do I go about cancelling a transaction?,8,cancel_transfer,2191
Instructions for activating card,0,activate_my_card,9232
Someone took my card without permission,41,lost_or_stolen_card,1528
where exactly does money come from,70,verify_source_of_funds,6481
The app is telling me that I am not me.,68,unable_to_verify_identity,3947
Why wouldn't the ATM give me cash?,26,declined_cash_withdrawal,5085
"I accidentally made a payment from the wrong account yesterday. It's my rent payment, and it's very large, so the account I paid from won't be able to cover the amount. It's really important that the payment be made from the right account?",8,cancel_transfer,2088
Where are you present globally?,24,country_support,9902
I topped up but my money is not showing. Why is that?,61,top_up_reverted,3262
Can I use top-up with Apple pay?,2,apple_pay_or_google_pay,9670
Why was my PIN blocked?,49,pin_blocked,1709
when will my transfer clear,48,pending_transfer,6092
There is a Direct Debit that looks suspicious.,28,direct_debit_payment_not_recognised,4638
Will money be added automatically when necessary?,4,automatic_top_up,1179
I completed a payment with my card a while ago. It's still showing up as pending. What time frame does this normally take? It doesn't appear to have worked.,45,pending_card_payment,5216
"Hi. A couple hours ago I make a transfer from my UK bank account, but it hasn't shown up. Please, would you see what the delay is?",5,balance_not_updated_after_bank_transfer,8712
How many different currencies can I have my money in?,36,fiat_currency_support,899
I am unhappy with an item I bought. How do I get a refund?,52,request_refund,5488
How do I delete my account? I am dissatisfied with the service.,55,terminate_account,6175
"I was charged a fee when I transferred my funds, why?",64,transfer_fee_charged,7277
I would like to change currency,33,exchange_via_app,1442
Editing my personal details,30,edit_personal_details,3762
"I'm trying to move money from my account to elsewhere, but it's giving me an error message.",27,declined_transfer,5643
"Hi, there is a suspicious payment from my card. I definitely do not know who this is or who could have made this payment.",16,card_payment_not_recognised,3519
Can I transfer money to my account with the app?,65,transfer_into_account,7644
Who charged me a fee for paying by card?,15,card_payment_fee_charged,2547
I got a cheque that I want to top up with?,58,top_up_by_cash_or_cheque,7954
"I would like to get a physical card, but I don't know how. Can you help me?",43,order_physical_card,8061
I do not recognise this card payment.,16,card_payment_not_recognised,3592
"I received my American Express in Apple Pay, is there a reason why top up is not functioning properly?",2,apple_pay_or_google_pay,9690
What is your opinion on the exchange rate?,32,exchange_rate,339
"I'm having money transferred from Europe, how long will this take?",67,transfer_timing,6695
Your foreign exchange rate is wrong.,17,card_payment_wrong_exchange_rate,527
I'm not sure why my card didn't work,25,declined_card_payment,5836
Help me cancel a transaction.,8,cancel_transfer,2152
How long is the delivery to the US?,12,card_delivery_estimate,1070
I'd like to order an additional card,39,getting_spare_card,7805
Delete my account now please.,55,terminate_account,6187
Why was the exchange rate so wrong when I bought something!,17,card_payment_wrong_exchange_rate,425
Why did I get charged for a withdrawal?,19,cash_withdrawal_charge,9452
Why isn't top-up working? My top-up money disappeared after I saw that it was successfully transferred. Is it gone? Where did it go?,61,top_up_reverted,3197
"Using Google Pay, can I top up?",2,apple_pay_or_google_pay,9704
When I was transferring money I was charged extra why?,64,transfer_fee_charged,7294
"My card is about to expire, what do I do?",9,card_about_to_expire,9587
what steps do i do to get a real card,43,order_physical_card,8053
Too many times I entered the incorrect PIN.  How can I get my account unblocked?,49,pin_blocked,1769
Can I still access the app even though my phone was stolen?,42,lost_or_stolen_phone,5333
"Hello, I have noticed a problem on my recent withdrawal at the banks atm machine.  I made a transaction and upon receiving my funds from the machine, a fee was assessed to my withdrawal.  Are these types of transactions free of charge?",19,cash_withdrawal_charge,9490
There's a payment that isn't mine on my app,16,card_payment_not_recognised,3509
Are cheques accepted for a top up?,58,top_up_by_cash_or_cheque,8032
Why was I charged a fee for transferring money,64,transfer_fee_charged,7250
I need my card to be delivered fast,12,card_delivery_estimate,1059
My daughter would like a card from my account?  Can I do this?,39,getting_spare_card,7840
Will you tell me how I am supposed to use the disposable cards?,37,get_disposable_virtual_card,8398
Supported countries,24,country_support,9979
There is a payment that I made that hasn't gone through yet.,45,pending_card_payment,5096
Where can I find the verification code for a top-up?,71,verify_top_up,7778
Can I automatically top-up when traveling?,4,automatic_top_up,1180
My credit card transaction was declined for a loan payment.  Can you tell me why?,59,top_up_failed,8555
Can I link your physical card,13,card_linking,276
How can I convert currencies?,33,exchange_via_app,1392
What do I do to get ahold of my own card?,43,order_physical_card,8055
My contactless stopped working today for no good reason. It's not working no matter where I try to use it. Can you please help me fix it?,23,contactless_not_working,1797
Am I able to Top Up with Apply Pay?,2,apple_pay_or_google_pay,9713
I deposited cash into my account and I'm having trouble seeing it on my account.,6,balance_not_updated_after_cheque_or_cash_deposit,3434
hello I have lost my phone and I'm worried someone's going to steal money from me,42,lost_or_stolen_phone,5352
When will it get delivered?,12,card_delivery_estimate,1075
how much to get my card in 2 days?,12,card_delivery_estimate,1080
The ATM kept my card?,18,card_swallowed,6285
I would love one of the virtual cards!,40,getting_virtual_card,3049
"My card payment is just showing up as pending since forever, what's going on with that, when should it be going through?",45,pending_card_payment,5174
"My card isn't working at all, I need assistance. It's really frustrating.",14,card_not_working,1247
My account is devoid of funds. Am I permitted to submit additional money via bank transfer?,65,transfer_into_account,7607
Will I get extra charges?,64,transfer_fee_charged,7311
Is it possible to change from AUD to GBP?,33,exchange_via_app,1363
The transfer to my beneficiary has not gone through,7,beneficiary_not_allowed,7102
It won't let me verify my identity.,68,unable_to_verify_identity,3923
My new card needs activating.,0,activate_my_card,9281
"My new card just arrived, how can I activate it?",0,activate_my_card,9240
Do I need to re-apply to order a new card when my old one's about to expire?,9,card_about_to_expire,9609
Can you accept my other card from the U.S.?  It is the only other one I have.,54,supported_cards_and_currencies,2911
Show me where I can see the PIN?,38,get_physical_card,4092
How often can I top up?,60,top_up_limits,2270
Will this card work at any ATM?,3,atm_support,4551
I need a refund on a direct debit that shows in the app because I did not make it.,28,direct_debit_payment_not_recognised,4658
My card activation attempt failed.,0,activate_my_card,9287
What do I do if I forgot my passcode?,44,passcode_forgotten,4873
I tried to top-up but it got denied.,59,top_up_failed,8520
Who do I talk to about the ATM swallowing my card?,18,card_swallowed,6286
What fees to you have for top ups?,57,top_up_by_card_charge,9107
"My Netflix subscription says that there is an issue with my card information, but I thought everything was fine. Why would it be declined?",14,card_not_working,1270
What should I do if I see an unauthorized withdrawal on my statement?,20,cash_withdrawal_not_recognised,8814
Who can send me money?,50,receiving_money,7394
Can it add money every so often automatically while I travel?,4,automatic_top_up,1231
I can't get my virtual card to work at all,72,virtual_card_not_working,8192
"I signed up, but don't have a PIN. Where can I find it?",38,get_physical_card,4040
I got cash abroad and need to check the exchange rate,76,wrong_exchange_rate_for_cash_withdrawal,8294
Do I need to verify the top-up?,71,verify_top_up,7759
A transaction is showing more than once.,63,transaction_charged_twice,6371
"There is an extra charge on my account I didn't authorise, it's just £1, what is it?",34,extra_charge_on_statement,678
"Hi, I am trying to buy something online, but i think there is some issue in my card. As payment is reverted. Please help me in this as i am facing the same issue from last two weeks.",53,reverted_card_payment?,6813
Do you accept cash?,58,top_up_by_cash_or_cheque,8022
My refund is not showing up in my account. Where is it?,51,Refund_not_showing_up,5788
Is there a problem that makes my payments show pending?,45,pending_card_payment,5196
When will the money from a transfer be made available on my account?,67,transfer_timing,6661
Can I exchange currency for different types?,33,exchange_via_app,1434
What is the process to link the new card?,13,card_linking,214
Why hasn't the transaction I did to my friend arrive yet?,66,transfer_not_received_by_recipient,2730
It declined my transfer.,27,declined_transfer,5583
The ATM keeps declining my card! I tried two different ATMs already can you please check if everything is alright with my account??,26,declined_cash_withdrawal,4948
Can I select my card scheme or do you choose it for me?,73,visa_or_mastercard,4167
Why was there a fee when I pulled cash?,19,cash_withdrawal_charge,9440
"Hi, I'm trying to by some crypto and the app isn't allowing it. I really want to exchange this, what am I doing wrong?",7,beneficiary_not_allowed,7140
How can I unblock my PIN?,49,pin_blocked,1684
My transfer has been pending for a long time now. I already double checked my account info and it is correct. Why is it taking so long in 2018 to transfer money?,48,pending_transfer,6070
I want to transfer a sum of money from another bank account I have into this one,65,transfer_into_account,7643
How can I exchange USD and GBP in the app?,33,exchange_via_app,1446
How long does it take for cards to be delivered after ordering them?,12,card_delivery_estimate,1078
I think you reverted my top up.,61,top_up_reverted,3186
Will I be sent a new card before mine expires?,9,card_about_to_expire,9535
Can you tell me where  can change my PIN?,21,change_pin,6938
What are the disposable card limits?,29,disposable_card_limits,4436
How do i cancel a charge?,8,cancel_transfer,2085
I haven't received the cash from the check I deposited.,6,balance_not_updated_after_cheque_or_cash_deposit,3412
I think when I withdrew money when out of country the exchange rate was wrong.,76,wrong_exchange_rate_for_cash_withdrawal,8215
Can you help me reset my passcode? I forgot it.,44,passcode_forgotten,4868
My card payment is being declined and I've tried several times.,25,declined_card_payment,5904
"Hello, Please look into this matter urgently. As i have lost my wallet and i can see one withdrawal, now i do not want to loose more money.",20,cash_withdrawal_not_recognised,8790
I sent a payment to the wrong account number - can that transaction be reversed? I am worried about accidentally giving my money away.,8,cancel_transfer,2155
I need to renew a card that's about to expire,9,card_about_to_expire,9610
How long do I have  to wait for my transaction to be completed?,66,transfer_not_received_by_recipient,2756
How come my cash withdrawal came with an unnecessary fee?!,19,cash_withdrawal_charge,9415
How limited is a virtual card?,29,disposable_card_limits,4353
People are using my debit card - help!,28,direct_debit_payment_not_recognised,4760
I can't find any option to top up with a cheque?,58,top_up_by_cash_or_cheque,7937
Explain why I can't do a transfer to an account.,7,beneficiary_not_allowed,7055
How do I know when my card will expire?,9,card_about_to_expire,9545
I see a direct debit that I didn't authorize,28,direct_debit_payment_not_recognised,4806
What is the function of the disposable cards?,37,get_disposable_virtual_card,8387
wheres my money receipt,66,transfer_not_received_by_recipient,2739
"Help! I think someone has a copy of my card - I still have my card, but a five hundred pound cash withdrawal that I didn't authorize is shown on my account.",20,cash_withdrawal_not_recognised,8810
Tell me if there is a limit to top-up.,60,top_up_limits,2249
I have trouble proving my identity.,68,unable_to_verify_identity,3975
"I need to refund my item, can you please help?",52,request_refund,5484
After making a payment with my card it doesn't seem to have worked. It's just showing to be pending. When will this actually be going through?,45,pending_card_payment,5114
"I need a refund and cancel a transaction on an item I purchased and i need it as soon as possible, please!",52,request_refund,5384
Please help to explain to me why my new card was declined when I tried to use it at my grocery store this morning to pay for the items I needed.  I tried three times to use it and it kept being declined.  I was very embarrassed standing there trying to buy my groceries.,25,declined_card_payment,5986
Transfer was declined.,27,declined_transfer,5551
I want to talk about an order that I placed a long time ago and have yet to receive. I demand a refund due to lack of delivery of the product!  I refuse to pay for something I never got.,52,request_refund,5512
This place has been too much work so I'd just like to close out my account & be done.,55,terminate_account,6176
The card has suffered a security breach.,22,compromised_card,4540
In what way can I use the disposable cards?,37,get_disposable_virtual_card,8410
What are the reasons for my beneficiary not being allowed?,7,beneficiary_not_allowed,7006
How can I top up using google pay?,2,apple_pay_or_google_pay,9755
I was charged more than once for a card payment I made.,63,transaction_charged_twice,6379
"I only made one transaction at this place, but it's appearing multiple times.",63,transaction_charged_twice,6313
"If I found an error in my account for a transaction I didn't make, how long to I have to dispute it?",28,direct_debit_payment_not_recognised,4684
What should I do if I see a withdrawal is pending?,46,pending_cash_withdrawal,868
Do I get charged for withdrawals?,19,cash_withdrawal_charge,9469
I bought something on line a and the seller hasn't received the money I sent could you please tell me how long an EU transfer takes?,48,pending_transfer,6020
how do i avoid charges in the future,15,card_payment_fee_charged,2587
How can my boss pay me directly to the card?,50,receiving_money,7334
Will the duplicated payment be refunded?,63,transaction_charged_twice,6401
"I'm in Austria right now, but I really need to change my PIN right now. Can I do this even though I'm in another country?",21,change_pin,6962
How can I look at where my available cash is coming from?,70,verify_source_of_funds,6505
The ATM machine ate my card.,18,card_swallowed,6293
How do I add a card on to the app?,13,card_linking,218
Why is there a fee for cash withdrawal?,19,cash_withdrawal_charge,9475
"My salary is received in the form of GBP. Is it necessary to configure this? If so, where is this done?",50,receiving_money,7388
Show me how can my friends top up my account.,62,topping_up_by_card,4296
"Card payment is still pending, why is that the case?",45,pending_card_payment,5118
why was a extra fee added to my account for transfer ?,64,transfer_fee_charged,7246
has my card payment been reverted?,53,reverted_card_payment?,6821
"A 500 pound cash withdrawal was just made from my account, but I didn't make it. I am pretty sure my card has been compromised - can you help me?",20,cash_withdrawal_not_recognised,8799
"Hello,  In my most recent ATM transaction, I didn't receive nearly as much cash as I thought I would - what is your exchange rate policy?",76,wrong_exchange_rate_for_cash_withdrawal,8251
I need to know why a money transfer is available.,48,pending_transfer,6134
Whats the limit on my top up,60,top_up_limits,2262
Is there anything to do because my phone was stolen?,42,lost_or_stolen_phone,5330
Which flat currencies do you support for holding and exchange?,36,fiat_currency_support,1004
I accidentally left my phone at the hotel so now I'm not able to use the app.,42,lost_or_stolen_phone,5340
I have an unusual payment in my statement,16,card_payment_not_recognised,3494
A shop I go to didn't let me pay.,25,declined_card_payment,5907
I would like help to revert a transaction I did this morning,8,cancel_transfer,2089
I got a new card and can't find where to link it.,13,card_linking,230
How do I go forth on holding money in multiple currencies?,36,fiat_currency_support,947
Can I possibly change my currency to another?,33,exchange_via_app,1369
is there a way to do top up with apple pay,2,apple_pay_or_google_pay,9743
I need to cancel a transaction please!,8,cancel_transfer,2098
How can I fund another account with my American Express?,54,supported_cards_and_currencies,2886
I selected to withdrawal 30 pounds but only received 10. I'm still standing in front of the ATM. The app shows i took out 30 pounds also. How do i fix this?,75,wrong_amount_of_cash_received,2425
"When I withdrew money from my account the other day, I noticed that there was a fee.  I didn't think that there were any fees for withdrawals...?  How much will I be charged?",19,cash_withdrawal_charge,9392
I am here to change my adress.,30,edit_personal_details,3651
Do you offer disposable virtual cards too?,37,get_disposable_virtual_card,8380
"I got my American Express in Apple Pay, why is top up not working on my device?",2,apple_pay_or_google_pay,9684
Why can't I get my top up to work in Apple Pay?,2,apple_pay_or_google_pay,9656
There is a cash withdrawal on my statement that I don't recognize,20,cash_withdrawal_not_recognised,8935
Which ATMs am I allowed to get money from?,3,atm_support,4552
How long is US delivery?,12,card_delivery_estimate,1073
Can I have a supplementary card?,39,getting_spare_card,7837
Do you know the rate of exchange?,32,exchange_rate,294
"I froze my account, but how do I order a replacement card?",22,compromised_card,4517
I have a new card and I need to activate it.,0,activate_my_card,9292
Can I set it up to add money every few days automatically while I am traveling?,4,automatic_top_up,1199
Where are the cards delivered to,43,order_physical_card,8080
"If I top up by transfer, am I going to be charged?",56,top_up_by_bank_transfer_charge,1919
Is there anyway to bypass identity verification?,74,why_verify_identity,3868
I would like to get some extra cards?,39,getting_spare_card,7903
Can I see the source of my available money?,70,verify_source_of_funds,6502
I topped up but the app denied it,59,top_up_failed,8476
Why was I charged an extra fee when doing a transfer?,64,transfer_fee_charged,7194
"my money, where is it coming from?",70,verify_source_of_funds,6519
My account shows up as pending after I received cash from the ATM earlier.  How can this be still pending? I've got the cash already.,46,pending_cash_withdrawal,747
There are strange transactions on my account.  What should I do if I think someone stole my details?,22,compromised_card,4468
I think a card payment I made was cancelled.,53,reverted_card_payment?,6805
Can I exchange currencies usign this app?,33,exchange_via_app,1459
I contacted a seller about a refund last week but he still hasn't returned my money. I am frustrated and need these funds. Please help me get my money back.,51,Refund_not_showing_up,5769
How is this transfer supposed to work? It's not working for me.,35,failed_transfer,7510
I have a pending payment on my card.  Why?,45,pending_card_payment,5164
I need this item refunded,52,request_refund,5513
I suspect someone used my card.,22,compromised_card,4473
"I thought transfers were free, why was I charged?",64,transfer_fee_charged,7221
What's up with verifying top-ups?,71,verify_top_up,7765
Someone may have made an error in figuring out the rate of exchange.  I should have received more cash than I did on my most recent withdrawal.,76,wrong_exchange_rate_for_cash_withdrawal,8243
"Please give me both Visa and MasterCard, is it possible?",73,visa_or_mastercard,4208
is it just visa or can i also use mastercard?,73,visa_or_mastercard,4101
how do I link an old card?,13,card_linking,206
"My card was lost on vacation, I don't know where it is. Can you help me take care of this immediately?",41,lost_or_stolen_card,1515
Please tell me how disposable virtual cards work?,37,get_disposable_virtual_card,8390
What do I do if the ATM swallowed my card?,18,card_swallowed,6288
is there a way to do automatic top up,4,automatic_top_up,1146
"my identity hasn't been verified and i can't edit my details, what's next",30,edit_personal_details,3701
The app reversed a top off I had.  What should I do?,61,top_up_reverted,3274
The ATM gave me less cash than requested,75,wrong_amount_of_cash_received,2420
When will the money be made available in my account?,67,transfer_timing,6710
I made a check deposit but the cash hasn't arrived in my account yet.,6,balance_not_updated_after_cheque_or_cash_deposit,3473
Can you make exchanges using the EUR?,36,fiat_currency_support,977
how much does it cost to add money to my card,57,top_up_by_card_charge,9071
When will I receive my card?,12,card_delivery_estimate,1098
I want to cancel the transaction I made earlier,8,cancel_transfer,2114
can i see money source?,70,verify_source_of_funds,6571
How does on apply fora refund on an item he ordered? I ordere an item and have not received it yet so i want to cancel it and get a refund,52,request_refund,5520
My refund isn't showing up on my statement.,51,Refund_not_showing_up,5797
I need my card frozen cause it was used without my consent to take money out. It was in an odd place.,20,cash_withdrawal_not_recognised,8907
My transfer was declined. Why did this happen?,27,declined_transfer,5651
I was charged two times for the same thing.,63,transaction_charged_twice,6394
There is a pending payment on my account that is very strange. I don't remember making this and it won't go away. Can you help me figure this out?,34,extra_charge_on_statement,673
Why would you cancel my transfer?,27,declined_transfer,5650
I just realised I made the wrong payment yesterday. Can you please change it to the right account? It's my rent payment and really really needs to be in the right account by tomorrow,8,cancel_transfer,2149
"I want to transfer money into my account, what do I do?",65,transfer_into_account,7587
Why was a payment cancelled on my account?,53,reverted_card_payment?,6797
What is the top-up limit on my cards?,60,top_up_limits,2322
"Transfer unable to be completed, states 'declined'",27,declined_transfer,5541
"Can I get money in my home currency at some ATM? I'm on holiday and am a bit concerned because I don't have any cash with me, it is possible to withdraw here already without any additional cost?",76,wrong_exchange_rate_for_cash_withdrawal,8362
from where are coming your exchange rates?,32,exchange_rate,328
I'm wanting to get a Visa card today.,73,visa_or_mastercard,4157
Why did I get a fee from the ATM?,19,cash_withdrawal_charge,9477
How long will my cash withdrawal take,46,pending_cash_withdrawal,775
"I performed a transfer within the country the day before yesterday, but it has not gone through? Can you check on that? The account number is definitely correct, as I've checked.",66,transfer_not_received_by_recipient,2831
What form of payments can I use for topping up?,58,top_up_by_cash_or_cheque,8029
Where can I find my PIN? I haven't gotten it yet.,38,get_physical_card,4058
How do I find out where my funds came from?,70,verify_source_of_funds,6534
How can my new card be renewed?,0,activate_my_card,9335
I went to the Notting Hill ATM to use my card the first time for a cash withdrawal but it didn't work. Does this mean that my card isn't working yet?,26,declined_cash_withdrawal,4955
Can I get the Mastercard?,73,visa_or_mastercard,4123
I attempted to get cash in the ATM but it was not authorized,26,declined_cash_withdrawal,4992
Which flat currencies can I use from you?,36,fiat_currency_support,974
"I should only have one charge, but it shows two.",63,transaction_charged_twice,6391
I'd like to know what the foreign exchange rate will be.,32,exchange_rate,362
I took out money and there is a fee.  Why?,19,cash_withdrawal_charge,9381
My transfer was not approved,27,declined_transfer,5568
What should I do if someone stole my phone?,42,lost_or_stolen_phone,5307
A transfer has to be cancelled.,8,cancel_transfer,2103
Do EU transfers happen quickly? I purchased something a few days ago and the seller hasn't received my money yet.,48,pending_transfer,6118
I found my lost card. Am I still able to use it?,13,card_linking,195
Can you tell me why the transfer isn't showing up on my account?,5,balance_not_updated_after_bank_transfer,8772
Why was my top up reverted?,61,top_up_reverted,3170
Is there a limit for the amount I can top up?,60,top_up_limits,2254
"My money is gone. I had topped up recently and saw it was there and went through, but now it's disappeared, what is happening?",61,top_up_reverted,3198
Where can I find the top up verification code?,71,verify_top_up,7696
What do you need my identity details for?,74,why_verify_identity,3831
I need to see where my money came from.,70,verify_source_of_funds,6531
"I can't be sure, but I think that someone may be using my card.",22,compromised_card,4480
What caused my transfer to fail?,35,failed_transfer,7507
"HI,Accordingly you offer crypto top up but it doesn't seem to be working? Money just disappeared from my account.What should be done now?",61,top_up_reverted,3227
The exchange rate I was charged for a purchase was not right.,17,card_payment_wrong_exchange_rate,407
I just made a transfer from France 2 days ago. It has not yet reached my bank. Is it possible it takes longer because it was an international transfer?,5,balance_not_updated_after_bank_transfer,8633
When will I get a virtual card? I haven't gotten one yet,40,getting_virtual_card,3060
"I tried to top off using the card, but the money just disappeared?",62,topping_up_by_card,4295
I would like to transfer money into my account.,65,transfer_into_account,7613
I need to transfer money into this account from my other bank account.,65,transfer_into_account,7600
Can I use google pay for topping -up,2,apple_pay_or_google_pay,9648
I want to get a Visa card,73,visa_or_mastercard,4188
How do I delete my account now,55,terminate_account,6160
"If I need an additional card, is there a fee for that?",39,getting_spare_card,7868
Why did the ATM give me less money than what I requested?,75,wrong_amount_of_cash_received,2451
I did not get all the cash at ATM.,75,wrong_amount_of_cash_received,2436
Why did I only receive a partial amount of what I tried to withdraw?,75,wrong_amount_of_cash_received,2331
Am I supposed to verify my identity?,74,why_verify_identity,3851
"I took out cash from the ATM, but something must have went wrong, My account shows the correct amount of cash I took out, but the ATM didn't give me that amount. How do I get my money back?",75,wrong_amount_of_cash_received,2405
"If I can, I would like to get both Mastercard and Visa from you.",73,visa_or_mastercard,4195
"Hi, Last week I have contacted the seller for a refund as directed by you, but i have not received the money yet. Please look into this issue with seller and help me in getting the refund.",51,Refund_not_showing_up,5712
I just found out from the seller that my money didn't go through. I checked my account and it was deducted at first but now it's back in my account. Can you  please fix this for me quickly?,53,reverted_card_payment?,6785
"I topped up recently and saw the money go through, but now it's just gone? What's going on",61,top_up_reverted,3157
I'd like to open an account for my children. How can I do that?,1,age_limit,1619
"Hi, My card is getting declined continuously when i am trying to top-up. Request you to look into this issue or tell me any other alternatives.",59,top_up_failed,8478
"I purchased something and the seller hasn't received the money yet, but it has been deducted from my account.",53,reverted_card_payment?,6847
What's a verification code?,71,verify_top_up,7786
How come there is an extra fee on my statement?,34,extra_charge_on_statement,700
Can you issue both a Visa and a Mastercard to me?,73,visa_or_mastercard,4119
I would like to use cash to make a top-up?,58,top_up_by_cash_or_cheque,7994
Is there any fees associated with receiving money with this account?,56,top_up_by_bank_transfer_charge,1923
Can i have a virtual card?,40,getting_virtual_card,3015
"I received the wrong color and size, can I return it?",52,request_refund,5417
How do I change my details?,30,edit_personal_details,3700
I can't figure out why a transfer is still pending?,48,pending_transfer,5990
what is this fee for transfering,64,transfer_fee_charged,7235
Why would my top up be reverted?,61,top_up_reverted,3181
What was the issue with my topping up?,59,top_up_failed,8587
What is the youngest age for an account?,1,age_limit,1616
Can I get a physical card,43,order_physical_card,8127
I need to cancel my recent transfer. I made a mistake. Please help quickly before the transfer goes through.,8,cancel_transfer,2228
Is it on purpose that my payment has been returned to my account?,53,reverted_card_payment?,6734
What do I do if I have been charged twice?,63,transaction_charged_twice,6393
What countries can I use the card in?,24,country_support,9977
"Need a new card, mine is expiring.",9,card_about_to_expire,9520
Is the 1 pound charge going to be reimbursed on my card?,34,extra_charge_on_statement,711
Can you help me retrieve my card?,41,lost_or_stolen_card,1552
Why can't I transfer money to a beneficiery?,7,beneficiary_not_allowed,7073
I refilled my account balance but got an error message.,61,top_up_reverted,3223
A couple weeks ago there was a debit taken from my account from a transaction I don't recall. Is it possible to trace this transaction to make sure I'm not being scammed?,28,direct_debit_payment_not_recognised,4793
The payment for the card did not go through,25,declined_card_payment,5860
What's my pin number?,38,get_physical_card,4048
I don't know the code for the app.,44,passcode_forgotten,4853
You have declined my  payment.,25,declined_card_payment,5853
My app says I withdraw money from my account from an ATM.,20,cash_withdrawal_not_recognised,8875
My card payment won't work.,25,declined_card_payment,5965
There is a duplicate charge on my account.,63,transaction_charged_twice,6339
A fee shouldn't apply to me if my card was stolen.,41,lost_or_stolen_card,1488
I was expecting my new card by now.,11,card_arrival,135
Are there any restrictions on the disposable cards?,29,disposable_card_limits,4447
I need to know what foreign exchange rate I can get.,32,exchange_rate,313
"Hey, I have my card, how do I get it to show in the app?",13,card_linking,231
How long does it take to activate my card?,0,activate_my_card,9260
I don't have my cell phone with me so I cannot access the system to complete the transaction.,42,lost_or_stolen_phone,5318
"While doing a transfer, it says declined.",27,declined_transfer,5549
I want a virtual card that is disposable,37,get_disposable_virtual_card,8405
my google pay seems to be acting up.,2,apple_pay_or_google_pay,9739
I didn't get the right amount of  cash because of the exchange rate.,76,wrong_exchange_rate_for_cash_withdrawal,8250
"Unbeknownst to me, there was an additional charge on my prior transaction. A notification of sorts should be required and explained before future payments are made.",15,card_payment_fee_charged,2591
Can I get an item refunded?,52,request_refund,5421
I don't think I was supposed to be charged so much.,64,transfer_fee_charged,7292
Is there any cost to change foreign money to local?,31,exchange_charge,8947
"If you to to account, hit activate, and follow the instructions, you can activate it in just a few seconds.",0,activate_my_card,9329
I received the wrong amount of cash from the ATM. Can you help?,75,wrong_amount_of_cash_received,2479
"Hello, I was just went through my recent transaction on my bank account and I just noticed that I was charged twice at a place that ate at this past week. Can I get that second transaction removed from my account?",63,transaction_charged_twice,6411
I see a direct debit payment on my statement that wasn't me,28,direct_debit_payment_not_recognised,4723
Hi. Please can you help me fix a double charge on my card? I'm looking at my transactions and this restaurant I went to earlier in the week has charged me twice! Please remove the additional charge for me.,63,transaction_charged_twice,6423
"I paid with my card and got charged an extra fee, what's up with that?",15,card_payment_fee_charged,2569
What should I do with my stuck ATM?,18,card_swallowed,6305
I need to order a new card as my other one was stolen.,41,lost_or_stolen_card,1534
"Everything seems fine with my account, so why did it decline my payment?",25,declined_card_payment,5945
Why do I have two charges It should only be one charge?,63,transaction_charged_twice,6447
Can I re-link a lost card with the app?,13,card_linking,250
I was attempting to top up with my card but the money has vanished!,62,topping_up_by_card,4292
What about my children?,1,age_limit,1570
What is the expected delivery date of my card?,11,card_arrival,105
Can I have more than 2 disposable cards?,29,disposable_card_limits,4357
"I topped up and went to buy something, but it says that my funds are pending. Is there a way to quicken this process?",47,pending_top_up,1960
How can I change my address?,30,edit_personal_details,3660
Your exchange rates are coming from where?,32,exchange_rate,378
When will my new card arrive?,11,card_arrival,103
How to cancel a transaction,8,cancel_transfer,2125
"I need some help, I thought you guys accepted crypto top ups?? It won't seem to let me do it. I put money in my account and now it's gone and I didn't spend it. Where did it go??",61,top_up_reverted,3259
I wanted to purchase something online but the payment was returned back to me. This has been going on for a couple of weeks. Please tell me what is going on here?,53,reverted_card_payment?,6722
"The expiration date for my card is coming up, how do I get a new card?",9,card_about_to_expire,9575
How long does a payment usually show as pending? Is it normal that mine is still pending?,45,pending_card_payment,5099
Why did I get charged a fee for transferring money?,64,transfer_fee_charged,7271
I did not receive my full withdrawal amount,75,wrong_amount_of_cash_received,2393
where is card accepted,10,card_acceptance,3118
Where do I go to order my card?,43,order_physical_card,8093
Is it possible to refund an item?,52,request_refund,5523
There is unexpected money in my account.,20,cash_withdrawal_not_recognised,8844
what are the reasons I have to proof my identity to you?,74,why_verify_identity,3797
Where is my virtual card?,40,getting_virtual_card,3007
What information do I need to gather in order to activate my card?,0,activate_my_card,9275
I urgently need to transfer something from China. How long can I expect it to take?,67,transfer_timing,6628
How can disposable cards be used?,37,get_disposable_virtual_card,8416
How come my refund hasn't appeared on my statement?,51,Refund_not_showing_up,5689
"I tempted to get some money out of the machine earlier and it did not work.Looking now, the transaction actually shows to still be in progress. I would certainly appreciate someone look into this and let me know what's going on. I definitely do not want to be charged for money I never received.",46,pending_cash_withdrawal,870
how much is the fee for topping by card,57,top_up_by_card_charge,9088
"This is terrible, i want to delete my account",55,terminate_account,6228
How often can I top up my account?,60,top_up_limits,2318
"A WD was just made on my account, but it was not me and I still have my card.  What to do?",20,cash_withdrawal_not_recognised,8815
When do I get my card PIN?,38,get_physical_card,4084
What do I need to do to cancel a transaction?,8,cancel_transfer,2221
Why can't my ID be verified?,68,unable_to_verify_identity,3990
Would it be possible to activate my card?,0,activate_my_card,9289
I don't know how to verify my identity.,69,verify_my_identity,9817
What is the foreign exchange rate you will apply?,32,exchange_rate,354
Has my account been frozen?  I tried to use my card but the ATM would not dispense cash.,26,declined_cash_withdrawal,4981
I think my top up has been reverted,61,top_up_reverted,3159
My bag got stolen with all my cards. Can you please cancel my card and send a new one?,41,lost_or_stolen_card,1498
I didn't enjoy my tutor session and want a refund back. How do I go about doing this?,52,request_refund,5427
The ATM keeps declining my Transaction . I tried two different ATMs already Would you please check if everything is okay with my account?,26,declined_cash_withdrawal,4938
What is the cause of the delay in applying my card payment to my account?,45,pending_card_payment,5203
how do I get my card to show in the app?,13,card_linking,155
My virtual card isn't working.,72,virtual_card_not_working,8171
What is the reason for the extra fee on my statement?,34,extra_charge_on_statement,579
My statement shows different transaction times.,63,transaction_charged_twice,6427
Why is there an extra fee on a transfer?,64,transfer_fee_charged,7284
Can I make a contactless payments?,23,contactless_not_working,1793
My transfer is stuck pending? How do we fix it to it goes through?,48,pending_transfer,6063
How to I close my account?,55,terminate_account,6192
I need info on activating my card?,0,activate_my_card,9314
I want this fee reversed from my account.,52,request_refund,5413
"I tried to withdraw some money from an ATM this morning but wasn't able to get the amount of cash I needed. The amount in the app says what I was trying to withdraw was deducted, but I don't have any money. What do I do about this?",75,wrong_amount_of_cash_received,2410
"I normally have no issues making transfers, so why am I suddenly being told it is not possible?",7,beneficiary_not_allowed,7084
Why is there a cash withdrawal I didn't make?,20,cash_withdrawal_not_recognised,8910
Can my friends top up my account?,62,topping_up_by_card,4243
I am unaware of what my password is.,44,passcode_forgotten,4824
"Hi, I'm in progress of purchasing a flat and am trying to make to make a payment.  An error is appearing, and I need assistance.",35,failed_transfer,7451
Where do I go to verify my identity?,69,verify_my_identity,9822
I think the top up failed,59,top_up_failed,8522
Why is the exchange rate different on my recent purchase?,17,card_payment_wrong_exchange_rate,469
What is needed for my daughter to open an account?,1,age_limit,1569
I have an incorrect charge and would like a refund.,52,request_refund,5402
"Do I have to top up in euros if I use a card, or can I use a different currency?",54,supported_cards_and_currencies,2989
Is it possible to order a card?,43,order_physical_card,8082
My top-up is taking a very long time to complete.,47,pending_top_up,2011
Do I need to do anything? My phone was stolen yesterday.,42,lost_or_stolen_phone,5364
I have a duplicate charge,63,transaction_charged_twice,6332
Are there limits on the virtual cards?,29,disposable_card_limits,4417
Do you offer account services for children and teens?,1,age_limit,1614
How long does it take for my physical card to be delivered.,12,card_delivery_estimate,1112
How long after a failed topup will funds refurn to account,47,pending_top_up,1999
There is a payment on my card that I do not recognize.  I've never seen the name on the transaction before.,16,card_payment_not_recognised,3546
I need a second card on this account for my daughter.,39,getting_spare_card,7826
I lost my wallet and I think someone is withdrawing cash with my card. Please help. It is urgent.,20,cash_withdrawal_not_recognised,8808
Where to check top ups pending?,47,pending_top_up,2076
Do I get a real card?,43,order_physical_card,8154
I tried to use the ATM today but it would not accept my card.,26,declined_cash_withdrawal,5042
My card has been found. Is there any way for me to put it back into the app?,13,card_linking,153
Why can't I top up by cheque?,58,top_up_by_cash_or_cheque,7980
My payment is in the app but hasn't gone through yet,45,pending_card_payment,5227
I know there's an auto-top option but I can not locate it when I look?,4,automatic_top_up,1241
Is there such thing as an auto top-up option?,4,automatic_top_up,1160
The app does not recognize who I am.,68,unable_to_verify_identity,3931
Can I change my in at all ATM's?,21,change_pin,6926
"Recently, a few weeks ago there was a transaction made on my account by some seller that I don't recognize. I am very certain that didn't happen  and will like for you to trace back to make sure.",28,direct_debit_payment_not_recognised,4706
How long will a transfer from the US take?,67,transfer_timing,6621
"I tried to make a withdrawal from the ATM, but it was cancelled.",26,declined_cash_withdrawal,5072
What ID do I need to verify my identity?,69,verify_my_identity,9864
"I tried transferring money to a beneficiary, however, I was unsuccessful.",7,beneficiary_not_allowed,7115
What is the charge for using a Top up card in the US?,57,top_up_by_card_charge,9065
Are money transfers free?,64,transfer_fee_charged,7223
"I tried to top up, but the funds show up as pending. I thought it was instant?",47,pending_top_up,1955
I can't get my card out of the ATM,18,card_swallowed,6268
Why do i have an extra fee on my statement?,34,extra_charge_on_statement,648
I have been trying to make transfers to another account but I keep getting a declined notice. I have checked all of my information more than once and my information is accurate.,27,declined_transfer,5574
I did a transaction this morning and now I want to cancel it.,8,cancel_transfer,2102
What currencies can I hold?,36,fiat_currency_support,918
"Do you hold money and if so, what currencies do you accept?",36,fiat_currency_support,970
I'd like to have it delivered on Saturday.  Is that possible?,12,card_delivery_estimate,1035
I see an unfamiliar Direct Debit payment.,28,direct_debit_payment_not_recognised,4779
Please give me a Mastercard instead.,73,visa_or_mastercard,4147
Are transfers not free? I didn't know I would be charged for transfers.,64,transfer_fee_charged,7249
How can I change my PIN without going to the bank?,21,change_pin,6895
Do I need to set a limit on auto top-up?,4,automatic_top_up,1135
What is the process for setting up and account for my child?,1,age_limit,1571
Is there a reason my transfer failed?,35,failed_transfer,7479
Can my 8 year old grandson open an account at the bank?,1,age_limit,1589
What needs to be provided for identity verification?,69,verify_my_identity,9823
What's the fee for exchange of foreign currencies?,31,exchange_charge,9048
I paid with my card so so why was I charged a transaction fee?,15,card_payment_fee_charged,2516
My transaction is on the wrong account.,8,cancel_transfer,2189
There's a payment showing in the app today even though I have not used my card at all. I want a refund.,28,direct_debit_payment_not_recognised,4757
Why are you charging me fees for using my card?,15,card_payment_fee_charged,2535
What is the process to change my PIN?,21,change_pin,6999
"If I bought something I didn't like, can I get a refund?",52,request_refund,5406
"How do I know what my account is set to, I am paid in GBP?",50,receiving_money,7370
How long does transfers take?,5,balance_not_updated_after_bank_transfer,8671
I was charged and shouldn't have been charged when using my card!,15,card_payment_fee_charged,2595
My card payment has been cancelled,53,reverted_card_payment?,6741
Is there any way to get my salary in a different currency?,50,receiving_money,7407
I didn't make this payment and it's on my app,16,card_payment_not_recognised,3601
I requested for a top-up but it has not reflected,59,top_up_failed,8557
A refund for a recent return has not arrived on my card.,51,Refund_not_showing_up,5798
Where should I withdraw money from?,3,atm_support,4570
Can I get a refund?,52,request_refund,5534
I didn't receive my money earlier and it says the transaction is still in progress. Can you fix it?,46,pending_cash_withdrawal,799
"I'm looking at my statement, and my refund is not on there.",51,Refund_not_showing_up,5807
"My son has just turned 13, is he old enough for an account?",1,age_limit,1654
What is the exchange rate for EUR?,32,exchange_rate,345
Is it possible to get a real card?,43,order_physical_card,8125
I need to get some Euros for my holiday. Am I able to exchange some of my money?,33,exchange_via_app,1394
"What do I do with my ""decline"" message on a transfer?",27,declined_transfer,5621
Hi! What documents can I use to verify my identity?,69,verify_my_identity,9787
My card is about to expire.  Are there any costs with a replacement card?  How quick do you mail it to me?,9,card_about_to_expire,9562
need to know where money comes from,70,verify_source_of_funds,6485
I can't see all the refunds in my statement,51,Refund_not_showing_up,5743
"My top-up was cancelled, could my bank be the problem?",61,top_up_reverted,3226
"I think someone might have a copy of my card because a 500 dollar withdrawal was made, and it wasn't me. Can you please help?",20,cash_withdrawal_not_recognised,8917
Why have I been charged a fee for card payment?,15,card_payment_fee_charged,2605
"When I went to get cash, it was declined!",26,declined_cash_withdrawal,4962
Why is my balance still the same after a cheque deposit?,6,balance_not_updated_after_cheque_or_cash_deposit,3367
Show me how to verify my identity?,69,verify_my_identity,9782
my payment was rejected,25,declined_card_payment,5896
I couldn't pay with my card,25,declined_card_payment,5863
Can you look into why my most recent top-up is showing as pending? I thought it was supposed to be instantaneous.,47,pending_top_up,2050
Do you limit my top-offs?,60,top_up_limits,2298
When are you going to activate my card?,0,activate_my_card,9235
"Hi, I made a transfer yesterday that I need to reverse.  I need to put the money in a different account.",8,cancel_transfer,2161
How can i make my card active?,0,activate_my_card,9284
Is there a discount for multiple currency exchanges?,31,exchange_charge,9061
I submitted a transaction but it was for the incorrect account.,8,cancel_transfer,2115
Can you deliver the PIN separately?,38,get_physical_card,4097
I want my purchases cancelled.,52,request_refund,5482
"phone is at a hotel, can i still use app",42,lost_or_stolen_phone,5371
Can you explain your exchange rates basis?,32,exchange_rate,383
Does the package with my card have tracking?,11,card_arrival,8
My card seems to not be working at all.,14,card_not_working,1264
I would prefer a Mastercard.,73,visa_or_mastercard,4224
Can someone please explain to me where my source of funds came from?,70,verify_source_of_funds,6582
I need to transfer funds from my other bank account into this bank account.,65,transfer_into_account,7642
Will my card be here soon?,12,card_delivery_estimate,1101
"My card payment reverted back, I think.",53,reverted_card_payment?,6857
Can I use app to unblock my card?,49,pin_blocked,1691
Why am I being charged to transfer funds?,64,transfer_fee_charged,7182
If I order a card when does it arrive?,12,card_delivery_estimate,1040
How can I get a refund for a purchase?,52,request_refund,5483
I was charged for the same thing twice,63,transaction_charged_twice,6319
What was I charged a fee for card payment?,15,card_payment_fee_charged,2582
When I received my cash; they had my exchange rate incorrect.,76,wrong_exchange_rate_for_cash_withdrawal,8324
I made a payment and it was reverted and wanted to know why?,53,reverted_card_payment?,6733
Can I top-up my card using a bank transfer.,65,transfer_into_account,7654
I could not get my card to work at a shop.,25,declined_card_payment,5911
can i add funds  with a card from the united states,54,supported_cards_and_currencies,2979
passcode retrieval,44,passcode_forgotten,4847
I lost my phone! Will my card still work?,42,lost_or_stolen_phone,5265
I tried to use my card to withdrawal money from the ATM in Notting Hill but it didn't work. This is the first time I've tried using it. Is my card working?,26,declined_cash_withdrawal,4927
Is it free to exchange currency?,31,exchange_charge,9041
Is there any way to know how the transaction got on my account?,16,card_payment_not_recognised,3579
Please explain the charge of 1L in error.  I have purchased nothing in this amount.,34,extra_charge_on_statement,720
what to do about stolen phone,42,lost_or_stolen_phone,5328
I would like to change my address.,30,edit_personal_details,3681
Can you tell me more about limits to disposable virtual cards?,29,disposable_card_limits,4419
How do you determine the exchange rate?,32,exchange_rate,402
I am travelling and I tried to withdraw cash but didn't get what I was supposed to get.,76,wrong_exchange_rate_for_cash_withdrawal,8358
Is there a maximum for top-ups?,60,top_up_limits,2301
Can I have another card in addition to my first one?,39,getting_spare_card,7922
Why won't you let me name X as a beneficiary?,7,beneficiary_not_allowed,7071
When I made a cash transfer abroad the wrong exchange rate was applied,76,wrong_exchange_rate_for_cash_withdrawal,8232
My card is no longer lost. How do I enter it back into the app?,13,card_linking,190
I didn't get all the money I asked for,75,wrong_amount_of_cash_received,2488
I think a payment I made with a card was cancelled.,53,reverted_card_payment?,6848
Will any ATM's decline my card?,3,atm_support,4573
I forgot my pin and am blocked now. Can I reset it somewhere?,49,pin_blocked,1741
how much for topping up by card?,57,top_up_by_card_charge,9134
Why did the ATM cancel my transaction,26,declined_cash_withdrawal,5084
Can you help me transfer money into my friend's bank account? I tried to do it but it keeps rejecting me. I need to get the money in there asap. I have enough and all the account info is correct.,35,failed_transfer,7461
How to access my virtual card,40,getting_virtual_card,3066
My card's expiration date is close.,9,card_about_to_expire,9584
"
Do I need to go to a physical bank to change my PIN?",21,change_pin,6965
I tried to do a transfer but I got a message that it was declined.,27,declined_transfer,5617
How can I dispute a direct debit transaction?,28,direct_debit_payment_not_recognised,4689
The money that I have transferred hasn't arrived yet.,5,balance_not_updated_after_bank_transfer,8664
My money transaction hasn't arrived.,66,transfer_not_received_by_recipient,2704
I tried topping up for the first time today since I am a new customer. It doesn't appear that it's working. It has been pending for at least half an hour. Please take care of this.,47,pending_top_up,2028
Why did my top-up not go through?,61,top_up_reverted,3269
I need to cancel a transfer I made.,8,cancel_transfer,2108
How do I add my new card to the app?,13,card_linking,239
What can I use to verify my identity?,69,verify_my_identity,9847
Why would my transfer be declined?,27,declined_transfer,5557
Why is my transfer pending?,48,pending_transfer,6018
How do I change my last name?,30,edit_personal_details,3768
I must make several disposable cards every day.,29,disposable_card_limits,4415
I am waiting on the refund,51,Refund_not_showing_up,5710
ATM is broken. It did not give me the full amount (30 pounds.)  I'm standing here with only 10 pounds and it's telling me it gave me 30 pounds. I need assistance now!,75,wrong_amount_of_cash_received,2384
I am waiting for the money to enter my account. How long does it take?,67,transfer_timing,6609
I want to request a physical card,43,order_physical_card,8075
Are there any places that I can't use the disposable cards at?,29,disposable_card_limits,4439
I keep checking my statements but nothing shows up.I requested a refund a long time ago but seems like it's not submitting my account for some reason. Can you please help me get the money back from the seller for me,51,Refund_not_showing_up,5800
What's the transfer time from Europe?,67,transfer_timing,6703
Is a physical card also available,43,order_physical_card,8072
Is there a fee for topping off by transfer?,56,top_up_by_bank_transfer_charge,1898
I used my card to make a payment and wondered why the payment was reverted?,53,reverted_card_payment?,6780
I would like to pay by cheque.,58,top_up_by_cash_or_cheque,8015
I'd like to transfer funds using my credit card.,62,topping_up_by_card,4323
"If I add money with an international card, are there any fees?",57,top_up_by_card_charge,9160
I can't access my money. Is it because somethings wrong with the top-up? I set it up correctly.,59,top_up_failed,8594
Why is it taking so long for my pending transaction to post as cleared?,48,pending_transfer,6014
Are there specific ATM's that I can draw money from?,3,atm_support,4563
What can I do if my card details where stolen from my car? I think they used my card to buy gas.,22,compromised_card,4478
I need help making this transfer. I keep getting an error. I'm trying to purchase a flat but i need my mortgage payment to go through first. Can you help?,35,failed_transfer,7539
My card couldn't pay in a shop.,25,declined_card_payment,5887
Why do you have the identity check,74,why_verify_identity,3776
What was the extra charge for using my card?,15,card_payment_fee_charged,2652
I can use this card at which ATMs?,3,atm_support,4545
The app passcode has completely slipped my mind.,44,passcode_forgotten,4867
A payment I made is for a wrong amount can you help me correct the mistake.,8,cancel_transfer,2169
The cash I asked for still hasn't been received,75,wrong_amount_of_cash_received,2470
I would like to cancel my purchase.,52,request_refund,5460
What type of fiat currencies do you support?,36,fiat_currency_support,950
How much can I top up in a day?,60,top_up_limits,2256
The app doesn't believe that I am myself,68,unable_to_verify_identity,3980
Will I be charged a fee for a SEPA transfer?,56,top_up_by_bank_transfer_charge,1821
What is the reason for the identity check,74,why_verify_identity,3792
Is my PIN sent separably?,38,get_physical_card,3995
I need a new card before it expires.,9,card_about_to_expire,9554
Is it possible for me to top up with Google Pay?,2,apple_pay_or_google_pay,9711
Do I need to pay more for exchanging currencies?,31,exchange_charge,9055
I need to transfer something to China. It is urgent. How many days will it take to get there?,67,transfer_timing,6650
Am I able to modify my account details?,30,edit_personal_details,3665
Why are you keeping my money from me by declining my card? What is going on?,59,top_up_failed,8543
Is USD free to top up with a US card?,57,top_up_by_card_charge,9125
Why do I have a transaction showing up more than once?,63,transaction_charged_twice,6383
The rate applied to my purchase in a foreign currency was wrong.,17,card_payment_wrong_exchange_rate,473
Can I use my card for online payments?,10,card_acceptance,3135
Is it possible for friends to top up my account?,62,topping_up_by_card,4287
Can I pay with my card anywhere?,10,card_acceptance,3146
What are the steps that I need to take to activate a new card?,0,activate_my_card,9272
Why is there a 1 euro fee on my statement?,34,extra_charge_on_statement,573
How do I know where my money comes from?,70,verify_source_of_funds,6540
What exchange rate will I receive?,32,exchange_rate,315
"I desperately need to transfer something from China, Please give me the wait time.",67,transfer_timing,6600
Why did you revert my top-up?,61,top_up_reverted,3228
Can my account me accessed by a thief?  I was mugged.,42,lost_or_stolen_phone,5297
I can't activate my card?,0,activate_my_card,9297
What services can I use to top up?,2,apple_pay_or_google_pay,9734
Do I get an actual card?,43,order_physical_card,8131
My statement shows and extra 1$ that was charged to it and I would like to know why.,34,extra_charge_on_statement,709
Can I verify my top-up card?,71,verify_top_up,7767
Please help me cancel a transaction.,8,cancel_transfer,2121
i have a pending top-up,47,pending_top_up,2007
There are a few payments in the app that I didn't make! Does someone else have my card?  What should I do?,16,card_payment_not_recognised,3633
Is it possible for a friend to personally send me a payment?,50,receiving_money,7365
Which cards do you support for top up?,54,supported_cards_and_currencies,2993
I have yet to receive my virtual card,40,getting_virtual_card,3051
Do I need to verify my top-up?,71,verify_top_up,7711
How does a US resident go about acquiring a new card?,24,country_support,9896
Is it possible to get a card when i'm not in the UK?,24,country_support,9934
I was wrongfully charged one pound.,34,extra_charge_on_statement,604
I forgot my password to get into the app!,44,passcode_forgotten,4832
still need to get card pin,38,get_physical_card,4063
When will my top-up happen?,47,pending_top_up,1946
Can you please assist on my item that needs to be refunded?,52,request_refund,5426
Can you assist me in acquiring a virtual card?,40,getting_virtual_card,3055
How much will I be charged for a cross-currency exchange?,31,exchange_charge,8960
I don't know where my phone is.,42,lost_or_stolen_phone,5323
"My money is gone. I had topped up recently and saw it was there, but now it's disappeared, what's going on?",61,top_up_reverted,3213
What can I do if my card still hasn't arrived after 2 weeks?,11,card_arrival,1
I would like to know where the funds are at.,70,verify_source_of_funds,6521
What happens if the ATM gives me the wrong amount of money?,75,wrong_amount_of_cash_received,2444
"I want to top up my account by a bank transfer, but will I be charged?",56,top_up_by_bank_transfer_charge,1886
"Hi, I draw out some money from the ATM today. The ATM has given me wrong amount and the application is displaying more amount than i withdraw.",75,wrong_amount_of_cash_received,2370
I need a Visa and a Mastercard from you.,73,visa_or_mastercard,4197
There is a pending 1£ charge on my statement.  I haven't purchased anything for 1£.  Why is it on my statement?,34,extra_charge_on_statement,580
"My PIN seems to be blocked, help me access it?",49,pin_blocked,1761
I didn't get the correct amount of money from the ATM machine,75,wrong_amount_of_cash_received,2342
My card won't work right now.,14,card_not_working,1350
who should i contact if my refund doesn't go through?,51,Refund_not_showing_up,5761
What is the length of time for one of these items to come to the U.S?,12,card_delivery_estimate,1052
"How long does it take to transfer from china? Is there a way to transfer it quickly, I need it urgently?",67,transfer_timing,6649
What credit cards do you carry,73,visa_or_mastercard,4126
I have no more money in my account.  Is there a way to do a bank transfer to put money into my account?,65,transfer_into_account,7641
"I did not get my virtual card yet, Why?",40,getting_virtual_card,3094
Will my money be of equal value when I travel abroad?,32,exchange_rate,293
Top-up is loaded into the card and no update.,47,pending_top_up,1978
Is there a limit to a disposable virtual card?,29,disposable_card_limits,4403
How much do I need to pay for a transfer?,56,top_up_by_bank_transfer_charge,1870
The app says I made a cash withdrawal even though I didn't.,20,cash_withdrawal_not_recognised,8824
Why has my top up failed?,59,top_up_failed,8503
I was charged a fee for a transfer. Where did it come from?,64,transfer_fee_charged,7318
My credit card did not go through. Can you see if it has insufficient funds?,59,top_up_failed,8490
How long do I have to wait for my bank transfer to appear in my account?,5,balance_not_updated_after_bank_transfer,8759
When do I get my PIN?,38,get_physical_card,4015
One of my payments was doubled,63,transaction_charged_twice,6389
Why can't I transfer money to a beneficiary,7,beneficiary_not_allowed,7059
"I'm looking in the App and can't find my PIN, where should I look?",38,get_physical_card,4089
"Hi, I made a transfer from France two days ago and thought it would be here by now. Can you give me an update please?",5,balance_not_updated_after_bank_transfer,8652
Why isn't the transfer I made to a friend showing?,66,transfer_not_received_by_recipient,2858
I have a transfer that was approved that I'm urgently waiting for. How long am I supposed to wait for it?,48,pending_transfer,6129
Why was I charged a higher exchange rate when I bought something abroad?,17,card_payment_wrong_exchange_rate,550
What type of ID do you accept?,69,verify_my_identity,9833
"Can I change my pin at ATMs?  If so, what ones?",21,change_pin,6993
Where can I find the verification code for the card top-up?,71,verify_top_up,7710
I'm not sure where my phone is.  Can someone else use the app?,42,lost_or_stolen_phone,5357
I need to cancel my card.  There are a few charges from a couple days ago that I didn't make.  Can I get credit for these charges?,16,card_payment_not_recognised,3644
I made a transfer to my friend earlier and she hasn't received it yet.  What's the hold up?,66,transfer_not_received_by_recipient,2826
What I topped up was reverted by the app.,61,top_up_reverted,3211
"I got a transfer fail message, but no explanation of why-- what happened?",35,failed_transfer,7469
So I just went to the ATM to get some cash.  I input that I needed 100 pounds but I only got 80.  I have the receipt  and I am in need of the extra money.  How do I go about obtaining the missing amount?,75,wrong_amount_of_cash_received,2506
There is an extra 1£ charge on my app. Why did you charge me extra?,34,extra_charge_on_statement,706
What should I do if I have used all of my PIN tries?,49,pin_blocked,1737
For topping-up is there a charge?,56,top_up_by_bank_transfer_charge,1861
Why was i charged for making a withdrawal? After i went grocery shopping i withdrew some money from my account and now there is another charge.,19,cash_withdrawal_charge,9367
Do you supply both Visa and Mastercard?,73,visa_or_mastercard,4234
My credit card was just denied for top up! Can you tell me why this happened and what's going on?,59,top_up_failed,8523
How old do you need to be to open an account?,1,age_limit,1613
Why is my identification required?,74,why_verify_identity,3783
"Why, when paying with the card, was I charged an extra fee?",15,card_payment_fee_charged,2559
"I need to deposit my virtual card, how do i do that.",37,get_disposable_virtual_card,8463
Why didn't the ATM give me all my money,75,wrong_amount_of_cash_received,2385
I can't find the card PIN.,38,get_physical_card,4082
I was trying to top-up and my credit card was declined. Can you tell me why?,59,top_up_failed,8595
There is a strange charge on my debit statement,28,direct_debit_payment_not_recognised,4637
"I needed some cash while abroad, and I'm pretty sure the wrong exchange rate was applied.",76,wrong_exchange_rate_for_cash_withdrawal,8274
This transaction needs both a Visa and a Mastercard.,73,visa_or_mastercard,4198
Tell me why my transfer was declined.,27,declined_transfer,5614
Who gets support?,24,country_support,9891
I can't see a verification code anywhere,71,verify_top_up,7724
"I can't figure out why I haven't gotten my cash, when I already put the check in the bank.",6,balance_not_updated_after_cheque_or_cash_deposit,3324
I have a duplicate payment on my card.,63,transaction_charged_twice,6326
What are the steps to reset my passcode?,44,passcode_forgotten,4822
"My card couldn't complete a transfer, why?",35,failed_transfer,7488
I received the wrong amount of cash.,75,wrong_amount_of_cash_received,2434
I want to find out what happened to my new card?,11,card_arrival,59
Am I charged more for using the ATM?,19,cash_withdrawal_charge,9377
What are the charges for receiving a SEPA transfer?,56,top_up_by_bank_transfer_charge,1819
Explain why my top up has been reverted please.,61,top_up_reverted,3236
Why does my statement have an extra fee?,34,extra_charge_on_statement,638
What should I do about a direct debit that I did not set up?,28,direct_debit_payment_not_recognised,4794
My phone is at the hotel.  How can I use the app?,42,lost_or_stolen_phone,5303
"I just checked my statement and saw a $1 charge, why is it there?",34,extra_charge_on_statement,606
Why hasn't my transaction arrived to my friend yet?,66,transfer_not_received_by_recipient,2850
"While abroad, I got cash, and the exchange rate applied is wrong.",76,wrong_exchange_rate_for_cash_withdrawal,8223
What are the age limits for your service?,1,age_limit,1651
How long do I wait for my PIN,38,get_physical_card,4062
My funds are not transferring to my bank. Why is this not working?,7,beneficiary_not_allowed,7079
I did a transfer and I was charged a fee that shouldn't be there!,64,transfer_fee_charged,7255
Where can I find a list of descriptions the disposable cards have?,29,disposable_card_limits,4398
I'm still waiting for my card.,11,card_arrival,91
I do not recognize the card payment.,16,card_payment_not_recognised,3495
Card activation steps,0,activate_my_card,9290
Why was I charged this extra fee while doing a transfer?,64,transfer_fee_charged,7217
How is my ATM deposit not available yet?,46,pending_cash_withdrawal,834
How do I unlock my account after typing in the wrong PIN too many times?,49,pin_blocked,1774
I want to reverse a transaction I did this morning,8,cancel_transfer,2156
What is the exchange looking like?,32,exchange_rate,296
Please help.  The card won't work.,14,card_not_working,1307
How can my friend pay me?,50,receiving_money,7413
I transferred some money a couple days ago but haven't received it yet. How long should I expect to wait?,5,balance_not_updated_after_bank_transfer,8764
I want a new card,39,getting_spare_card,7869
I have an outgoing transfer,48,pending_transfer,6104
How can my account have money transferred into it?,65,transfer_into_account,7580
Are new cards available from China?,9,card_about_to_expire,9617
What do I do if I think someone has used my card without permission? I can see a few transactions I don't recognize.,22,compromised_card,4523
How to a go about ordering a disposable virtual card?,37,get_disposable_virtual_card,8461
I did a card payment but its status is still coming as pending. Please check and inform when it would complete.,45,pending_card_payment,5184
I am confused about your fee structure and was disappointed to see a fee for my transfer.,64,transfer_fee_charged,7261
Why would I need a disposable card?,37,get_disposable_virtual_card,8394
Why is my identity verification process not working?,68,unable_to_verify_identity,3967
What are the restrictions on auto top-up?,4,automatic_top_up,1217
Is there a auto top-up option?,4,automatic_top_up,1132
I want to top up my account with a cheque,58,top_up_by_cash_or_cheque,7957
I need to cancel a purchase that I made the other day.,52,request_refund,5382
Can someone please tell me how much I can top-up?,60,top_up_limits,2305
how do I speed up identity verification?,74,why_verify_identity,3857
why was i charged a small amount,34,extra_charge_on_statement,653
Can I put my old card back in the app?,13,card_linking,200
I am having problems with my physical card.,14,card_not_working,1340
What does it mean if my payment was reverted?,53,reverted_card_payment?,6816
What is the reason I got rejected for using my disposable virtual card to pay a subscription to the gym?,72,virtual_card_not_working,8191
"I have a card that expires in the coming month, do I have to specifically ask for the updated card?",9,card_about_to_expire,9605
"How can I close my account, I don't want it.",55,terminate_account,6168
I'm looking to get an additional card.,39,getting_spare_card,7901
I am very upset that i went to use my new card today and it kept getting declined. Why is this happening and what do I do to not have it declined?,25,declined_card_payment,5845
Why am I being charged extra when I withdrew money?,19,cash_withdrawal_charge,9342
Can I activate a card in the app?,13,card_linking,225
I used my card the other day to get cash from an ATM and was charged an extra fee. I don't understand why I am being charged a fee all of a sudden. I thought it was free to withdraw from an ATM?,19,cash_withdrawal_charge,9486
"My statement shows a 1£ purchase pending. I do not remember making this purchase, please let me know what this is about.",34,extra_charge_on_statement,615
"What stopped my transfer, from being accepted?",35,failed_transfer,7505
Where in the European Union can I get a card?,24,country_support,9982
"It's declining my transfers. Normally this works, but my card is being declined now and I've tried more than once.",27,declined_transfer,5609
I need to deposit money to my account,65,transfer_into_account,7588
What is the extra fee that was added when I used the card?,15,card_payment_fee_charged,2692
How old do kids have to be to open an account?,1,age_limit,1627
How can I pay for top-ups?,54,supported_cards_and_currencies,2971
I don't know why my card payment did not work,25,declined_card_payment,5926
There's a cash withdrawal on my account that I didn't make,20,cash_withdrawal_not_recognised,8909
How do I terminate my account.,55,terminate_account,6191
$20 came out instead of $100,75,wrong_amount_of_cash_received,2465
What is this cash withdrawal on my statement?,20,cash_withdrawal_not_recognised,8825
My card is lost!  Please help me!,41,lost_or_stolen_card,1493
where is the code for verifying the top up card?,71,verify_top_up,7679
Why do some of my payments have fees?  I don't understand.,15,card_payment_fee_charged,2609
How long do I have to wait for the transfer to be finalized?,48,pending_transfer,6007
I did not make a cash withdrawal that is on my statement,20,cash_withdrawal_not_recognised,8880
Can the card be mailed to Europe?,24,country_support,9890
What should I do if I can't prove my identity.,68,unable_to_verify_identity,3950
"how long does it take to transfer money, my retailer is waiting",66,transfer_not_received_by_recipient,2727
What's the foreign exchange rate I will receive?,32,exchange_rate,312
What currencies are supported?,36,fiat_currency_support,951
What are the disposable cards restrictions?,29,disposable_card_limits,4354
What are my payment options?,54,supported_cards_and_currencies,2936
Can I use cash to top up,58,top_up_by_cash_or_cheque,8041
When will my top up process?,47,pending_top_up,2063
I have yet to receive the cash I added to my account this morning.,6,balance_not_updated_after_cheque_or_cash_deposit,3340
How do I request a refund?,52,request_refund,5479
I am having trouble activating my card.,0,activate_my_card,9241
"I don't know my PIN, how can I find that out?",38,get_physical_card,4011
Is it possible to do auto top up?,4,automatic_top_up,1145
Why are the payments being declined on my new card?  I tried several times to use my new card to pay for my gas at the Shell station in my neighborhood.  I am very distressed about my new card not working.,25,declined_card_payment,5970
Is American Express supported for adding funds?,54,supported_cards_and_currencies,2909
Where are you cards supported?,24,country_support,9875
The wrong exchange rate was used when I purchased an item.,17,card_payment_wrong_exchange_rate,504
How can I top up with Apple Pay?,2,apple_pay_or_google_pay,9768
I have been charged an extra fee when buying from your store. Why is this?,15,card_payment_fee_charged,2623
Is my card broken? I can't get cash out of the ATM,26,declined_cash_withdrawal,4954
How do i set up my credit card to send transfers?,62,topping_up_by_card,4297
"I have an account at another bank, but I want to transfer some of the money to my account here.
.",65,transfer_into_account,7602
What do I do if my card was stolen.,41,lost_or_stolen_card,1545
I was issued a new card a week ago but still haven't received it. How long will it be until I receive it?,11,card_arrival,137
Why is my identity not verified?,68,unable_to_verify_identity,3966
Why hasn't my top up gone through?,47,pending_top_up,1995
"Visa and MasterCard, can I get them both?",73,visa_or_mastercard,4182
"I locked myself out of my account, how do I unblock my PIN?",49,pin_blocked,1671
Is it possible to exchange USD and GBP on the app?,33,exchange_via_app,1424
My identity verification is not working.,68,unable_to_verify_identity,3968
There is a payment with my card which i definitely did not make by me .Never seen that it before.,16,card_payment_not_recognised,3600
"Could I reactivate my card please, I couldn't find it but it turns out it was in my jacket pocket.",13,card_linking,243
Help me figure out why my transfer was declined,27,declined_transfer,5612
My top-up didn't go through,59,top_up_failed,8512
There's a payment with my card that I didn't perform. I don't know that name shown.,16,card_payment_not_recognised,3482
"My card has been stolen. I reported it with the police, but I need to report it with you as well.",41,lost_or_stolen_card,1489
I have a charge for something I didn't buy.,16,card_payment_not_recognised,3507
"My pin needs unblocking, unblock it please?",49,pin_blocked,1680
I'm interested in learning more about product refunds.,52,request_refund,5379
Can you tell me how transferring money into my account works?,65,transfer_into_account,7645
"I deposited some cash but it hasn't shown up in my account yet, what's going on?",6,balance_not_updated_after_cheque_or_cash_deposit,3342
At what ATM can I change my PIN?,21,change_pin,7001
can i deposit a check here?,58,top_up_by_cash_or_cheque,7992
I had the wrong exchange rate applied to some cash I got abroad.,76,wrong_exchange_rate_for_cash_withdrawal,8301
Is the ATM broken? I can't get cash from it.,26,declined_cash_withdrawal,4976
I don't think that my top-up worked.,59,top_up_failed,8498
How does your app transfer the money,65,transfer_into_account,7658
Are you ripping people off with the exchange rate?  It can't be that atrocious between banks.,17,card_payment_wrong_exchange_rate,538
My card is about to expired what will happen?,9,card_about_to_expire,9579
I think that there was an error in calculating the exchange rate.  I recently withdrew cash and received much less than expected.,76,wrong_exchange_rate_for_cash_withdrawal,8332
Is there a way to use this app with a disposable virtual card?,37,get_disposable_virtual_card,8441
What would be a reason my transfer got declined?,27,declined_transfer,5601
"There has been an unusual withdrawal from my account, can you help?",20,cash_withdrawal_not_recognised,8942
I think my card is stolen!,41,lost_or_stolen_card,1499
My account was charged a fee. When did you start charging extra for card payments?,15,card_payment_fee_charged,2593
My card was declined at a restaurant today and I don't know what the problem is.,14,card_not_working,1271
I need help with understanding why my card is not working.,14,card_not_working,1342
What is going on with it saying my card payment was declined?,25,declined_card_payment,5956
Are my contactless settings correct? I tried to use it today but it wasn't working.,23,contactless_not_working,1813
Can i use this card at any store?,10,card_acceptance,3153
How long does it take in Europe to do a transfer?,67,transfer_timing,6645
"The exchange rate you're using is terrible - this can't be the official interbank exchange rate, can it?",17,card_payment_wrong_exchange_rate,512
My password doesn't work.,44,passcode_forgotten,4851
How do I fix a payment that was reverted,53,reverted_card_payment?,6784
Please delete my account and personal information.,55,terminate_account,6233
Can it specifically be delivered on a certain date?,12,card_delivery_estimate,1006
How do I receive a disposable virtual card?,37,get_disposable_virtual_card,8449
Please delete my account now.,55,terminate_account,6211
This is the first time I've tried to get my money out of an ATM and it didn't work. Please give me my money,26,declined_cash_withdrawal,5070
I want to apply for a Visa card.,73,visa_or_mastercard,4118
I sent you a cheque a few days ago and I noticed that nothing has happened yet. Can you tell me the status of my cheque please?,6,balance_not_updated_after_cheque_or_cash_deposit,3372
I need a new card because the ATM took mine.,18,card_swallowed,6256
My top-up failed to go through.,59,top_up_failed,8611
HOW LONG THE CARD VALIDITY,14,card_not_working,1263
Do I have to pay for a second card?,39,getting_spare_card,7849
There's a cash withdrawal that  didn't make that is showing up.,20,cash_withdrawal_not_recognised,8890
How do I stop fraud to my account?,22,compromised_card,4464
My recent transfer didn't go through - why not?,27,declined_transfer,5584
I wish to use my American Express to put funds into my account.,54,supported_cards_and_currencies,2901
There's a direct debit payment that I don't recognize.,28,direct_debit_payment_not_recognised,4711
I requested $100 but only got $20,75,wrong_amount_of_cash_received,2404
How do I verify my identity online,69,verify_my_identity,9774
I need to change my contact information.,30,edit_personal_details,3756
I'm trying to activate the auto-top up function. Where is it?,4,automatic_top_up,1193
What country's money can I hold currency in?,36,fiat_currency_support,958
What is with the need to have all my ID information?,74,why_verify_identity,3834
How can I exchange to EUR?,36,fiat_currency_support,965
Why is this payment on my app,16,card_payment_not_recognised,3552
How long until transfers from Europe go through?,67,transfer_timing,6653
There has been a transfer pending in my account and I wanted to know how long it is going to take to go  through.,48,pending_transfer,6086
Can I reactivate my card? I reported it lost and found it this morning in my jacket.,13,card_linking,234
How do I change my currency to another?,33,exchange_via_app,1384
Some cash has been withdrawn but I didn't do it.,20,cash_withdrawal_not_recognised,8905
My payment has not been accepted.,53,reverted_card_payment?,6809
When can I expect my transfer to reach my account?,67,transfer_timing,6677
"I needed to send my friends some money urgently.  I tried multiple times to transfer the money this morning, but the transfer keeps failing.  Can you tell me why the transfer is getting rejected?",35,failed_transfer,7501
My top up is giving me problems. What is wrong with it?,59,top_up_failed,8493
I would like to know how to transfer money into my account.,65,transfer_into_account,7606
How to order my card?,43,order_physical_card,8111
Can you tell me why my top-up failed?,59,top_up_failed,8513
Is the fee with my cash withdrawal a mistake?,19,cash_withdrawal_charge,9361
How do I avoid a fee to use an ATM?,19,cash_withdrawal_charge,9375
"i received my American Express in Apple pay, is there a reason why top up is not working?",2,apple_pay_or_google_pay,9729
I would like a physical card,43,order_physical_card,8067
Where's my virtual card,40,getting_virtual_card,3025
I cannot try my PIN anymore.,49,pin_blocked,1686
what currencies can i use to add money to my account,54,supported_cards_and_currencies,2915
Do all businesses take this card?,10,card_acceptance,3150
What countries do your accounts send and receive to?,24,country_support,9894
I have a fee showing from last time I used my card.,15,card_payment_fee_charged,2548
Who do I talk to for transactions debited twice?,63,transaction_charged_twice,6338
Did a card payment that I made get cancelled?,53,reverted_card_payment?,6868
Hello I changed my mind and really need a refund on something I bought recently. Can you please cancel the transaction and get me my money back. Please it's urgent.,52,request_refund,5449
I only got $20 of the $100 that I attempted to withdraw.,75,wrong_amount_of_cash_received,2369
Why is my ATM withdrawal still pending?,46,pending_cash_withdrawal,744
What is the reason my top-up is still pending?,47,pending_top_up,1948
"My top-up was supposed to be done, but now the money is gone! Is there a glitch in your system?",61,top_up_reverted,3180
Is this card available to United States Residents?,24,country_support,9992
How can I solve my issue with holding multiple currencies?,36,fiat_currency_support,927
When will the transaction go through?,45,pending_card_payment,5160
Can I change my pin at an atm?,21,change_pin,6904
I made a transfer and was charged an extra fee!,64,transfer_fee_charged,7307
I need to exchange a currency - can I do that here?,33,exchange_via_app,1448
Canceling my order is what I need to do right now.,52,request_refund,5510
WHY IS THERE AN EXTRA FEE FOR USING THE ATM??!!!,19,cash_withdrawal_charge,9360
How do I order a new card? The current one is about to expire.,9,card_about_to_expire,9558
I just made a transfer from a UK account. How long does that typically take to show up? I just want to make sure it worked alright.,5,balance_not_updated_after_bank_transfer,8632
My ATM transaction was cancelled.,26,declined_cash_withdrawal,4944
Please tell me which fiat currencies you support.,36,fiat_currency_support,952
I bought something online a week ago and i never got it in the mail.Can I just get my money back now I don't want to keep waiting on something that isn't going to show up.,52,request_refund,5456
How can I get my money that I didn't get from the ATM?,75,wrong_amount_of_cash_received,2486
i withdrew cash and dont see it reflected on the balance,46,pending_cash_withdrawal,803
Are there fees for adding money with an International card?,57,top_up_by_card_charge,9164
Why am I not allowed to transfer money to my cryptocurrency exchange?,7,beneficiary_not_allowed,7034
Is there a specific date i can have it delivered?,12,card_delivery_estimate,1060
I made a transfer a couple hours ago but my balance has not been updated. Why is this? Shouldnt this be instant?,5,balance_not_updated_after_bank_transfer,8737
What steps do I need to take for the identity checking process?,69,verify_my_identity,9798
My card expires soon,9,card_about_to_expire,9631
I asked for cash but I did not receive all the funds,75,wrong_amount_of_cash_received,2492
I would like to terminate my account.,55,terminate_account,6212
What commission do you take for currency exchage?,31,exchange_charge,9064
I completed I transfer the day before yesterday in this country. The transfer still is not complete. I've checked on the account number multiple times to make sure that it is the right one. Can you check to see what's going on with this?,66,transfer_not_received_by_recipient,2779
I have a payment that I didn't make.,16,card_payment_not_recognised,3560
Am I permitted to have a spare card?,39,getting_spare_card,7847
Why was I denied the option to transfer money to a selected beneficiary?,7,beneficiary_not_allowed,7131
There are fraudulent charges that I didn't make on my card. Can you please put in the safeguards necessary to stop this from happening anymore?,22,compromised_card,4539
I placed a cash deposit in my account but I can't see it yet.,6,balance_not_updated_after_cheque_or_cash_deposit,3315
How long do I have to wait for Europe transfers?,67,transfer_timing,6633
What to do if my card has been used without my permission?,22,compromised_card,4503
Can I get a new card even though I am in China?,9,card_about_to_expire,9640
Help me verify the card used on a top-up.,71,verify_top_up,7737
My new landlord says he hasn't received the rent payment that I transferred a couple days ago. I've already checked the account numbers and they are correct. Can you tell me what's going on with this transaction that the transfer isn't showing up on my landlord's end?,66,transfer_not_received_by_recipient,2768
Where is the closest ATM to me?,3,atm_support,4553
can I be charged for topping up by card,57,top_up_by_card_charge,9161
Has my top up gone through?,47,pending_top_up,2002
I'd like to know where my funds come from.,70,verify_source_of_funds,6587
Can you tell me the ATMs I can use with my card?,3,atm_support,4621
Which one are you?  Visa or Mastercard?,73,visa_or_mastercard,4221
Can I change my details because I moved?,30,edit_personal_details,3704
What's the procedure for getting a card?,43,order_physical_card,8162
How many currencies can I have money in in my account?,36,fiat_currency_support,882
When will I receive the card?,12,card_delivery_estimate,1067
Could I get a mastercard if that's reasonable?,73,visa_or_mastercard,4201
Am I allowed to use different currencies?,50,receiving_money,7410
I have a direct debit I didn't make,28,direct_debit_payment_not_recognised,4771
My top-up seems to be pending for a long time?,47,pending_top_up,1979
can i use check to top up,58,top_up_by_cash_or_cheque,8033
"I no longer want this account, what should I do?",55,terminate_account,6244
I can't do any business with this virtual card.,72,virtual_card_not_working,8194
"I double checked that I have the correct account details already, they're right for sure. Transfer is still pending since forever. It should not have been done so.",48,pending_transfer,6100
Is there anyway to use a cheque to top up?,58,top_up_by_cash_or_cheque,7943
How many years old do I have to be?,1,age_limit,1637
On what do you base your exchange rates?,32,exchange_rate,369
Where would I find top up by cash deposit?,58,top_up_by_cash_or_cheque,8018
"my card payment has been declined, do you know why?",25,declined_card_payment,5900
"Hey I want to get a refund on something I bought, but not sure how to go about it. Can you please just cancel the payment, I have not received the item yet.",52,request_refund,5388
I think my card payment was cancelled. What happened?,53,reverted_card_payment?,6794
Can this app be used to exchange currencies?,33,exchange_via_app,1460
What should I do?  I topped off but the app reversed  it.,61,top_up_reverted,3216
"My transfer is pending, why?",48,pending_transfer,6126
Will my pin number be sent with my card?,38,get_physical_card,4071
I'm not sure how to provide my identity.,68,unable_to_verify_identity,3965
Physical cards are what I need more of,39,getting_spare_card,7925
"I can't figure out how to change GBP to AUD, what do I do?",33,exchange_via_app,1444
Why did my top up get reverted?,61,top_up_reverted,3167
How can I reset my darned PIN number?,49,pin_blocked,1717
I need a number of disposable cards everyday.,29,disposable_card_limits,4378
Can you explain why my Google Pay Top isn't working?,2,apple_pay_or_google_pay,9726
"I am waiting on this refund, hurry up.",51,Refund_not_showing_up,5820
My identity can't be verified.,68,unable_to_verify_identity,3974
Which atms allow me to change my pin?,21,change_pin,6995
I couldn't make a transfer because it was declined,27,declined_transfer,5590
Why was I not able to take cash from the ATM?,26,declined_cash_withdrawal,5014
"Looks like my card payment was duplicated after all. I went to pay at the store earlier, got declined once,second time it works. App still stays pending for one of the payments. Can you remove one of them as it's wrong and clearly was declined?",63,transaction_charged_twice,6416
google pay top up did not work,2,apple_pay_or_google_pay,9652
I believe a wrong exchange rate was applied towards a cash transaction I made abroad.,76,wrong_exchange_rate_for_cash_withdrawal,8211
There has a recent suspicious withdrawal on my bank account. Is it possible to freeze my card?,20,cash_withdrawal_not_recognised,8889
What do I need for activation of my card?,0,activate_my_card,9225
Why is my card payment cancelled?,53,reverted_card_payment?,6819
what are you going to use my identification details for?,74,why_verify_identity,3853
There is a transfer not showing on my account.,5,balance_not_updated_after_bank_transfer,8640
Why would there be an extra charge on my app?,34,extra_charge_on_statement,714
What is the estimated date for delivery to US?,12,card_delivery_estimate,1065
Will you set a limit to my top-up?,60,top_up_limits,2302
Is there somewhere I can send a check to add to my account?,58,top_up_by_cash_or_cheque,7935
When will the money show in my account?,67,transfer_timing,6630
How much extra will I be charged for exchanging foreign currency?,31,exchange_charge,8961
What currencies can my account be in?,36,fiat_currency_support,887
I wanted to know what discounts were offered for current exchanges as it is something that occurs frequently.,31,exchange_charge,9050
My card must have used my card as there are some transactions that I haven't done myself..,22,compromised_card,4531
how can the money machine keep my card what do i need to do?,18,card_swallowed,6291
My top-up hasn't gone through,47,pending_top_up,1982
How do I change the PIN?,21,change_pin,6935
I don't remember my login code,44,passcode_forgotten,4842
I wasn't able to withdraw money at an ATM,26,declined_cash_withdrawal,4997
Where can I find your exchange rates?,32,exchange_rate,305
What do I do?  The ATM took my card!,18,card_swallowed,6284
Where do I unblock my PIN?,49,pin_blocked,1766
Is it possible to get one the your cards in the EU?,24,country_support,9988
"
How do I unblock my PIN?",49,pin_blocked,1722
How will I know my pin number?,38,get_physical_card,4007
Do you charge a fee on currency exchange?,31,exchange_charge,8949
I received my new card.  Where is it in the app?,13,card_linking,279
"I need to hold money, what currencies can I use?",36,fiat_currency_support,915
I was just needing to know why my card got declined,25,declined_card_payment,5950
Whats types of currency can I exchange?,33,exchange_via_app,1464
Why does my account show as pending a cash withdrawal from the ATM that I have already made?,46,pending_cash_withdrawal,853
Do you accept credit cards from the US,54,supported_cards_and_currencies,2910
My account isn't showing the refund,51,Refund_not_showing_up,5736
Why am I being charged to make cash withdrawals? I thought they were supposed to be free!,19,cash_withdrawal_charge,9403
I have been charged for one thing two times.,63,transaction_charged_twice,6440
I made a transfer from France a couple days ago and don't see the transaction yet. How long does an international transfer take?,5,balance_not_updated_after_bank_transfer,8724
I answered so many questions about my identity. Why do you need this info?,74,why_verify_identity,3775
I was charged more than once in a single transaction,63,transaction_charged_twice,6381
I see a $1 charge in a transaction.,34,extra_charge_on_statement,594
The refund I asked for isn't showing up,51,Refund_not_showing_up,5738
I have one other credit card from the US. Do you take that?,54,supported_cards_and_currencies,2931
Can I receive payments in another currency?,50,receiving_money,7367
For some reason I forgot the passcode I have.,44,passcode_forgotten,4895
I would like to report an issue with my product and want to get it refunded,52,request_refund,5489
"I prefer using Mastercard, can I substitute?",73,visa_or_mastercard,4103
I didn't realize that there were any fees for withdrawing money from my account--this has never happened to me before.  What exactly are the fees?,19,cash_withdrawal_charge,9436
What currencies do you offer?,36,fiat_currency_support,901
The exchange rate looks wrong on a holiday purchase,17,card_payment_wrong_exchange_rate,445
Why did my card payment get declined?,25,declined_card_payment,5902
is there a reason that my payment didnt go through,25,declined_card_payment,5882
What do I have to do to cancel a transfer?,8,cancel_transfer,2231
"Please help, the atm swallowed my card, what do I do?",18,card_swallowed,6289
How does my top-up got cancelled?,61,top_up_reverted,3191
"The past few times I've been to the ATM, I was charged a withdrawal fee. Have your policies changed regarding fees?",19,cash_withdrawal_charge,9493
What is taking so long with my top up?,47,pending_top_up,2048
Questionable transactions on my account.,22,compromised_card,4524
I made a payment and it appears it is showing twice,63,transaction_charged_twice,6415
How do I stop fraud to my card?,22,compromised_card,4495
"I'm not sure why my payment has been declined? Please tell me why, I thought it was all good.",25,declined_card_payment,5946
can i use both visa and mastercard,73,visa_or_mastercard,4193
I don't have my card in 1 week.  Should I be worried?,11,card_arrival,16
I keep trying to use my card to buy some things and you keep declining it. Why? I've tried multiple times to make it go through but it won't.,25,declined_card_payment,5962
Who do I contact if there is a direct debit that I did not create.,28,direct_debit_payment_not_recognised,4672
"My ATM transaction shorted me on cash, and I think the exchange rate was wrong. Did I receive the correct rate?",76,wrong_exchange_rate_for_cash_withdrawal,8350
I can't use top up on Google Pay.,2,apple_pay_or_google_pay,9708
Why am I being charged a fee for using my card? If there is some print out of places that charge me can you please send me that?,15,card_payment_fee_charged,2694
What is your refund policy for products I have purchased?,52,request_refund,5452
I would like to order a virtual card.,40,getting_virtual_card,3050
How many disposable cards can I have at one time?,29,disposable_card_limits,4426
Is there a reason for my top up to be cancelled?,61,top_up_reverted,3273
I got charged twice with a duplicate card. How do I resolve this?,63,transaction_charged_twice,6378
The app is having trouble verifying my identity.,68,unable_to_verify_identity,3903
There's a card payment I didn't make,16,card_payment_not_recognised,3611
I just had a look at my statement. Why have I been changed for using the ATM?,19,cash_withdrawal_charge,9394
do i need to add money before i order a card,43,order_physical_card,8086
my card was frozen due to putting in the wrong pin too much.  how many tries do i have,26,declined_cash_withdrawal,5012
What are the requirements to verify my identity?,69,verify_my_identity,9780
The app rejected my top up,59,top_up_failed,8511
"I need to transfer money into my account, and I don't know how to do that.",65,transfer_into_account,7617
I made a card payment by my card but it failed. Please let me know when the payment will get completed as its still pending.,45,pending_card_payment,5148
Why is there an extra pound charge that is pending?,34,extra_charge_on_statement,603
Why am I being charged for getting cash?,19,cash_withdrawal_charge,9454
When should I expect to receive my card?,12,card_delivery_estimate,1013
Why won't my top up work,59,top_up_failed,8475
Why can't I use my beneficiary?,7,beneficiary_not_allowed,7096
Am I able to get this shipped to China?,9,card_about_to_expire,9573
How can I top up with my apple watch?,2,apple_pay_or_google_pay,9733
How can I receive my salary in another currency?,50,receiving_money,7401
Please delete the duplicate payment that was made to my account. One payment is still pending and I do not want to pay twice.,63,transaction_charged_twice,6409
"I made a deposit a couple of days back it's, as of yet, not gone in! It would be ideal if you assist me with this",6,balance_not_updated_after_cheque_or_cash_deposit,3309
How can I change my account details?,30,edit_personal_details,3764
What is the procedure to transfer money to my account?,65,transfer_into_account,7639
Can you explain why my payment is still pending?,48,pending_transfer,6088
My card rejected a cash withdrawal. Why?,26,declined_cash_withdrawal,5000
How can I receive money?,50,receiving_money,7339
How do I change my pin while traveling?,21,change_pin,6988
My app says that I'm not verified.,68,unable_to_verify_identity,3960
Please provide currency exchange rates,31,exchange_charge,9034
How can I cancel a transaction to a wrong account?,8,cancel_transfer,2208
Need a new passcode.,44,passcode_forgotten,4819
I need to change my home address.,30,edit_personal_details,3702
Are there any restrictions for the disposable cards?,29,disposable_card_limits,4432
Can cash be used in physical locations to top up?,58,top_up_by_cash_or_cheque,7983
Please tell me how to verify my top up card.,71,verify_top_up,7763
Does it cost me anything to top up my account via bank transfer?,56,top_up_by_bank_transfer_charge,1894
I have a question about fee for cash withdraw.,19,cash_withdrawal_charge,9373
"I got double charged from something, what can I do?",63,transaction_charged_twice,6418
I have a fee listed for a transfer.,64,transfer_fee_charged,7296
Is it possible to get another card?,39,getting_spare_card,7877
I sent money about 5 days ago and the recipient has not received the money yet.,66,transfer_not_received_by_recipient,2731
Can you tell me the restrictions for the disposable cards?,29,disposable_card_limits,4370
Do I get to have one of those virtual cards I've heard about?,40,getting_virtual_card,3047
I thought I was going to receive more currency?,76,wrong_exchange_rate_for_cash_withdrawal,8326
Can you tell me what I need for identity validation?,69,verify_my_identity,9794
"There are a couple payments with my card shown in the app that i really didn't make myself. What's going on with this, does someone has access to my card?!",16,card_payment_not_recognised,3490
"In the US, how long is the wait for a transfer?",67,transfer_timing,6614
How can I fill up my gas tank using a check?,58,top_up_by_cash_or_cheque,8026
What's the process of changing from GBP to AUD?,33,exchange_via_app,1437
I cant transfer money into my account,7,beneficiary_not_allowed,7108
How do I go about getting a refund?,52,request_refund,5470
How can I hold and exchange fiat currencies?,36,fiat_currency_support,942
I thought it was free to make a withdrawal. So how much does it cost now?,19,cash_withdrawal_charge,9393
why can't my beneficiary make transactions?,7,beneficiary_not_allowed,7109
Help me order my card.,43,order_physical_card,8092
Why was there a fee for my cash withdrawal?,19,cash_withdrawal_charge,9352
Is there a charge for top-ups?,57,top_up_by_card_charge,9155
Will my GPB update my salary,50,receiving_money,7344
How do I know it is a Mastercard ATM?,3,atm_support,4627
Is it possible to exchange currencies?,33,exchange_via_app,1372
I didn't get the all the cash i wanted from the atm,75,wrong_amount_of_cash_received,2338
How is the current exchange rate?,32,exchange_rate,389
Why is my contactless not working?,23,contactless_not_working,1784
I forgot what my pin number is and now am blocked can you help me get in?,49,pin_blocked,1739
My account is locked because I used the wrong pin too many times.  Please help.p,49,pin_blocked,1719
"Hello I made a bank account transfer from the UK. The transfer was a couple hours ago, nothing has shown up yet.  Can you check to see if everything okay. Please.",5,balance_not_updated_after_bank_transfer,8625
Looking at my statement I see that I was double charged for a payment I made.,63,transaction_charged_twice,6472
Hey I thought transfers were free.  Why are you charging me?,64,transfer_fee_charged,7305
Can I use the app without my phone?,42,lost_or_stolen_phone,5257
Which countries do you currently support?,24,country_support,9987
My app is displaying a payment I didn't make,16,card_payment_not_recognised,3596
Please send a new card; the ATM ate mine.,18,card_swallowed,6273
Why did my top-up not get approved this time?,61,top_up_reverted,3300
"I need multiple cards per day, and they all have to be disposable.",29,disposable_card_limits,4355
How long does it take for something to be delivered to the U.S?,12,card_delivery_estimate,1111
Are there downsides to using a disposable virtual cards?,29,disposable_card_limits,4409
Do I get  a mastercard and visa?,73,visa_or_mastercard,4113
Why did my top-up get reverted?,61,top_up_reverted,3194
Do cash withdrawals cost anything?,19,cash_withdrawal_charge,9513
What's the limit to how much I can top up?,60,top_up_limits,2238
My card doesn't work. I can't get cash out at an ATM,26,declined_cash_withdrawal,5029
My card is almost expired.  How fast will I get a new one and what is the cost?,9,card_about_to_expire,9632
why do I have to show my ID,69,verify_my_identity,9816
Does it cost anything to top up?,57,top_up_by_card_charge,9105
Help! I made a transfer in error and need to cancel it before it's complete!,8,cancel_transfer,2181
How do I order a disposable virtual card?,37,get_disposable_virtual_card,8427
Why won't my card accept any transactions?,14,card_not_working,1331
"Hearing back from us regarding your important verification results may take 10 minutes to one hour time.  If verification results do fail, double-check to make sure all of your images are clear --  make sure your photos have no glare or blurring. Note: These photos need to be readable as well.  You also need to be 18 years of age or older.  You must be a resident of Switzerland or the European Economic Area to open a new account.",68,unable_to_verify_identity,3917
I am not satisfied with your company.  Close my account.,55,terminate_account,6190
what do i need to have with me to activate card,0,activate_my_card,9276
Why did the top-up fail?,59,top_up_failed,8556
"I just bought an item and would like to stop payment, is this possible?  The item has not been received yet.",52,request_refund,5506
lost my card in atm,18,card_swallowed,6278
"My wallet isn't showing my top-up, did I do something wrong?",62,topping_up_by_card,4274
I just did a money transaction but its not showing they received it,66,transfer_not_received_by_recipient,2849
Why isn't my deposit showing up?,6,balance_not_updated_after_cheque_or_cash_deposit,3373
What is my money worth in other countries?,32,exchange_rate,292
How do I verify my ID?,69,verify_my_identity,9814
Im not sure if a seller is giving me my money back! I asked them to refund my money for the item but It's been a week now and still nothing has been given back to me. Can you resolve this for me?,51,Refund_not_showing_up,5829
How long does a check take to show up in the account balance?,6,balance_not_updated_after_cheque_or_cash_deposit,3465
I noticed my transfer was declined.,27,declined_transfer,5569
I have a trip coming up and want to add money automatically.,4,automatic_top_up,1229
Why couldn't I make a withdrawal from the ATM?,26,declined_cash_withdrawal,4952
Does the app allowing exchanges between USD and GBP,33,exchange_via_app,1360
"Out of the blue, my card stopped working.",14,card_not_working,1299
Exchange fee help?,31,exchange_charge,8957
"I've been waiting for a pending transfer to go through for a while now, and don't see any reason why I've been waiting this long.  I know that I have the correct account details, so that isn't the problem.",48,pending_transfer,6046
What do you charge to top up US cards?,57,top_up_by_card_charge,9112
Tell me why my card payment would be reverted.,53,reverted_card_payment?,6726
I don't see any change in my balance.,5,balance_not_updated_after_bank_transfer,8706
Someone besides me might be using my card.,22,compromised_card,4526
What is the Top up rate charge for using a card in the US?,57,top_up_by_card_charge,9138
How recent do my documents need to be for verification?,69,verify_my_identity,9783
It does not appear that my message went through.,59,top_up_failed,8565
Is there an auto top up feature?,4,automatic_top_up,1159
Can apple pay handle top up exchanges?,2,apple_pay_or_google_pay,9712
unsupported transfer declined,27,declined_transfer,5645
Are there cash machines where I can change my PIN?,21,change_pin,6947
Is the closest ATM to me within 2 miles?,3,atm_support,4589
Why hasn't my payment shown up yet?,45,pending_card_payment,5225
WHAT IS THE REASON FOR THAT,14,card_not_working,1272
I don't see me 'top up' in my wallet,62,topping_up_by_card,4298
"Hey, I got charged extra for some reason when I purchased an app. Is this a hidden fee or something? I don't think it's very cool.",34,extra_charge_on_statement,593
Do I get any sort of discount on volume for a lot fo currency exchanges?,31,exchange_charge,9036
"I'm trying to verify my identity but can't figure out how, what do I do?",69,verify_my_identity,9844
why is top up pending,47,pending_top_up,2034
I moved so I need to change my address. How do I do that?,30,edit_personal_details,3724
Is it possible for a person who lives in the US to get a card?,24,country_support,9912
Can I only top-up digitally? Or could I use cash?,58,top_up_by_cash_or_cheque,7956
"Hi, I am currently in the process of buying a flat and I am waiting for the mortgage to go through but it keeps showing up as an error.  Do you know what could be causing this and can you help me get the money over.",35,failed_transfer,7450
My card payment wasn't declined,25,declined_card_payment,5972
Which US cards have top up charges?,57,top_up_by_card_charge,9069
I have been waiting for my card payment to be moved from pending status for an unusually long time.  What is going on here and do you have an idea of when I can expect it to go through?,45,pending_card_payment,5119
The exchange rate for me was wrong when I was abroad.,76,wrong_exchange_rate_for_cash_withdrawal,8307
Why am i being double charged for something?,63,transaction_charged_twice,6399
What if my top up is reverted?,61,top_up_reverted,3256
There's a payment with my card that I definitely didn't create. I don't know anyone by that name.,16,card_payment_not_recognised,3569
Why was there an extra charge with the withdrawal of my money?,19,cash_withdrawal_charge,9501
Whats the reason for my payment being declined? It looked like everything went through ok and my account was good.,25,declined_card_payment,5967
Help me access the card I already got so I can information from it.,13,card_linking,291
My balance is not what I thought it was following an ATM withdrawal,46,pending_cash_withdrawal,869
Why are there fees for using a card?,15,card_payment_fee_charged,2522
where is my unknown payment from?,16,card_payment_not_recognised,3609
"If my top-up didn't transfer, what went wrong?",61,top_up_reverted,3237
I'm not sure what I need to verify my identity.,69,verify_my_identity,9810
Why do I have an unexpected fee on my bill?,64,transfer_fee_charged,7300
Are you okay with exchanges to EUR?,36,fiat_currency_support,997
Can I write a cheque to top up?,58,top_up_by_cash_or_cheque,7982
why does my statement contain an extra fee?,34,extra_charge_on_statement,675
I ordered my card but it hasn't been delivered yet,11,card_arrival,42
Why is my withdrawl to cash still pending?,46,pending_cash_withdrawal,813
How do I make sure my transfer isn't goin to an unsupported merchant?,27,declined_transfer,5585
what is the word?,28,direct_debit_payment_not_recognised,4633
"When I bought something abroad, the exchange rate was wrong.",17,card_payment_wrong_exchange_rate,542
I got charged a fee that shouldn't be there from my cash,19,cash_withdrawal_charge,9405
Where's the button to top up with a cheque?,58,top_up_by_cash_or_cheque,7950
My ATM withdrawal was cancelled,26,declined_cash_withdrawal,5076
Are you able to make exchanges to EUR?,36,fiat_currency_support,967
"If I get a transfer from Europe, how long until it is in my account?",67,transfer_timing,6709
"Help me please, My Apple Pay American Express top up does not work.",2,apple_pay_or_google_pay,9698
A payment on my statement is wrong.,16,card_payment_not_recognised,3508
Are there any charges for top ups?,57,top_up_by_card_charge,9145
What are the fees for using transfer to top off my account?,56,top_up_by_bank_transfer_charge,1866
When will my transfer arrive from Europe?,67,transfer_timing,6704
Can someone assist me with activating my card?,0,activate_my_card,9185
I see non-received cash in my app.,20,cash_withdrawal_not_recognised,8827
I was trying to top up my account and it isn't working,59,top_up_failed,8551
"Could not complete transfer, states 'declined'",27,declined_transfer,5626
I would like to get an item refunded,52,request_refund,5530
why did i get declined transfer,27,declined_transfer,5633
I made a card payment but it didn't work. Why not?,25,declined_card_payment,5953
The wrong exchange rate applied to my cash withdrawal.,76,wrong_exchange_rate_for_cash_withdrawal,8261
My account shows a direct debit charge that I have never seen before,28,direct_debit_payment_not_recognised,4740
I would like to get additional physical cards at this time,39,getting_spare_card,7883
Why do we need to verify top-up?,71,verify_top_up,7719
"Hello, I believe there has been a mistake made on the exchange rate for my card. Could you please check the official interbank exchange rate for me?",17,card_payment_wrong_exchange_rate,566
Where do my available funds come from?,70,verify_source_of_funds,6512
Please tell me why I am having problems transferring to a beneficiary.,7,beneficiary_not_allowed,7038
Will I be charged a fee for topping up using a European card?,57,top_up_by_card_charge,9158
Why would a cash withdrawal be pending?,46,pending_cash_withdrawal,856
I think there is a mistake.  I am being charged twice.,63,transaction_charged_twice,6317
What is the return policy?,52,request_refund,5532
How much longer do I have to wait until my transaction is complete? I transferred money to another country many hours ago and the transaction is still pending.,48,pending_transfer,6116
Why haven't I received my new card yet?,11,card_arrival,104
My card never arrived.,11,card_arrival,152
"I was told that withdrawing cash from the ATM is free, but I'm charged a fee. Why is this?",19,cash_withdrawal_charge,9390
Where do I go to edit my personal details on my account?,30,edit_personal_details,3657
"I want to start using my card, how do I activate it?",0,activate_my_card,9222
I made a payment but the app gave the money back.,53,reverted_card_payment?,6802
How do I update my address?,30,edit_personal_details,3731
I've deposited a check in my account but the cash isn't showing as available.,6,balance_not_updated_after_cheque_or_cash_deposit,3389
Can I get a new card with new expiration date in China?,9,card_about_to_expire,9518
Why was my cash withdrawal cancelled at the ATM?,26,declined_cash_withdrawal,5062
What is the reason for the fee charge on my transfer?,64,transfer_fee_charged,7242
Do I need to add my salary?,50,receiving_money,7420
what I need to verify my account,74,why_verify_identity,3795
I've lost my card. What can I do about that?,41,lost_or_stolen_card,1550
I cannot get my google pay to work.,2,apple_pay_or_google_pay,9722
What do I need to do to get my salary through this?,50,receiving_money,7355
The check I deposited yesterday isn't listed yet.  Isn't that pretty slow?  I need to see the balance increased by that check.,6,balance_not_updated_after_cheque_or_cash_deposit,3460
"I already paid to top-up but the funds aren't available yet, where are they?",47,pending_top_up,1980
There is a fee from a transfer that is not supposed to be here!,64,transfer_fee_charged,7244
Why was I charged extra when transferring?,64,transfer_fee_charged,7171
Reasons for top up cancellation.,61,top_up_reverted,3266
How many top-ups am I allowed to do?,60,top_up_limits,2242
My transfer hasn't arrived,66,transfer_not_received_by_recipient,2814
"Hello, i'd like to inform you of an issue i'm currently experiencing. The goods i have ordered from your website have still not arrived yet; it has been over 3 weeks. I would like to be issued a refund swiftly and be redirected to more competent people. Thank you for your assistance.",52,request_refund,5531
Machines make mistakes too! The ATM gave me the wrong amount of money. Too much!,75,wrong_amount_of_cash_received,2389
Is there a strict timeline regarding disputing transactions made on my account? I just noticed a fraudulent charge on a statement from a couple months ago.,28,direct_debit_payment_not_recognised,4653
How long does it take for the transfer to go through?,66,transfer_not_received_by_recipient,2771
Is it possible to give a second card from my account to my daughter?,39,getting_spare_card,7932
A transaction posted twice to my account.,63,transaction_charged_twice,6450
What can I do to track the card you sent me?,11,card_arrival,52
"I was charged twice, when I didn't purchase anything twice.",63,transaction_charged_twice,6388
I withdrew cash and was charged. Why?,19,cash_withdrawal_charge,9483
I don't have a PIN at this point.,38,get_physical_card,4079
Why is this not letting me exchange crypto? I need help making this transaction go through.,7,beneficiary_not_allowed,7133
How do I go about ordering a card?,43,order_physical_card,8137
is there a charge on withdrawals?,19,cash_withdrawal_charge,9467
I would like for someone to tell me which fiat currencies that your company supports.,36,fiat_currency_support,944
Help me delete my account.  I am not satisfied with the service.,55,terminate_account,6199
Will I be able to top up by cheque?,58,top_up_by_cash_or_cheque,7978
How can I check on the status of my new card?,11,card_arrival,49
I was only given $20 when I tried to get $100,75,wrong_amount_of_cash_received,2481
Where can I find the verification code for the top up card?,71,verify_top_up,7748
Where are my funds? I topped off my car but it didn't seem to complete.,47,pending_top_up,1954
What are the currency exchange fees?,31,exchange_charge,8948
Why is my disposable card not working?,72,virtual_card_not_working,8202
There should be a cash withdrawal that I haven't seen yet.,46,pending_cash_withdrawal,756
"This past holiday I made a withdraw at the ATM machine, and it seems I've been charged too much.",76,wrong_exchange_rate_for_cash_withdrawal,8268
where has my transferred money gone?,66,transfer_not_received_by_recipient,2798
How do I make my card show up in the app?,13,card_linking,162
Where do I go to cancel a transaction?,8,cancel_transfer,2207
I have a fee for cash withdrawal,19,cash_withdrawal_charge,9432
"I want to reset my passcode, how can I do that?",44,passcode_forgotten,4892
My card was charged more than expected.,15,card_payment_fee_charged,2632
How do i go about linking a new card?,13,card_linking,203
I think my card is being used by someone else to make purchases that I didn't authorize! I checked my account and see that there have been quite a few purchases over the last two days that I have no idea where they came from. We need to freeze my card now! And I need to find a way to get my money back.,16,card_payment_not_recognised,3637
Am I the only one who can top-up my account?,62,topping_up_by_card,4308
Hi I'm waiting for a refund for an item I bought. I have contacted the merchant directly but had nothing back. Can you tell me whether or not you are able to refund me for the item?,51,Refund_not_showing_up,5771
Do you have an option for auto top up?,4,automatic_top_up,1206
Should I keep waiting for my card to be delivered?,11,card_arrival,47
I did not do this payment,16,card_payment_not_recognised,3535
"I no longer want to transfer funds, can we cancel that transaction?",8,cancel_transfer,2165
How can I top up my card with another card?,54,supported_cards_and_currencies,2880
My card payment's cancelled,53,reverted_card_payment?,6815
How can I verify if a cash withdrawal was made from my account? I still have my card with me but I did not authorize the withdrawal that just occurred.,20,cash_withdrawal_not_recognised,8916
"I have the funds, why can I not use my top-up?",59,top_up_failed,8541
"The ATM at Metro bank on High St. Kensington didn't return my card, and the bank is now closed. How do I get back a card swallowed by an ATM?",18,card_swallowed,6255
How can I request cash back? The ATM just gave me a different amount than what I've been charged though...,75,wrong_amount_of_cash_received,2424
Where do I get a disposable card,37,get_disposable_virtual_card,8409
What is the identity verification process?,69,verify_my_identity,9800
How many days does it take for a transfer to go through?,67,transfer_timing,6629
My card data has been exposed.,22,compromised_card,4541
Why has my account balance not changed after depositing a cheque?,6,balance_not_updated_after_cheque_or_cash_deposit,3365
Why isn't my purchase exchange rate correct?,17,card_payment_wrong_exchange_rate,466
I would like to know if I can top up with Google Pay.,2,apple_pay_or_google_pay,9674
What is this extra pound charge for?,34,extra_charge_on_statement,577
"I would like to close my account, as I'm not happy.",55,terminate_account,6157
Why am I unable to withdraw money even though in the past I've done it just fine?,26,declined_cash_withdrawal,5089
Can it be delivered on a certain date?,12,card_delivery_estimate,1109
"I want a refund, but I haven't received the item yet. Can I cancel it and get my funds back? How do I do that.",52,request_refund,5467
I need to get my card quickly,12,card_delivery_estimate,1007
How long will my transfer be pending for?,48,pending_transfer,6011
Do yo charge a fee for exchanging foreign currencies?,31,exchange_charge,9008
Why is the exchange rate different than expected on my transaction?,76,wrong_exchange_rate_for_cash_withdrawal,8256
Is topping up with Apple Pay possible?,2,apple_pay_or_google_pay,9700
I did not get the right exchange rate while getting my cash out.,76,wrong_exchange_rate_for_cash_withdrawal,8255
ATM apparently not working?  Couldn't access funds in my account?,26,declined_cash_withdrawal,5049
"I did a payment with my card but seem that didn't work, it's still listed as pending since a while ago. When does this actually go through?",45,pending_card_payment,5158
I noticed a different charge while I was taking my money out.,19,cash_withdrawal_charge,9511
May I get my salary paid out in a different currency?,50,receiving_money,7389
Are there any hidden extra fees for currency exchanges?,31,exchange_charge,8945
What do I need to do to get a card?,43,order_physical_card,8101
How do I go about ordering another card?,39,getting_spare_card,7917
There is a  €1 fee on my account I didn't authorize,34,extra_charge_on_statement,639
how do i add money from my amex card to top up,54,supported_cards_and_currencies,2951
Am I able to get a refund for something I bought?,52,request_refund,5409
Can you tell me where to go to get a disposable virtual card?,37,get_disposable_virtual_card,8458
am i able to receive my salary this way?,50,receiving_money,7346
How do I create a disposable virtual card?,37,get_disposable_virtual_card,8393
How do I close my account?,55,terminate_account,6152
I thought transfers were free. Why was I charged to transfer?,64,transfer_fee_charged,7210
"I need to make a transfer from Europe, how many days does this take?",67,transfer_timing,6668
Can i make several disposable cardsper day?,29,disposable_card_limits,4389
Can you tell me what currencies I can use to add money?,54,supported_cards_and_currencies,2874
What are the limits to where my card will be accepted?,10,card_acceptance,3126
How do you do exchanges?,32,exchange_rate,368
The app says I made a cash withdrawal that I didn't make,20,cash_withdrawal_not_recognised,8911
Why hasn't arrived yet a transaction I did to my friend?,66,transfer_not_received_by_recipient,2781
My account was charged a debit payment I don't recognize.,28,direct_debit_payment_not_recognised,4798
details need to be modified,30,edit_personal_details,3664
How do I change my AUD into GBP?,33,exchange_via_app,1391
Are there limits as to where my card will be accepted?,10,card_acceptance,3136
What's the time frame normally for a UK account transfer? I just made one and it's not showing up anywhere. I want to be sure that everything is good.,5,balance_not_updated_after_bank_transfer,8644
Please list the countries you support.,24,country_support,9877
my friend has not got the money I sent last week.,66,transfer_not_received_by_recipient,2775
Verify my source of funds?,70,verify_source_of_funds,6556
Can someone help with my passcode?,44,passcode_forgotten,4918
"If I want to get an account for my daughter, can I do that?",1,age_limit,1591
How do I top-up automatically?,4,automatic_top_up,1195
Could you please help me figure out why the seller has not received their money after I sent it.,48,pending_transfer,6057
Why am I being charged for withdrawing cash but haven't in the past?,19,cash_withdrawal_charge,9442
Can I use visa or mastercard with your service,73,visa_or_mastercard,4131
Why wouldn't a transfer go through?,35,failed_transfer,7533
Is my daughter eligible to open an account?,1,age_limit,1604
"The expiration of my card is near, how do I order a new card?",9,card_about_to_expire,9607
Please update me on whether you have received the funds for the refund of the large purchase I made recently. I have requested this from the merchant days ago but still haven't got anything.,51,Refund_not_showing_up,5746
Still waiting on my refund...,51,Refund_not_showing_up,5834
Who do I call to activate my new card?,0,activate_my_card,9252
Am I able to do a SWIFT transfer?,56,top_up_by_bank_transfer_charge,1887
I purchased something abroad but the exchange rate is incorrect.,17,card_payment_wrong_exchange_rate,555
where can i deposit a check,58,top_up_by_cash_or_cheque,7941
Will my card be a MasterCard or a Visa?,73,visa_or_mastercard,4107
Are there any disposable virtual cards?,37,get_disposable_virtual_card,8424
Why hasn't my cheque processed?,6,balance_not_updated_after_cheque_or_cash_deposit,3450
The app doesn't believe its me.,68,unable_to_verify_identity,3953
My product hasn't arrived even though I ordered it a while ago. I want a refund!,52,request_refund,5391
Why won't my card work.,14,card_not_working,1260
Is there a way to order a virtual card on the website?,40,getting_virtual_card,3091
There are two of the same charge on my statement.,63,transaction_charged_twice,6426
where do I top up my google pay?,2,apple_pay_or_google_pay,9703
Does my account have the option to hold multiple currencies?,36,fiat_currency_support,968
How do you decide what your exchange rates are?,32,exchange_rate,377
"What are the steps to activate the card, as it does not seem to work?",0,activate_my_card,9325
My money is nowhere to be found? I talked up earlier and seen it. Now it has vanished. What is going on?,61,top_up_reverted,3175
Is there an extra charge to exchange different currencies?,31,exchange_charge,9060
A refund is taking too long.,51,Refund_not_showing_up,5685
I don't think my top up worked,59,top_up_failed,8601
"I am using the app, and I see cash withdrawals that I did not authorize.",20,cash_withdrawal_not_recognised,8879
I don't understand why I was charged extra for withdrawing money?,19,cash_withdrawal_charge,9353
Do you know how I can verify that I did a top-up to my card?,71,verify_top_up,7678
I was wondering if you will take any fees in exchange for top ups?,57,top_up_by_card_charge,9091
why do I have a pending payment?,45,pending_card_payment,5211
Do you know the reason why my card payment was declined?,25,declined_card_payment,5955
i would like to dispute a direct debit payment,28,direct_debit_payment_not_recognised,4643
"Looks like my card payment was made twice by mistake. I went to pay at the store earlier which rejected once, second time it worked. App is on pending for one of the payments. Can you please remove one of them as it's wrong and clearly was declined?",63,transaction_charged_twice,6347
Can you please explain why my transfer failed?,35,failed_transfer,7549
Can I get a Visa or Mastercard?,73,visa_or_mastercard,4144
When will the transaction be done?,66,transfer_not_received_by_recipient,2751
Top up is not working even though I have my AMEX in apple pay.,2,apple_pay_or_google_pay,9702
What is the maximum number of transactions that I can put on a disposable card?,29,disposable_card_limits,4413
Why do you keep declining my payment?I tried several times already with this card and it is just not working.,25,declined_card_payment,5930
Is the cash withdrawal going to show?,46,pending_cash_withdrawal,745
"how to delete account, not happy",55,terminate_account,6214
Are there any specific cash machines that I have to go to in order to change my PIN?,21,change_pin,6902
The top-up is broken.,47,pending_top_up,2036
I have an account that is empty of funds. Can I transfer some from another bank?,65,transfer_into_account,7568
Why have I been charged an extra £1?,34,extra_charge_on_statement,627
Are there any limits to using disposable virtual cards?,29,disposable_card_limits,4361
There was an extra fee when I paid with the card.,15,card_payment_fee_charged,2600
"I am looking to get a Visa credit card, what must I do to achieve this?",73,visa_or_mastercard,4121
"Declined, transfer not completed.",27,declined_transfer,5668
Can you tell me my code to get into the app?,44,passcode_forgotten,4883
My money disappeared right when I tried to top up,62,topping_up_by_card,4325
Can you change my currency to EUR?,36,fiat_currency_support,996
I bough an item and the exchange rate was incorrect.,17,card_payment_wrong_exchange_rate,453
Do you do business in the EU?,24,country_support,9928
"Please help me with the amount that i have withdrawn from the ATM today, the ATM has given me wrong sum of amount, and i could see that the app is displaying the greater amount than taken out.",75,wrong_amount_of_cash_received,2461
How long is delivery to the US?,12,card_delivery_estimate,1042
"I wanted to transfer money to another account, but now I don't have to so I'd like to cancel said transfer. How can I do that?",8,cancel_transfer,2232
Is it really necessary to verify my Identity?,74,why_verify_identity,3806
Why isn't my refund showing up?,51,Refund_not_showing_up,5764
Please help me with the activation of the new card.,0,activate_my_card,9285
I did a money transaction and the recipient doesn't see it,66,transfer_not_received_by_recipient,2757
How do I re-order a damaged card?,14,card_not_working,1301
Will my other US credit card be accepted?,54,supported_cards_and_currencies,2889
What fees are charged for a physical card?,43,order_physical_card,8164
I think my card payment has been refunded,53,reverted_card_payment?,6732
Can I use my account although the identity verification has not been accepted yet?,74,why_verify_identity,3822
The app reverted the payment I made.,53,reverted_card_payment?,6735
How do I top up by cheque?,58,top_up_by_cash_or_cheque,7961
"My card info was stolen, what do I do?",22,compromised_card,4509
there is money in my account that i didnt put there,20,cash_withdrawal_not_recognised,8873
What do I need to do to correct this failed transfer?,35,failed_transfer,7495
"Hello, Just now i got to know withdrawal of money from of my account. As someone used my card to withdraw amount in any odd remote area. Since i have not been in that area, please freeze my card immediately.",20,cash_withdrawal_not_recognised,8888
"Help me please, I need to top up cash.",58,top_up_by_cash_or_cheque,7933
Can another family member hold a card for this account in addition to mine?,39,getting_spare_card,7866
I don't have my passcode to access the app.,44,passcode_forgotten,4906
I tried to transfer funds to a beneficiary and was denied. Can you tell me why?,7,beneficiary_not_allowed,7020
Can I have a spare card for this account please?,39,getting_spare_card,7926
"I got mugged yesterday and they took everything. I can't use the app, so I need some help.",42,lost_or_stolen_phone,5274
"I deposited a check yesterday to up my account balance, but that deposit hasn't shown up yet.  It's been a day already!",6,balance_not_updated_after_cheque_or_cash_deposit,3449
What does my daughter need to open an account?,1,age_limit,1580
When will I have access to my pin number?,38,get_physical_card,4047
I was getting some cash out of the ATM but it cancelled on me without warning.,26,declined_cash_withdrawal,4996
It looks like the exchange rates on my card payment are wrong,17,card_payment_wrong_exchange_rate,528
I want a mastercard,73,visa_or_mastercard,4108
My purchases from this morning still have pending payments.,45,pending_card_payment,5243
Problem verifying my account,68,unable_to_verify_identity,3952
Is it possible to change from USD to GBP with your App?,33,exchange_via_app,1420
I don't recognize a purchase that was made with my card.,16,card_payment_not_recognised,3505
The correct exchange rate wasn't given to me for an item I purchased.,17,card_payment_wrong_exchange_rate,494
I have a new card. How do i top it up?,62,topping_up_by_card,4328
how to i go about getting my virtual card,40,getting_virtual_card,3010
I have been charged way to much so something is apparently wrong with my exchange. I changed Russian Ruble into UK pounds.,17,card_payment_wrong_exchange_rate,499
What will I need to verify my identity,69,verify_my_identity,9789
"I moved, can I edit my personal details?",30,edit_personal_details,3699
How do I get my money back for something I bought?,52,request_refund,5436
I think my card payment has been reverted,53,reverted_card_payment?,6725
Why hasnt my top up gone through yet?? I thought it was suppose to be instant? Am I wrong? Why is it still pending?,47,pending_top_up,1959
How fast can I transfer something from China?,67,transfer_timing,6626
What if I type in the wrong PIN too many times?,49,pin_blocked,1748
Is it possible to get a card outside the UK?,24,country_support,9929
I don't know my password,44,passcode_forgotten,4912
I believe my top up did not work.,59,top_up_failed,8552
I'm upset because I got charged a ridiculous fee when making an ATM withdrawal over a holiday weekend.  It didn't notify me beforehand either or I wouldn't have ever done it.,76,wrong_exchange_rate_for_cash_withdrawal,8334
"My card has been declined by two separate ATM, and I'm worried something is wrong with my account. Would you please see if my account is okay?",26,declined_cash_withdrawal,4980
Will you charge me more if I use a European bank card for a top up?,57,top_up_by_card_charge,9140
Why hasn't the transaction I did arrive yet?,66,transfer_not_received_by_recipient,2857
Give me a refund,52,request_refund,5444
How fast are transfers from Europe?,67,transfer_timing,6667
How long does transfer from the US take?,67,transfer_timing,6718
Why was I charged a fee for debit or credit card payment?,15,card_payment_fee_charged,2669
What may be the reason that my transfer did not go through?,35,failed_transfer,7516
Why has my withdrawal not posted?,46,pending_cash_withdrawal,750
Can anyone else top-up for me?,62,topping_up_by_card,4246
I got less cash at the ATM than I asked for. Why?,75,wrong_amount_of_cash_received,2474
Why did I get declined during a transfer?,27,declined_transfer,5638
what is my monthly spending limit because i was refused my money at an atm,26,declined_cash_withdrawal,4977
Can I get a few more physical cards?,39,getting_spare_card,7811
How does it work when I transfer money into my account?,65,transfer_into_account,7594
"How do I see what fees I am supposed to be charged on my account? I've noticed fees on some transactions, but not on others. This is very confusing and I cannot find a pattern to what I am being charged?",15,card_payment_fee_charged,2648
"My card keeps getting declined when I try to use it.  I would like to top-up, but it is not going though.",59,top_up_failed,8571
Is there a way to view the history on where my funds came from?,70,verify_source_of_funds,6501
What is the reason that my top-up is still pending?,47,pending_top_up,2067
Can I add funds directly from my Apple Watch?,2,apple_pay_or_google_pay,9664
It can take between 10 minutes to an hour before you hear back from us about the verification result.  Please try again if your verification fails.  Make sure you double check that images are clear and all document photos are readable without blur or glare. You have to be 18 or older and live in the European Economic area or live in Switzerland to be able to open an account.,68,unable_to_verify_identity,3910
"My salary is in GBP, is this something I need to configure?",50,receiving_money,7395
Should I be seeing a fee applied for my money transfer?,64,transfer_fee_charged,7177
how can i add money from my amex card,54,supported_cards_and_currencies,2965
Are there discounts for frequent currency exchanges?,31,exchange_charge,9011
What are the steps needed to top up with Apple Pay?,2,apple_pay_or_google_pay,9728
What is the charge for sending out more cards?,39,getting_spare_card,7913
I am seeing in the App a diret debit that its not mine,28,direct_debit_payment_not_recognised,4635
How would I use a disposable card?,37,get_disposable_virtual_card,8426
I didn't withdraw cash but I see that transaction on my app,20,cash_withdrawal_not_recognised,8930
What top up charges are there for US cards?,57,top_up_by_card_charge,9149
"Its been 3 days, How long will my transfer take to get to my wallet?",67,transfer_timing,6686
Was there a problem with topping up?,59,top_up_failed,8609
What is the fee for accepting money from a foreign country?,31,exchange_charge,9002
"Someone has a copy of my card. I have my card with me, but someone just made a 500£ cash withdrawal. Help me.",20,cash_withdrawal_not_recognised,8791
How do I transfer cash my into my account?,65,transfer_into_account,7647
where is this money from,70,verify_source_of_funds,6560
I don't see a refund in my account.,51,Refund_not_showing_up,5818
If I want to can I set up a new PIN?,21,change_pin,6890
"I would like to order a virtual card, where can I get one?",40,getting_virtual_card,2998
How can I request cash back? The ATM just gave me a different amount than what I've been actually charged though...,75,wrong_amount_of_cash_received,2490
I am seeing inside the App a some cash withdrawal that is not mine,20,cash_withdrawal_not_recognised,8856
Why is my transfer taking so long. I thought it was supposed to only take 1 day if I made a transfer to someone. Can you wee what went wrong?,66,transfer_not_received_by_recipient,2866
I have a problem with a transfer. It didn't work. Can you tell me why?,27,declined_transfer,5560
I keep getting an error message when I'm trying to transfer funds! Why aren't you accepting that?,7,beneficiary_not_allowed,7132
I don't have any idea what's going on but all of my transfers keep getting declined. I have double-checked over all of my recipient names and they are correct.,27,declined_transfer,5600
How long does it take for a transfer to be in my account?,67,transfer_timing,6662
"I can't find my card, it is lost.",41,lost_or_stolen_card,1492
What proof do you need for my identification?,68,unable_to_verify_identity,3893
"I was wondering why my payment hasn't gone through yet, its been a while.",45,pending_card_payment,5182
What transfer methods do you accept?,65,transfer_into_account,7616
I hope to get a Visa card,73,visa_or_mastercard,4220
Why did my transfer to a beneficiary fail?,7,beneficiary_not_allowed,7054
"Why did I not get all the money that I asked for? I asked for all the cash in my my account, but I only got about half. Why is that??",75,wrong_amount_of_cash_received,2416
How long does it take for a card to arrive?,12,card_delivery_estimate,1100
Can I get more cards just incase?,39,getting_spare_card,7823
Are their certain cash machines where I can change my pin?,21,change_pin,6983
"I've made a transfer, how long until the money reaches my account?",67,transfer_timing,6637
My beneficiary is unable to transact,7,beneficiary_not_allowed,7091
Why didn't my top up work?,61,top_up_reverted,3189
what are limits to top up,60,top_up_limits,2324
How can I tell if someone else is using my card?,22,compromised_card,4507
I need several cards per day. And I need to be able to throw away all of the cards I make.,29,disposable_card_limits,4374
How long until I see a cash withdrawal?,46,pending_cash_withdrawal,821
Why would a transfer to a beneficiary not go through?,7,beneficiary_not_allowed,7064
why wasn't a transfer to account approved,7,beneficiary_not_allowed,7118
Where is the money that I transferred.,5,balance_not_updated_after_bank_transfer,8618
Why is there a charge for my transfer?,64,transfer_fee_charged,7184
Which fiat currencies are supported by you?,36,fiat_currency_support,900
Why isn't my id verified?,68,unable_to_verify_identity,3901
How low does the balance have to be before the system updates?,4,automatic_top_up,1131
How do I modify my account details?,30,edit_personal_details,3753
How do I order a replacement for stolen card?,22,compromised_card,4532
How can I tell where the money came from?,70,verify_source_of_funds,6500
I am still waiting for a refund,51,Refund_not_showing_up,5766
How long does it take for a cheque to post to your account?,6,balance_not_updated_after_cheque_or_cash_deposit,3364
I got a new address and need to change my old one.,30,edit_personal_details,3720
Do I need to order a new card before it expires?,9,card_about_to_expire,9600
Is the identity check part of bank policy?,74,why_verify_identity,3781
How can I fix this? The ATM gave me more cash than I'd asked for.,75,wrong_amount_of_cash_received,2466
how long does it take for a transfer to arrive,66,transfer_not_received_by_recipient,2789
"How long does EU transfer take? I bought something online a couple days ago , sent the money immediately online but the seller says it is still not there yet",48,pending_transfer,6106
Does the PIN come under separate cover?,38,get_physical_card,4069
Am I able to top up with Apple Pay?,2,apple_pay_or_google_pay,9669
Why isn't the transferred money there?,5,balance_not_updated_after_bank_transfer,8727
What currencies do you support?,36,fiat_currency_support,928
How long does it take to receive my card?,12,card_delivery_estimate,1087
How do I obtain a second card?,39,getting_spare_card,7859
Seems like my top-up has been cancelled,61,top_up_reverted,3171
Why are all my card payments being declined?,25,declined_card_payment,5864
Does a US transfer take long,67,transfer_timing,6602
Yesterday I topped up my card. Why didn't it complete as it still pending?,47,pending_top_up,1975
What types of foreign money can be used with this service.?,36,fiat_currency_support,912
How much are the rates of exchange?,32,exchange_rate,376
Where can I located the auto-top up option?,4,automatic_top_up,1166
my phone was lost,42,lost_or_stolen_phone,5262
Is there a charge for getting my money?,56,top_up_by_bank_transfer_charge,1871
Do you accept US credit cards?,54,supported_cards_and_currencies,2995
I believe my card has been compromised as there are funds showing that I did not receive.,20,cash_withdrawal_not_recognised,8818
I was charge a fee that I wasn't told about,64,transfer_fee_charged,7323
How do I activate a card?,0,activate_my_card,9247
What are the steps for depositing cash into my account?,58,top_up_by_cash_or_cheque,7971
Does this app have the same exchange rate as third parties?,32,exchange_rate,387
I topped up my card but the app rejected it.,59,top_up_failed,8518
Is there an issue with my card payment as it has not gone through.,25,declined_card_payment,5960
What is the process for getting an actual physical card?,43,order_physical_card,8122
how many uses are the disposable cards good for?,29,disposable_card_limits,4383
I need help- I got mugged yesterday and they took everything so I can't use the app.,42,lost_or_stolen_phone,5263
Can I change my PIN without going to a bank branch?,21,change_pin,6976
I ordered something online a while ago and I haven't gotten it. I would like a refund.,52,request_refund,5416
Do I have to go to the bank to change my PIN?,21,change_pin,6889
I've made more than one attempt to make a purchase and the card keeps getting declined. Why do you keep denying my transfers?,27,declined_transfer,5625
My card payment was reverted,53,reverted_card_payment?,6838
I need help right now. I realize I sent my payment to the wrong account number after making a typo. Please cancel the transfer now since I can't do it from the app.,8,cancel_transfer,2224
"Why is my transfer not working? I tried multiple times to transfer money, and all that happens is an error message pops up.",7,beneficiary_not_allowed,7086
Why is my transfer pending when I already made it?,48,pending_transfer,6121
Google Pay won't let me top up.,2,apple_pay_or_google_pay,9758
How do I make my top up complete?,47,pending_top_up,2047
How is my card payment still pending?,45,pending_card_payment,5122
How do I order a new card when my old one is ready to expire?,9,card_about_to_expire,9547
An extra fee of €1 was in my statement,34,extra_charge_on_statement,736
Someone else charged my card!,28,direct_debit_payment_not_recognised,4707
I did not receive all of my cash back,75,wrong_amount_of_cash_received,2498
How long will this transfer from europe take?,67,transfer_timing,6603
"I paid my rent into the wrong account, could you please pay it into the right account, it needs to be done by tomorrow.",8,cancel_transfer,2190
I want to have multiple currencies in my account if possible.,36,fiat_currency_support,890
How can I request cash back? The ATM gave me the wrong amount that I've been charged though...,75,wrong_amount_of_cash_received,2364
I'm trying to make a bank transfer but It's not going through. Could there not be enough funds to transfer or something? Have I done it too many times?,35,failed_transfer,7547
Is there an extra fee to exchange currencies?,31,exchange_charge,9053
I noticed a duplicate charge on my statement.,63,transaction_charged_twice,6451
It appears as though my card payment was duplicated. I paid at the store earlier today. The first time it was declined and the second time it worked. The app is still showing one of the payments to be pending. Please take one of these off because clearly the first was declined and is not correct.,63,transaction_charged_twice,6431
Can I specify a day for my card to be delivered?,12,card_delivery_estimate,1023
What is the length of a transaction completion?,66,transfer_not_received_by_recipient,2746
I tried to transfer money to a receiver and they didn't get the right amount. What is going on and who do I contact to help me?,64,transfer_fee_charged,7243
Can I check my recent refund in my statement?,51,Refund_not_showing_up,5777
I topped up but the app declined it,61,top_up_reverted,3249
My card payment is showing pending however this transaction was a couple of days ago. Is there a reason why it it still pending?,45,pending_card_payment,5127
How do I go about topping up with Google Pay?,2,apple_pay_or_google_pay,9651
"Would you please check my Card. As Withdrawal was working fine so far, but this morning suddenly got declined. Can you please check the problem?",26,declined_cash_withdrawal,5015
Please provide details on how to top up my account using transfer option,65,transfer_into_account,7592
Why won't you accept my payment? I keep trying with this card and it's not working.,25,declined_card_payment,5903
Are you able to guide me to my card's location?,41,lost_or_stolen_card,1502
There are a couple of payments with my card shown in the app that I really didn't make myself. What's going on with this?,16,card_payment_not_recognised,3558
I need to move money from one of my other accounts to this one.,65,transfer_into_account,7651
I was not given the amount of cash I withdrew,75,wrong_amount_of_cash_received,2427
I topped off my card is that something you will charge me for?,57,top_up_by_card_charge,9119
How do I deposit through bank transfer?,65,transfer_into_account,7659
How many disposable cards per person?,29,disposable_card_limits,4402
Can I use it outside of Europe?,24,country_support,9923
Can you tell me why I was charged to withdraw cash?,19,cash_withdrawal_charge,9413
What do I do if I've been charged twice for the same transaction?,63,transaction_charged_twice,6315
"I just recently got a new beach condo in Bora Bora, and to furnish it I used this account a lot from overseas. It's upsetting, being a long-time customer of yours, that I saw extra fees on my account from my currency transfer. Is this what I should expect from you in the future?",64,transfer_fee_charged,7327
I've made a transfer from France two days ago but I was wondering if international transfers take longer to arrive because it hasn't made it yet.,5,balance_not_updated_after_bank_transfer,8616
where can I change my address?,30,edit_personal_details,3662
What  is the verification process for a top up card?,71,verify_top_up,7754
Are there going to be fees from adding money with an international card?,57,top_up_by_card_charge,9103
Where do I find the verification code for the card I'm topping up?,71,verify_top_up,7777
What can I expect at card expiration?,9,card_about_to_expire,9593
The ATM wouldn't let me withdraw cash.,26,declined_cash_withdrawal,5043
"There are a few transaction that I don't recognize, I think someone managed to get my card details and use it.
",22,compromised_card,4476
Hello. I'm trying to transfer some money to a friend but it keeps getting rejected. can you help me?,35,failed_transfer,7526
I did not make a direct debit payment as listed on my app,28,direct_debit_payment_not_recognised,4710
What is the minimum age limit?,1,age_limit,1607
Can money be exchanged from one currency to another?,33,exchange_via_app,1364
"When I attempted to make a transfer, it failed.",35,failed_transfer,7562
Are cards issued to people living in the US?,24,country_support,9914
Can I change my PIN at my local bank?,21,change_pin,6892
"Hi, I want to inquire about my balance. Some cash was deposited and it hasn't updated yet.",6,balance_not_updated_after_cheque_or_cash_deposit,3307
What should I do to top up using my Apple Watch?,2,apple_pay_or_google_pay,9738
How do I begin the process of a refund?,52,request_refund,5450
I placed a cheque but the funds aren't there,6,balance_not_updated_after_cheque_or_cash_deposit,3346
I don't recognize this debit transaction in my billing statement?,28,direct_debit_payment_not_recognised,4737
I would like to receive instructions showing the verification process for top up cards..,71,verify_top_up,7688
I wanted to know why my transaction didn't go through.,27,declined_transfer,5629
Why does my transfer still say it is pending?,48,pending_transfer,6095
"My top up keeps showing pending?  How long will things be like this?  Days, weeks, months?  I need the money quite urgently for an important coffee purchase, can you please let me know when top up will work?",47,pending_top_up,2025
What's the pending length for credit transactions? I've had one in my pending category now for days and it won't move to processed.,45,pending_card_payment,5232
Is there a reason why my card was declined when I attempted to withdraw money?,26,declined_cash_withdrawal,4975
I cannot get my virtual card to function.,72,virtual_card_not_working,8190
How do I receive a refund for my item?,52,request_refund,5539
i put money on my card and i dont see it on the balance,47,pending_top_up,1931
Please explain why my transfer attempt was declined. Thank you.,27,declined_transfer,5673
My wallet is empty even though I topped it up an hour ago.,62,topping_up_by_card,4321
is there a way i can see source of money?,70,verify_source_of_funds,6589
When I purchased a product in another country the currency exchange was incorrect.,17,card_payment_wrong_exchange_rate,534
No Visa please. I want to continue with Mastercard.,73,visa_or_mastercard,4168
At what age can my children use your service?,1,age_limit,1624
I would like it if I could get an item refunded,52,request_refund,5499
Is there a reason why top-up needs verifying?,71,verify_top_up,7721
I've transferred money into my account but the balance is the same,5,balance_not_updated_after_bank_transfer,8627
"I want to add money to my international card, so are there any fees charged to do this?",57,top_up_by_card_charge,9178
How can I top up with Google play?,2,apple_pay_or_google_pay,9767
why has a cash withdrawal charged me?,19,cash_withdrawal_charge,9348
What currencies and cards do you support?,54,supported_cards_and_currencies,2950
Are you able to delete my account?,55,terminate_account,6139
I can't find out how to top-up my account using cash.,58,top_up_by_cash_or_cheque,8042
Which ATM's can I use to make a withdrawal?,3,atm_support,4549
Am I able to stop a transfer?,8,cancel_transfer,2145
I made a cash withdrawal and it is still listed as a pending transaction.,46,pending_cash_withdrawal,838
Can you give me the restrictions of the disposable cards?,29,disposable_card_limits,4345
"I no longer have my phone, what should I do?",42,lost_or_stolen_phone,5319
Reason for my card to decline,25,declined_card_payment,5973
What do I have to do to activate my card?,0,activate_my_card,9213
Would reinstalling the app solve the problem?,23,contactless_not_working,1788
I noticed that there's a payment on my card that's pending.,45,pending_card_payment,5177
I deposited a check a few days ago and it's still not gone in! Please help me with this,6,balance_not_updated_after_cheque_or_cash_deposit,3447
"If I wanted to change my PIN, how would I do that?",21,change_pin,6893
What should I do if I think that someone might be using me card?,22,compromised_card,4536
Why is there an extra charge of 1 dollar on my statement?,34,extra_charge_on_statement,701
Where do i verify a top-up card?,71,verify_top_up,7779
"I'd like to make a SEPA transfer to my account, but will I be charged?",56,top_up_by_bank_transfer_charge,1911
"My Bank is in Europe, how long will the transfer take?",67,transfer_timing,6627
I want a refund for an item,52,request_refund,5517
How do you do currency exchanges?,32,exchange_rate,382
Where do you get those exchange rates?,32,exchange_rate,401
I am having a problem proving who I am,68,unable_to_verify_identity,3970
Why was I charged an extra fee from the ATM?,19,cash_withdrawal_charge,9459
"To deliver to the US, how long will it take?",12,card_delivery_estimate,1028
I need to change my address in the personal details.,30,edit_personal_details,3669
I would like to top up my account automatically. How do I do that?,4,automatic_top_up,1147
Help me use American Express to add money to the account.,54,supported_cards_and_currencies,2960
My refund for a purchase hasn't  cone through yet.,51,Refund_not_showing_up,5816
"A transaction I did to my friend hasn't arrived yet, why?",66,transfer_not_received_by_recipient,2715
How much does it cost to top up a US-issued card?,57,top_up_by_card_charge,9114
Can I get a Visa from you?,73,visa_or_mastercard,4219
Help me!  I don't know what my password is.,44,passcode_forgotten,4814
Is there a way you can have money from a purchase I made refunded to my account.,52,request_refund,5392
Is it possible to have an item refunded?,52,request_refund,5446
"So, my transfer is showing as pending, when will it actually go through?",48,pending_transfer,6109
"How long do EU transfers take? I bought something online a couple of days ago , sent the money immediately online but the seller says it is still not there yet.",48,pending_transfer,6094
Can I reset my PIN if it is blocked?,49,pin_blocked,1673
Please provide me a list of ATMs that accept my card.,3,atm_support,4577
Why would a transfer to an account not be allowed?,7,beneficiary_not_allowed,7052
After trying to update my account balance yesterday by cheque it doesn't seem to working. Shouldn't the process be quicker? I need my account looked at because there appears to be a problem.,6,balance_not_updated_after_cheque_or_cash_deposit,3413
Can I be charged for exchanging foreign currency?,31,exchange_charge,9045
How do I edit the personal details on my account?,30,edit_personal_details,3663
Is it okay to hold money in multiple currencies?,36,fiat_currency_support,884
What is this $1 charge on my account?,34,extra_charge_on_statement,665
can i get a card if I live in the usa?,24,country_support,9900
Why is there an extra fee on my statement?,34,extra_charge_on_statement,571
I made a payment but the app cancelled it.,53,reverted_card_payment?,6758
I'm still waiting for my card that was issued a week ago. What should I do?,11,card_arrival,113
"I just took some cash out of a cash machine in Heathrow airport because I wanted to buy some new sunglasses for my holiday but you've added a fee to the withdrawal, what is this?",19,cash_withdrawal_charge,9419
I can't remember my password.,44,passcode_forgotten,4854
I'm really upset because I made a typo during a transfer and now I've sent money to the wrong account.  I can't fix this with the app.  Please help me immediately!,8,cancel_transfer,2229
Where can I check to see where the money in my account came from?,70,verify_source_of_funds,6584
if im not using my account should i close it or just let it sit,55,terminate_account,6163
I tried to deposit a cheque into my account and it is not letting me.,58,top_up_by_cash_or_cheque,8036
My app statement shows I took out cash from an ATM but I did not. What can I do?,20,cash_withdrawal_not_recognised,8830
Is there an exchange rate?,32,exchange_rate,348
How come I was charged an extra fee when paying with the card?,15,card_payment_fee_charged,2606
I didn't make a payment at this business.,16,card_payment_not_recognised,3545
What do I do if I completed a money transfer but the recipient hasn't received it?,66,transfer_not_received_by_recipient,2763
Is it possible to hold money in different currencies?,36,fiat_currency_support,978
"Where can I find out the fee structure for my account? I have been charged fees for some transactions, but not for other ones. I can't find a pattern in these fees.",15,card_payment_fee_charged,2532
How much is ok for me to top up with?,60,top_up_limits,2243
"Hi , I just came to know I made the wrong transaction  yesterday. Would  you please make it correct?I need it by tomorrow.",8,cancel_transfer,2154
Where are the ATMs that I can use Mastercard?,3,atm_support,4605
Why is the cash transaction still showing as not completed?,46,pending_cash_withdrawal,857
What do I do if I have exceeded all my PIN tries?,49,pin_blocked,1732
Can you tell me why my transfer declined?,27,declined_transfer,5579
Do you have EUR currency available for me?,36,fiat_currency_support,988
"When I received my money, it was not in the correct amount. The exchange rate was not what it should have been.",76,wrong_exchange_rate_for_cash_withdrawal,8314
What is this witdrawal,20,cash_withdrawal_not_recognised,8802
How do I link a new card to an existing one?,13,card_linking,246
Are there any hidden limit on the auto top-up?,4,automatic_top_up,1184
Hello I changed my mind and really need a refund on one of things I bought recently. Can you please cancel the transaction and get me my money back. Pls it's urgent,52,request_refund,5424
"There is a direct debit charge that I don't recognize, what can I do?",28,direct_debit_payment_not_recognised,4784
"I need my PIN, where is it?",38,get_physical_card,4008
When can I expect delivery?,12,card_delivery_estimate,1022
"Hi, I have an apple watch. How do I use it to top up my card?",2,apple_pay_or_google_pay,9644
Do you offer account's for minors?,1,age_limit,1650
"I sent a payment, but the person I sent it to says they don't have it",66,transfer_not_received_by_recipient,2843
What is the dollar that I have pending on my statement there?,34,extra_charge_on_statement,679
I just saw a fee on my account. When do these get charged?,15,card_payment_fee_charged,2659
There is a direct debit transaction that I did not authorize,28,direct_debit_payment_not_recognised,4685
I checked my account and see that funds were deducted from a seller I didn't approve of. Can you help me understand?,28,direct_debit_payment_not_recognised,4808
How do I fix my card if it is broken?,14,card_not_working,1280
Can I choose from either Visa or Mastercard?,73,visa_or_mastercard,4132
Why has my top up been cancelled,61,top_up_reverted,3206
How much is the charge for a foreign currency exchange?,31,exchange_charge,9029
I need help reapplying my top-up. It seems it isn't working.,59,top_up_failed,8553
What does pending payment mean?,45,pending_card_payment,5124
Can third party fees affect a transfer?,56,top_up_by_bank_transfer_charge,1912
"I heard that you support more than one type of fiat currency, would you tell me which ones please?",36,fiat_currency_support,982
Can someone assist me with updating my account details with changing my last name?,30,edit_personal_details,3740
How do I get a disposable virtual card as well?,37,get_disposable_virtual_card,8372
What do you require for identification verification?,69,verify_my_identity,9861
How much do I have to pay to accept an international transfer?,31,exchange_charge,8979
Where is my refund? it appears to be missing.,51,Refund_not_showing_up,5760
I payed my rent to my landlord a few days ago and he is saying the it never went though. Everything looks good to me and I even double checked the account number. I don't know what could be causing the confusion. Can you help me please?,66,transfer_not_received_by_recipient,2810
Am I going to be charged for receiving  money?,56,top_up_by_bank_transfer_charge,1892
What is the reason for my card payment to be reverted?,53,reverted_card_payment?,6814
I have been charged two times for one transaction.,63,transaction_charged_twice,6366
Why will my transfer not go through?!  Keep getting an error message.,7,beneficiary_not_allowed,7100
Is this open to residents of all countries?,24,country_support,9905
I cannot find my refund on my statement.,51,Refund_not_showing_up,5747
Please assist me in activating the card.,0,activate_my_card,9218
I took out money from the ATM and it's still showing as pending?,46,pending_cash_withdrawal,855
I would like to get an account for my child.,1,age_limit,1630
Are these cards available in europe?,24,country_support,9878
What ATMs will allow me to change my PIN?,21,change_pin,6990
What should I do if I don't know my password?,44,passcode_forgotten,4818
Why have I been charged a fee for cash withdrawal?,19,cash_withdrawal_charge,9339
What different currencies can I get?,33,exchange_via_app,1452
"I want to know which currencies and cards are supported, can you provide a list?",54,supported_cards_and_currencies,2977
"I made a transfer and the receiver said they haven't actually received the right amount, but it's a bit less. Now I have to transfer more money to make up for the missing bit. Can you please alert me about this, what has been going on?",64,transfer_fee_charged,7232
Is there a way to track my card?,11,card_arrival,89
I purchased this item and would like a refund,52,request_refund,5423
Cancelling a transaction,8,cancel_transfer,2214
Why hasn't the app verified my identity?,68,unable_to_verify_identity,3979
How long will it take my card to get here?,12,card_delivery_estimate,1057
I need to update my phone number.,30,edit_personal_details,3757
I would like to cancel my order.,52,request_refund,5412
"I have enough money in my account, so why is my card being declined?",25,declined_card_payment,5978
"I want to link to my card card with you, how?",13,card_linking,226
Is the PIN separately delivered?,38,get_physical_card,4078
How old does one need to be?,1,age_limit,1657
Transferring money using credit card,62,topping_up_by_card,4290
"I thought I left my card at a restaurant, but they claim not to have it and now I don't have any idea where it is. I'm so worried that someone might be using it fraudulently. Is there any way to look into this?",41,lost_or_stolen_card,1497
If I live outside of the UK am I still eligible for a card?,24,country_support,9879
Where are cards available to order?,43,order_physical_card,8151
How can my new card be activated?,0,activate_my_card,9215
Why are there additional fees for transfers?,64,transfer_fee_charged,7303
Can I top-up my google pay?,2,apple_pay_or_google_pay,9719
"
I put the wrong pin too many times and now it is blocked. Can you help me unblock it?",49,pin_blocked,1710
do you accept from usa credit card?,54,supported_cards_and_currencies,2984
Why is my app showing me taking money that I did not take out?,20,cash_withdrawal_not_recognised,8919
Why is my cash request and the amount I received different?,75,wrong_amount_of_cash_received,2334
Seems like my top up has been cancelled,61,top_up_reverted,3172
Why is it saying I have a pending payment?,45,pending_card_payment,5241
Activate my card,0,activate_my_card,9197
I need clarity on why my card is not working.,14,card_not_working,1346
I need to change my personal details in my account.,30,edit_personal_details,3676
My passcode is not being accepted,44,passcode_forgotten,4848
Will I be charged for a top off transfer?,56,top_up_by_bank_transfer_charge,1841
How do I replace my card?,9,card_about_to_expire,9616
I may have entered the PIN wrong and the account is blocked.  What do I have to do to get it unblocked.,49,pin_blocked,1763
What is the normal time to make an international transfer? I made one a few days ago that still hasn't arrived.,5,balance_not_updated_after_bank_transfer,8668
Help me unblock my PIN.,49,pin_blocked,1693
Can I top off with a debit card?,54,supported_cards_and_currencies,2925
What do I need to do to transfer money with my credit card?,62,topping_up_by_card,4299
Can i get money in my home currency at my ATM ?I am on holiday and bit concerned because i do not have any cash with me .Is it possible to withdraw without any additional cost.,76,wrong_exchange_rate_for_cash_withdrawal,8323
"I'm not in the UK, but can I still get a card?",24,country_support,9964
what is the cost for exchanging currencies?,31,exchange_charge,8994
"I transferred a payment a couple days ago and it shows done, but it has not been received.  Could you please help me?",66,transfer_not_received_by_recipient,2809
Can I start an account for my kids?,1,age_limit,1566
"Money was taken out without my consent,",20,cash_withdrawal_not_recognised,8882
Is there a way to see my money's source?,70,verify_source_of_funds,6550
do i have to wait for a physical card before i get my pin,38,get_physical_card,4019
There are charges on my card that I haven't purchased.,22,compromised_card,4471
Is there an automatic top up feature?,4,automatic_top_up,1126
Can i cancel this purchase?,52,request_refund,5374
Please help me delete this account.,55,terminate_account,6217
Can I choose my card scheme?,73,visa_or_mastercard,4170
How do I get a refund for something I bought?,52,request_refund,5395
My transaction has not been received. When are you going to process it?,66,transfer_not_received_by_recipient,2811
Can this app exchange American and English currency?,33,exchange_via_app,1470
why wouldnt the atm give me money,26,declined_cash_withdrawal,5024
I could not get the ATM to work,26,declined_cash_withdrawal,5002
I have a charge I did not make.,16,card_payment_not_recognised,3642
Can I tell what business will take this card?,10,card_acceptance,3099
How long am I to wait before the transfer gets to my account?,67,transfer_timing,6594
the exchange rate is wrong from something I got in another country,17,card_payment_wrong_exchange_rate,496
How to order a virtual card,40,getting_virtual_card,3020
What's the process for topping up my card?,62,topping_up_by_card,4313
Was my transaction reverted with my card?,53,reverted_card_payment?,6791
Would I be able to top up as much as I can?,60,top_up_limits,2239
I do not have the information to verify my identify.,68,unable_to_verify_identity,3943
Purchases I did not make are appearing in my bank statement?,28,direct_debit_payment_not_recognised,4755
Can you please check the exchange rate when I was getting cash?,76,wrong_exchange_rate_for_cash_withdrawal,8341
My transaction from earlier needs to be reversed.,8,cancel_transfer,2218
Am I able to change my PIN at certain cash machines?,21,change_pin,6952
"In regards to my card payment, the exchange rate is incorrect.",17,card_payment_wrong_exchange_rate,452
Can I get my card fast tracked?,12,card_delivery_estimate,1010
"I've obtained the card, how do I enable it on the app?",13,card_linking,220
Since when do you charge to make a withdrawal? I've always done it for free. So how much is it now?,19,cash_withdrawal_charge,9359
What does a 'pending payment' mean?,45,pending_card_payment,5167
Tell me why there is a charge on my cash withdrawl.,19,cash_withdrawal_charge,9401
I topped up about half an hour ago and the charge is still pending. I'm a new customer and today is my first time doing this. Can you fix it? It doesn't seem to be working.,47,pending_top_up,1988
Are refunds allowed for certain items.,52,request_refund,5400
My card isn't working at all. What happened?,14,card_not_working,1275
How long will it take for a bank transfer to show up on my account? It's been a couple hours but I havnt seen anything yet. Also it's from a UK account if that makes any difference.,5,balance_not_updated_after_bank_transfer,8621
How can I exchange AUD for GBP?,33,exchange_via_app,1368
How much does top up fees cost?,57,top_up_by_card_charge,9177
Can you explain why my payment was charged a fee?,15,card_payment_fee_charged,2545
"Hey, I attempted to top up my card today and for some reason it didn't work. When I did it the other way it worked just fine. Could you help me figure out why this is happening please?",59,top_up_failed,8485
How come I have pending transfers?,48,pending_transfer,6055
"I attempted to top-up with my card this morning, but the transaction was unsuccessful. I received the card two days ago and was successful using it previously. Could you please help me?",59,top_up_failed,8519
I don't understand why you aren't accepting my transfer. After a couple times trying I'm still getting an error message.,7,beneficiary_not_allowed,7093
"There was just a withdrawal but it wasn't me, I've never even visited the town where the withdrawal happened.",20,cash_withdrawal_not_recognised,8878
"Hi, I have been transferring money to my friends since morning, but all my transactions were getting failed. Can you please look into this issue.",35,failed_transfer,7493
I noticed on my online statement that an ATM withdrawal I made early is still pending.  Is this accurate?,46,pending_cash_withdrawal,760
Why is top up not working if I use my American express with my apple pay?,2,apple_pay_or_google_pay,9705
Which countries do you work with?,24,country_support,9917
I have a transaction and would like to know if I it's cancelable?,8,cancel_transfer,2141
i can not see my top up,62,topping_up_by_card,4236
Are you only able to get a card if you're in the UK?,24,country_support,9953
"What does it mean when a transfer is ""pending""?",48,pending_transfer,6123
What are the steps I should take to recover my swallowed card?,18,card_swallowed,6303
I was issued a card about a week ago. why hasn't it come in yet?,11,card_arrival,110
i noticed that the funds were returned to my bank account. What happened?,61,top_up_reverted,3278
"My money is gone :( I had topped up recently and saw it was there and went through, but now it's disappeared, what's going on?",61,top_up_reverted,3202
I use my card internationally to manage payments and I just noticed that you are adding additional fees.  Why?  I am a good customer and this has me thinking about leaving.,64,transfer_fee_charged,7231
How to modify my details.,30,edit_personal_details,3721
Please tell my why I was charged a fee for using my card?,15,card_payment_fee_charged,2654
Why do we need to verify top-ups?,71,verify_top_up,7771
It looks like I was charged twice for a single transaction,63,transaction_charged_twice,6343
I have made a recent check and cash deposit that isn't reflected in my balance.,6,balance_not_updated_after_cheque_or_cash_deposit,3345
How do I order another card?,39,getting_spare_card,7900
How will I know what the exchange rate is?,32,exchange_rate,359
Why hasn't my withdrawal shown on my statement?,46,pending_cash_withdrawal,763
My card got charged twice for the same thing!,63,transaction_charged_twice,6309
Can I receive my card anywhere?,43,order_physical_card,8109
Do I need a photo ID to activate a my new card?,0,activate_my_card,9190
I need to terminate my account immediately.,55,terminate_account,6202
Can you tell me why my card payment did not work?,25,declined_card_payment,5909
Can I change from AUD to GBP?,33,exchange_via_app,1357
Why is the transfer still pending?  Can I do something?,48,pending_transfer,6090
How can I order my card?,43,order_physical_card,8119
I don't know what this Direct Debit payment is.,28,direct_debit_payment_not_recognised,4775
Where is this card accepted?,10,card_acceptance,3151
Looks like my top up failed.,59,top_up_failed,8495
What are the various currencies and cards that you offer support for?,54,supported_cards_and_currencies,2987
My card payment has the wrong exchange rate,17,card_payment_wrong_exchange_rate,498
I didn't cancel my top-up.,61,top_up_reverted,3162
Can you help me find the virtual card?,40,getting_virtual_card,3023
Why does my statement show a $1 charge on my account?,34,extra_charge_on_statement,636
"Pending still shows on this transfer, why?",48,pending_transfer,6136
Why was my request for cash declined?,26,declined_cash_withdrawal,4928
Remove my account immediately.,55,terminate_account,6138
Today I used my card at a restaurant and it was declined. Why?,14,card_not_working,1322
"When I got cash, my exchange rate was off.",76,wrong_exchange_rate_for_cash_withdrawal,8329
Is there a list of ATMs that take this card?,3,atm_support,4600
I wanted to purchase some crypto. The app will not let me. What's going on here? I really want to make this exchange.,7,beneficiary_not_allowed,7039
"If I order a new card, how much will it be and how long will it take me to get it?",9,card_about_to_expire,9594
Why have I not yet received my virtual card?,40,getting_virtual_card,3079
"If I don't live in the UK, can I get a card?",24,country_support,9936
I believe my card has been compromised because of a strange withdrawal,20,cash_withdrawal_not_recognised,8859
Does it cost to top up my card?,57,top_up_by_card_charge,9087
I'm seeing a direct debit payment that is not me.,28,direct_debit_payment_not_recognised,4668
I've got charges on my account I did not authorize. Can I get this money back from the last couple of days that it's been coming out? I also need to freeze my card.,16,card_payment_not_recognised,3566
I have no idea why there is a dollar that has been charged to my account.,34,extra_charge_on_statement,583
My cash withdrawl has the wrong rate of exchange.,76,wrong_exchange_rate_for_cash_withdrawal,8309
I have an unfamiliar direct debit in my statement.,28,direct_debit_payment_not_recognised,4761
What is the time frame that it usually takes for a transfer to come through? I have a friend needing it immediately but it has yet to come through.,66,transfer_not_received_by_recipient,2699
"I initiated a payment a while ago and it is still showing as ""pending"", how long will it take to clear?",45,pending_card_payment,5111
My card was declined but it shows as multiple charges?,63,transaction_charged_twice,6430
Do I have to verify the top-up?,71,verify_top_up,7746
I can't withdraw money,26,declined_cash_withdrawal,4941
"Help, the ATM didn't give me all the money I requested",75,wrong_amount_of_cash_received,2469
What is the age requirement?,1,age_limit,1659
"I see a transfer fee, but to my understand, that should have been free, what happened?",64,transfer_fee_charged,7186
Are EUR exchanges allowed?,36,fiat_currency_support,889
I need a single use card for shopping online,37,get_disposable_virtual_card,8462
Which establishments will accept my card?,10,card_acceptance,3122
How can I change my name because I just got married?,30,edit_personal_details,3666
Do you have any card fees if I want to add money using an international card?,57,top_up_by_card_charge,9137
Are there specific ATM's I can use with this card?,3,atm_support,4624
I did a transfer but its still pending,48,pending_transfer,6054
What's the card you sent me's tracking number?,11,card_arrival,121
Verifying top-up cards necessary?,71,verify_top_up,7784
What would the age limit be?,1,age_limit,1598
How does the exchange rate work on this app?,32,exchange_rate,395
"
I can't seem to be able to use my card


",14,card_not_working,1290
How can many disposable cards can I have per day?,29,disposable_card_limits,4371
My card hasn't arrived yet. What do I do?,11,card_arrival,149
I will be traveling and want money to be added automatically in certain intervals. Is this possible?,4,automatic_top_up,1168
Do you have any fees if I want to add money using an international card.,57,top_up_by_card_charge,9081
Hello! I randomly got charged an extra fee today as i was shopping online and i have no idea why! Are there extra fees for card payments? Or am i missing something here?,15,card_payment_fee_charged,2683
Do international transfers take longer?? I made a transfer from France 2 days ago but it's still not there yet...,5,balance_not_updated_after_bank_transfer,8659
I was charged multiple times at the same location at the same time,63,transaction_charged_twice,6372
Whats the transfer process,65,transfer_into_account,7570
I need several disposable cards made per day.,29,disposable_card_limits,4429
I did a transfer but the balance is the same.,5,balance_not_updated_after_bank_transfer,8672
The transger I tried to make failed.,35,failed_transfer,7557
"Sort your top up out please! It's been pending since an hour already, can you please make this go through asap I really need the money",47,pending_top_up,1936
The app says my transfer failed,35,failed_transfer,7478
I have a transfer that was declined.,27,declined_transfer,5599
What are the sources for the funds in my account?,70,verify_source_of_funds,6484
I would like to know how much I can top-up.,60,top_up_limits,2261
What do I need to see my source of money?,70,verify_source_of_funds,6523
"Hi, I am experiencing problems while trying to top-up with my card. I have never experienced any problems doing this before. Could you please help me?",59,top_up_failed,8578
How was I charged extra when I used my card to pay?,15,card_payment_fee_charged,2636
My identity has been stolen. I still have my physical card but there are charges I didn't make on my account. How do I cancel this card or dispute the charges?,20,cash_withdrawal_not_recognised,8877
"I don't want this account anymore, how do I delete it?",55,terminate_account,6204
Do you accept cheques for top ups?,58,top_up_by_cash_or_cheque,8046
I put money in my account a week ago but its still not there?? What happened to my money?,6,balance_not_updated_after_cheque_or_cash_deposit,3416
I need to cancel my recent transfer quickly since I made a mistake. Please help before it goes through.,8,cancel_transfer,2205
The cash I wanted wasn't there.,75,wrong_amount_of_cash_received,2351
I don't recognise a Direct Debit payment,28,direct_debit_payment_not_recognised,4675
How many countries do you work in?,24,country_support,9952
What should I do if someone else used my card?,22,compromised_card,4498
how do I find the code to verify the top up card?,71,verify_top_up,7707
Can I add money to my account with cash?,58,top_up_by_cash_or_cheque,7945
Do you receive SWIFT transfers?,56,top_up_by_bank_transfer_charge,1825
I must change my address.,30,edit_personal_details,3736
Why isn't my pending transfer finished?,48,pending_transfer,6051
Can I transfer my paycheck to the account?,50,receiving_money,7397
Can an American resident apply to get a card?,24,country_support,9976
I want to top up my account. What payment methods are supported?,54,supported_cards_and_currencies,2980
My daughter needs an acount.,1,age_limit,1658
Does it cost anything to do currency exchanges?,31,exchange_charge,9040
I need to change my phone number.,30,edit_personal_details,3672
How do I transfer money between two of my accounts?,65,transfer_into_account,7638
I paid with a card and there is an extra charge. Why?,15,card_payment_fee_charged,2575
"Show me how to link the new card,",13,card_linking,165
"The transfer keeps failing , I tried to transfer some money to friends this morning but it keeps getting rejected for some reason, Would you please check the issue?",35,failed_transfer,7531
What are the steps for  making a transfer for topping up?,65,transfer_into_account,7636
Am I charged if I make a top-up?,56,top_up_by_bank_transfer_charge,1876
"Hearing about your verification results from us may take anywhere from 10 minutes to approximately one hour.  If this verification has in fact, failed, double-check to make sure that your images are clear.  Also make sure that your document photos have no blur or glare. They need to be readable.  You must also be 18 years of age or older and be a resident of Switzerland or the European Economic Area to open an account.",68,unable_to_verify_identity,3934
I've been waiting for a top up to come through for over an hour and I need the funds now.,47,pending_top_up,1966
Can I set automatic top ups?,4,automatic_top_up,1151
I think the exchange rate on my card payment is incorrect.,17,card_payment_wrong_exchange_rate,531
"How long do transfers from a UK bank account usually take for you? I just made a transfer and I'm not seeing anything, wondering if it worked",5,balance_not_updated_after_bank_transfer,8701
When will I get my money? It's been too long.,66,transfer_not_received_by_recipient,2806
Will I get charged for sending out more cards?,39,getting_spare_card,7870
Is there a longer processing time for international bank transfers?,5,balance_not_updated_after_bank_transfer,8646
"My cash withdrawal shows pending, why?",46,pending_cash_withdrawal,796
Why did I not get the amount of money I requested?,75,wrong_amount_of_cash_received,2361
Can you tell me why my card is not working? I keep trying to use it but it keeps rejecting my payment. I am being careful and entering the info correctly but it still happens.,25,declined_card_payment,5855
Where is the top-up verification code?,71,verify_top_up,7743
Can I order a disposable virtual card?,37,get_disposable_virtual_card,8432
"I deposited a check yesterday and Im not seeing it in my account. i need the money, is there something wrong with my account? check it out please",6,balance_not_updated_after_cheque_or_cash_deposit,3399
I just got my new card and tried using it and it was declined?,25,declined_card_payment,5968
My card hasn't arrived in the mail yet. I ordered it two weeks ago. What can I do?,11,card_arrival,78
My payment did not go through because the app reverted it,53,reverted_card_payment?,6880
I happened to forget my password,44,passcode_forgotten,4834
How can I top up my account with a cheque?,58,top_up_by_cash_or_cheque,8044
I want to revert a transaction I did this morning,8,cancel_transfer,2095
Why was a fee added to my bill when I used my card?,15,card_payment_fee_charged,2653
How can I check if I have received a refund if it is not yet on my statement?,51,Refund_not_showing_up,5706
My card payment failed.,25,declined_card_payment,5867
When did you send me my new card?,11,card_arrival,5
Can I make an account for my kids?,1,age_limit,1574
Is there a tracking number for the card?,11,card_arrival,99
How do I top-up while traveling?,4,automatic_top_up,1234
What do I do now that I can't use this card?,14,card_not_working,1297
How long does it take for deliver to the US?,12,card_delivery_estimate,1039
Why is the payment I made still pending?,45,pending_card_payment,5195
"My card payment was reverted, why?",53,reverted_card_payment?,6764
Does the auto top-up have any limits?,4,automatic_top_up,1122
My card hasn't been working for even small transactions today.,14,card_not_working,1283
Can you unblock my blocked pin?,49,pin_blocked,1716
"I tried to add a topup to my account but the money isn't there, anymore. Did I do something wrong?",61,top_up_reverted,3290
When will my cheque process?,6,balance_not_updated_after_cheque_or_cash_deposit,3402
I am unable to use my card.,14,card_not_working,1293
Why can't the recepient of my money transaction see it?,66,transfer_not_received_by_recipient,2792
When will my transfer be in my account?,67,transfer_timing,6644
I need to know what your exchange rates are.,32,exchange_rate,307
I feel as though I have been over charged for the exchange rate on my payment on last Saturday.,17,card_payment_wrong_exchange_rate,456
Can I use my salary for this?,50,receiving_money,7383
"My card payment is just showing up as pending since forever, what's going on with that, it should be going through at some point?",45,pending_card_payment,5109
Why would my card payment get reverted?,53,reverted_card_payment?,6760
terminate my account please,55,terminate_account,6219
Has my top-up gone through?,61,top_up_reverted,3160
"I have lost my card, but need to place an online order! How do I get a virtual card instantly?",40,getting_virtual_card,3076
Where in the app do I link a new card?,13,card_linking,274
"Soon my card will expire, how do I get a new one?",9,card_about_to_expire,9612
Where can I sign up for a virtual card?,40,getting_virtual_card,3067
there is a transfer pending.,48,pending_transfer,6114
I need a physical card.  What are the fees?,43,order_physical_card,8143
Is it possible for me to give my daughter a second card for this account?,39,getting_spare_card,7888
The app says that I got cash in an ATM and I didn't,20,cash_withdrawal_not_recognised,8848
"Can you let me know where my refund money is? I requested a refund a few days back, but it's not showing up yet.  Do you guys have the money yet? Maybe it's just not in my account.  Let me know when it will become available, please.",51,Refund_not_showing_up,5793
Can I activate my card?,0,activate_my_card,9209
I can't get my actual card to work,14,card_not_working,1337
What should I do if I think someone stole my details and used my information to make some transactions?,22,compromised_card,4501
My account says I have money but I withdrew it in cash.,46,pending_cash_withdrawal,797
What do I do when I get close to the expiration date of my card?,9,card_about_to_expire,9635
Should my top up still be pending?,47,pending_top_up,2016
Do you have any accounts for children ?,1,age_limit,1639
Can you provide information for freezing my card immediately?,41,lost_or_stolen_card,1480
What's taking my top-up so long?,47,pending_top_up,2061
I cannot remember my passcode.,44,passcode_forgotten,4870
I'm on vacation in Europe but I desperately need to change my PIN. Can I do this from abroad?,21,change_pin,6955
My account is blocked because I entered the wrong pin too many times.  Help me unblock.,49,pin_blocked,1770
"Good day, in reviewing my credit card activity over the last several days, I see a repeated charge for a restaurant that I went to. The charge was put through twice, so I would like one of the charges corrected and the amount that was withdrawn to be reinstated please.",63,transaction_charged_twice,6357
The attempted transfer failed.,35,failed_transfer,7538
I can't enter my passcode.,44,passcode_forgotten,4910
Do you send more than one card?,39,getting_spare_card,7919
Are there any extras for exchanging currency?,31,exchange_charge,8990
"I need to order a new virtual card, how do I do that?",40,getting_virtual_card,2999
My disposable virtual card won't work.,72,virtual_card_not_working,8200
Why am I getting a fee on a card payment?,15,card_payment_fee_charged,2572
Can I change or hold different currency?,36,fiat_currency_support,906
Why hasn't my top-up gone through?,47,pending_top_up,2015
I made a payment but it's still pending,45,pending_card_payment,5200
I noticed my exchange rate was incorrect when I got cash.,76,wrong_exchange_rate_for_cash_withdrawal,8265
I've forgotten my app passcode completely.,44,passcode_forgotten,4896
"I'm trying to verify my top-up card, but I can't find the code...?",71,verify_top_up,7705
I thought transfers were free of charge.  I bought something abroad and got charged a ridiculous fee. How do I get this problem fixed.,64,transfer_fee_charged,7262
I transferred some cash and it didn't arrive,66,transfer_not_received_by_recipient,2797
Why do we need to verify a top-up card?,71,verify_top_up,7712
I want to close my account. The service you provide is unsatisfactory to me.,55,terminate_account,6195
Do you have a limit for someone's age?,1,age_limit,1638
Is the PIN sent in another message?,38,get_physical_card,4086
Why have I all of a sudden been charged for my ATM withdrawal? I thought the withdrawals were free because this is the first time I've ever had this problem.,19,cash_withdrawal_charge,9412
What has to be done to verify my identity?,69,verify_my_identity,9831
What do I do to Top up my card?,62,topping_up_by_card,4252
I am interested in changing my personal details.,30,edit_personal_details,3650
The card payment I made didn't work.,25,declined_card_payment,5963
How many disposable cards am I allowed to have?,29,disposable_card_limits,4347
The payment I made with my card is not showing up.,53,reverted_card_payment?,6745
The money disappeared when I tried to use my card to top up.,62,topping_up_by_card,4277
I tried to make a purchase in the store but my card was declined.,25,declined_card_payment,5880
My google top-up pay is not going through,2,apple_pay_or_google_pay,9694
Do exchanges cost more?,31,exchange_charge,8995
Help me find the transfer that I did.,5,balance_not_updated_after_bank_transfer,8754
What do the disposable cards do?,37,get_disposable_virtual_card,8448
Can you please tell me why my cash withdrawal is still pending?,46,pending_cash_withdrawal,862
The exchange rate for the money I took out in a foreign country is wrong.,76,wrong_exchange_rate_for_cash_withdrawal,8231
What is the process to get a new card when your old one expires?,9,card_about_to_expire,9633
After my card expires what should I do?,9,card_about_to_expire,9539
Why are my purchases from this morning still pending?,45,pending_card_payment,5181
Why was I not able to get cash from the ATM?,26,declined_cash_withdrawal,5028
The exchange rate used on your app is really bad. I'm considering closing my account because of it.,17,card_payment_wrong_exchange_rate,535
Why is my physical card not working?,14,card_not_working,1291
I am out of money in my account and I was wondering if I could do a bank transfer is put more in it?,65,transfer_into_account,7672
When I was abroad the exchange rate for me was wrong.,76,wrong_exchange_rate_for_cash_withdrawal,8287
"I got this stupid fee after taking cash out, why?",19,cash_withdrawal_charge,9408
Will I be charged to top off my account?,56,top_up_by_bank_transfer_charge,1924
What options do I have when topping up a US card?,57,top_up_by_card_charge,9154
Are bank transfers immediate?,5,balance_not_updated_after_bank_transfer,8761
How can people transfer money to me?,50,receiving_money,7352
How fast can you fix an error in payment?  I made a payment in the wrong account yesterday and it needs to be adjusted by tomorrow for my rent.,8,cancel_transfer,2123
My card has been lost! help!,41,lost_or_stolen_card,1517
The activation process for my card isn't working.,0,activate_my_card,9311
"I attempted to top up using my card, but now the money just disappeared?",62,topping_up_by_card,4257
"I traded some of my money from my native country into an ATM to exchange for foreign currency, and the money I received was a different equating amount!",76,wrong_exchange_rate_for_cash_withdrawal,8241
What is minimum age for an account?,1,age_limit,1568
The cash deposit I made this morning has not been credited to my account,6,balance_not_updated_after_cheque_or_cash_deposit,3428
I have been charged a pound for something that appears on my statement,34,extra_charge_on_statement,584
What are the steps to verify identity?,69,verify_my_identity,9799
I got a new address and need to change my information.,30,edit_personal_details,3759
Where do I go to terminate my account?,55,terminate_account,6209
How do i authenticate a top-up card?,71,verify_top_up,7758
"The day before yesterday, I performed a transfer within the country. It still has not completed. Can you check on that? The account number is definitely correct, as I've checked.",66,transfer_not_received_by_recipient,2829
Is it possible to get both a Visa and a Mastercard?,73,visa_or_mastercard,4136
"My phone was stolen yesterday, can you help me with this?",42,lost_or_stolen_phone,5301
My card doesn't seem to work anymore,14,card_not_working,1298
Please tell me the steps to verify my identity.,69,verify_my_identity,9807
Why am I being charged for transfers? Are they not free?,64,transfer_fee_charged,7216
My new landlord is a lier and is trying to rip me off by saying I've not paid my rent when I have paid my rent.  What is going on?  They say the money hasn't got to them but I see it going out of my account.  Can you check that the money went to the right place?,66,transfer_not_received_by_recipient,2825
Where did my extra fee for the transfer come from?,64,transfer_fee_charged,7208
"If I want a friend to top off my account, can they?",62,topping_up_by_card,4320
How do I input a new address?,30,edit_personal_details,3739
Can you close my account please?,55,terminate_account,6200
How can I get disposable virtual cards?,37,get_disposable_virtual_card,8378
"Please help me, its urgent. Someone has withdrawn money from my account as few hours before my wallet has been. Now i want to stop withdrawal of more money.",20,cash_withdrawal_not_recognised,8933
Please can i get a disposable virtual card as well?,37,get_disposable_virtual_card,8407
"I was charged a fee for the transfer, but can you tell me why?",64,transfer_fee_charged,7195
Is there an allowance on cards?,15,card_payment_fee_charged,2687
What's the reason for needing to verify my identity?,74,why_verify_identity,3798
Where do you mail physical cards?,43,order_physical_card,8146
I need to withdraw money. Where can I do that?,3,atm_support,4590
Why does it show that my transfer is still pending?,48,pending_transfer,6077
How can I add money automatically?,4,automatic_top_up,1165
Please tell me how to edit my personal details.,30,edit_personal_details,3695
Why check my identity?,74,why_verify_identity,3838
What does top-up verification do?,71,verify_top_up,7800
"What is the reason when I tried to pay contactless at the bus, it didnt work?",23,contactless_not_working,1816
I didn't receive the correct amount of cash,75,wrong_amount_of_cash_received,2408
Why is there a €1 charge on my statement?,34,extra_charge_on_statement,735
Is there a daily auto top-up limit?,4,automatic_top_up,1128
I've never been to that store.  That's a fraudulent charge.,16,card_payment_not_recognised,3536
Am I going to see a charge for a SEPA transfer?,56,top_up_by_bank_transfer_charge,1828
Is my card denied anywhere?,10,card_acceptance,3115
The atm didn'y give me all the cash,75,wrong_amount_of_cash_received,2477
I sent money and the recipient has not received their money after two weeks.,66,transfer_not_received_by_recipient,2721
Someone might be using my card.  What should I do?,22,compromised_card,4472
How do I add a new card?,13,card_linking,198
"I have made 5 attempts to make a very standard survey, yet I can't get it to work. What is the problem? Is there an issue related to your system?",35,failed_transfer,7432
"There is an unexplained $1 charge on my statement, can you please explain this to me?",34,extra_charge_on_statement,682
Why hasn't my money transfer shown up yet?,5,balance_not_updated_after_bank_transfer,8680
Why did you give me so little currency?,76,wrong_exchange_rate_for_cash_withdrawal,8240
"I can't get my card out of the ATM, what should I do now?",18,card_swallowed,6252
"On my statement, there is a strange 1£ charge that appears as pending. What's causing that? I haven't purchased anything that's just a pound.",34,extra_charge_on_statement,630
I was charged for getting cash.,19,cash_withdrawal_charge,9349
Help! In the app there is a payment that I don't remember.,16,card_payment_not_recognised,3485
My card payment has been declined,25,declined_card_payment,5912
There is a top up that has been pending for an hour and I don't know why.  I was expecting it immediately and need it now!,47,pending_top_up,2030
"My phone was stolen, what should I do?",42,lost_or_stolen_phone,5252
Still waiting for transfer to be completed.,66,transfer_not_received_by_recipient,2761
There is a payment on my card that I do not recognize.,16,card_payment_not_recognised,3572
Can I deposit money using Apple Pay?,2,apple_pay_or_google_pay,9647
Does the exchange rate change each day for purchases? There is a different rate on my purchase.,17,card_payment_wrong_exchange_rate,482
I would like to dispute a direct debit transaction,28,direct_debit_payment_not_recognised,4734
What is the longest that a payment will show pending?  There is one showing that has been sitting there a few days.,45,pending_card_payment,5132
What fiat currencies can I use for holding and exchanging?,36,fiat_currency_support,892
The transfer to my account was not allowed.,7,beneficiary_not_allowed,7090
Tell me what the steps for the identity checks are,69,verify_my_identity,9851
The card PIN is not visible anywhere?,38,get_physical_card,4020
"Why do you keep declining my transfers? it's always been working really well so far but when I tried to buy something just now the card got declined, I tried couple of times already  but same thing is happening.",27,declined_transfer,5670
I cannot withdraw money from the ATM,26,declined_cash_withdrawal,4986
It seems that something went wrong with my exchange. I changed Russian Ruble into UK pounds but have been charged entirely too much!,17,card_payment_wrong_exchange_rate,477
"I sent money to someone but they haven't gotten it, what's going on?",66,transfer_not_received_by_recipient,2728
why hasn't my cash arrived yet from my cheque?!,6,balance_not_updated_after_cheque_or_cash_deposit,3472
Unusual direct deposit,28,direct_debit_payment_not_recognised,4758
I had an unexpected fee,64,transfer_fee_charged,7237
How do I know which payments I make will have additional fees? Where can I find this information online?,15,card_payment_fee_charged,2697
When will I recieve my new card?,11,card_arrival,27
What cash stations take this card?,3,atm_support,4575
In what places can I use my card?,10,card_acceptance,3141
How old do you have to be?,1,age_limit,1595
I tried to withdraw cash at an ATM in the city center but my card was declined. The transaction is still showing up as pending - please cancel it!,46,pending_cash_withdrawal,766
My balance doesn't include my latest transfer,5,balance_not_updated_after_bank_transfer,8653
I topped up but it isn't in my account,47,pending_top_up,1945
What types of cards and money do you accept?,54,supported_cards_and_currencies,2885
I was checking my account when I saw a $500 cash withdraw that I know I didn't do.  I have my card so I don't understand how this happened.  Please help me.,20,cash_withdrawal_not_recognised,8812
I found my lost card in my jacket pocket this morning so I'd like to reactivate it please.,13,card_linking,170
I need to order a new card as my old one will expire soon. Can you tell me how to order a new one?,9,card_about_to_expire,9568
I got less cash because of the exchange rate.,76,wrong_exchange_rate_for_cash_withdrawal,8209
my cash out is still pending,46,pending_cash_withdrawal,822
"In a month, my card will reach its expiration date, am I required to request the next card?",9,card_about_to_expire,9532
Will you guys do Visa or Mastercard?,73,visa_or_mastercard,4227
"About two days ago now, I made a transfer from France but it hasn't arrived yet. Is it possible that the international transfer just takes longer?",5,balance_not_updated_after_bank_transfer,8619
Why isn't my top up showing?  Was the money reversed?,61,top_up_reverted,3255
There is a record of payment I never submitted on the app.,16,card_payment_not_recognised,3543
I have been charged twice for the same thing!,63,transaction_charged_twice,6473
What's up with the fee for getting cash?,19,cash_withdrawal_charge,9389
I am looking to change my adress.,30,edit_personal_details,3687
How long does it take for a money transfer to show up?,48,pending_transfer,5995
I sent some money and the account hasn't recived the transfer I made.,66,transfer_not_received_by_recipient,2840
"I want to hold and exchange fiat currencies, what can I use to do so?",36,fiat_currency_support,987
Why is my payment in pending status?,45,pending_card_payment,5100
need my details changed,30,edit_personal_details,3684
How long does it typically take to make a transfer from a UK bank? I just made one and it hasn't shown up in my account yet.,5,balance_not_updated_after_bank_transfer,8711
What is the procedure of unblocking my PIN?,49,pin_blocked,1712
are transfers to a beneficiary possible,7,beneficiary_not_allowed,7061
"My transfer is still pending, why?",48,pending_transfer,6048
What does the decline message mean,27,declined_transfer,5593
I don't recognize a charge on my statement.,16,card_payment_not_recognised,3617
What currency is acceptable for a top up?,54,supported_cards_and_currencies,2962
How to unblock my PIN?,49,pin_blocked,1755
I don't see the transaction I made to a friend on my account.,66,transfer_not_received_by_recipient,2713
There's a payment in my history I don't recognize,16,card_payment_not_recognised,3571
Can you please check my UK Account to make sure everything went alright?  I made the transfer a couple of hours ago.,5,balance_not_updated_after_bank_transfer,8623
"I was out today looking forward to paying with my brand new card, turns out the payment just kept getting declined. This is pretty sad, what's going on?",25,declined_card_payment,5954
The first payment I attempted for my card at the store earlier did not process so I had to make a second attempt. The second time it worked. It now appears I was charged twice. After looking at the app I see a pending charge. Please remove the pending amount because it is clearly not accurate and was declined.,63,transaction_charged_twice,6464
My virtual card is just not going through.,72,virtual_card_not_working,8170
I was not distributed all of cash that I requested,75,wrong_amount_of_cash_received,2428
What is the age limit?,1,age_limit,1609
What do I do if someone used my card without my permission?,22,compromised_card,4513
how do i find out about transfers,50,receiving_money,7358
Can I make an account for my daughter?,1,age_limit,1663
There is a single payment on my card which shows as pending.,45,pending_card_payment,5189
"I need a second card, can I have more than one?",39,getting_spare_card,7923
Will I be fined for topping up by transfer?,56,top_up_by_bank_transfer_charge,1854
I would like to cancel a purchase.,52,request_refund,5462
is there a way to see where funds come from,70,verify_source_of_funds,6549
How many days does a regular transaction take to complete?  I see a pending payment that hasn't changed in the last several days.,45,pending_card_payment,5228
Can I add money to my card automatically during a trip?,4,automatic_top_up,1137
why would i be declined if i had money iin my account,26,declined_cash_withdrawal,5061
Can I allow other people to top up my account?,62,topping_up_by_card,4293
I tried to top up with my card but it's not working. I had just done this a couple days previously and it worked. Can you tell me what's going on here please?,59,top_up_failed,8559
"Hello, I trying to top up with my card today but it didn't work. When I tried last time it worked but today it isn't. Could you take a look at it for me?",59,top_up_failed,8542
Is there a limit to how much I can top up?,60,top_up_limits,2258
How do I know where the funds come from?,70,verify_source_of_funds,6576
Can you tell me about why the account I have was charged an extra 1$,34,extra_charge_on_statement,674
tell me how I can order my card.,43,order_physical_card,8070
Do you work in Greece?,24,country_support,9994
I ordered a card and would like to know how to track the delivery progress of it.,11,card_arrival,74
My app shows cash I didn't get.,20,cash_withdrawal_not_recognised,8826
How do I query a payment on my card? It looks like I have paid for the same thing twice.,63,transaction_charged_twice,6311
is my pin the same as my passcode,38,get_physical_card,4098
Explain how to verify my identity?,69,verify_my_identity,9836
Is there restrictions on where I can use my card?,10,card_acceptance,3134
What is the best way to get my virtual card?,40,getting_virtual_card,3038
I have a card payment I didn't make,16,card_payment_not_recognised,3581
I transferred money and it hasn't come yet,66,transfer_not_received_by_recipient,2784
"I think someone saw my PIN and I am on vacation in Spain, can I change it locally at an ATM?",21,change_pin,6946
There is some odd 1£ charge that appears as pending on my statement. What's that about? Pretty sure I haven't purchased anything for a pound there.,34,extra_charge_on_statement,672
Why was my cash withdrawal declined by the ATM?,26,declined_cash_withdrawal,5001
Am I getting charged for making a payment?,15,card_payment_fee_charged,2608
Can you tell me why I can't make any transactions?,14,card_not_working,1314
An ATM machine didn't return my card.,18,card_swallowed,6280
Why hasn't my friend's transaction arrive yet?,66,transfer_not_received_by_recipient,2817
I must make several disposable cards per day.,29,disposable_card_limits,4443
"went somewhere else, need to change details",30,edit_personal_details,3748
Please specify any limitations that come along with disposable cards.,29,disposable_card_limits,4408
How long do top-ups take to go through,47,pending_top_up,2027
What businesses accept this card?,10,card_acceptance,3103
When can I use money sent to my account?,67,transfer_timing,6634
I tried to transfer money but it didn't go through,35,failed_transfer,7517
I don't recognize the direct debit payment from the app.,28,direct_debit_payment_not_recognised,4657
I didnt get the correct exchange rate for getting cash,76,wrong_exchange_rate_for_cash_withdrawal,8246
Can I create my own top-up limit?,60,top_up_limits,2293
What are disposable virtual cards?,37,get_disposable_virtual_card,8404
"In the app, I see a withdrawal I didn't make.",20,cash_withdrawal_not_recognised,8869
I have transferred some money but the balance hasn't changed,5,balance_not_updated_after_bank_transfer,8692
"Can you explain your refund policy, please?",52,request_refund,5538
Please help me.  I don't know my code to get into the app.,44,passcode_forgotten,4855
Why did my money disappear when I topped up??,61,top_up_reverted,3252
I have a disposable card but it does not work?,72,virtual_card_not_working,8206
Is my account accessible even though my verification of my identity has not passed yet?,74,why_verify_identity,3824
"I need to reset my passcode, this one isn't working",44,passcode_forgotten,4880
"Hello, I'm a brand new customer and tried topping up for the first time today. It has been pending for half an hour and doesn't seem to be working. Please resolve this.",47,pending_top_up,2072
Is it possible to exchange currencies on the app?,33,exchange_via_app,1436
What is the minimum age required to open an account with your service?,1,age_limit,1590
My card payment says pending and it hasn't changed,45,pending_card_payment,5130
Can you help me get Top Up to work in the Apple Pay function?,2,apple_pay_or_google_pay,9731
Could you please explain why I received a message that my transfer is not possible? I've never had any problems making a transfer in the past.,7,beneficiary_not_allowed,7147
What forms of ID work for verification?,69,verify_my_identity,9837
"Looks like my card payment was duplicated after all. I went to pay at the store earlier, got declined once,second time it works. App still stays pending for one of the payments. Can you please remove one of them as it's wrong and was declined?",63,transaction_charged_twice,6460
What are the restrictions of the disposable cards?,29,disposable_card_limits,4348
Do you ship your cards anywhere?,43,order_physical_card,8077
why was i chargged,64,transfer_fee_charged,7218
Why is my friend not getting a transaction arrival yet?,66,transfer_not_received_by_recipient,2859
To many charges on my card how do I go about fixing that?,63,transaction_charged_twice,6425
What do I do if my card is about to expire?,9,card_about_to_expire,9548
Why did you charge me extra?,34,extra_charge_on_statement,617
"I want to get a Visa and Mastercard, is it possible to get both from you?",73,visa_or_mastercard,4163
How do you top up with a cheque?,58,top_up_by_cash_or_cheque,7975
How do I request the PIN?,38,get_physical_card,4038
I want to start using my card.,0,activate_my_card,9181
Is there an auto top up option?,4,automatic_top_up,1163
My money hasn't been transferred yet.,5,balance_not_updated_after_bank_transfer,8667
Why do you need all these details about my identity?,74,why_verify_identity,3888
How do I make my card appear on the app?,13,card_linking,272
For what reason is my transfer still pending now?,48,pending_transfer,6124
What are then rules on beneficiaries?,7,beneficiary_not_allowed,7153
Can i have the item refunded?,52,request_refund,5464
Why is there are there two of the same transaction?,63,transaction_charged_twice,6477
Why isn't my balance updating?  I did a bank transfer and it isn't current.,5,balance_not_updated_after_bank_transfer,8687
how soon will my card arrive?,12,card_delivery_estimate,1076
I made a purchase but never expected to see a fee charged for the transaction.,15,card_payment_fee_charged,2630
"I just topped up, and the app denied it.",59,top_up_failed,8572
Someone stole my card!,41,lost_or_stolen_card,1501
"I withdrew some cash, when is it going to show?",46,pending_cash_withdrawal,836
I would like to know where my source of funds came from.,70,verify_source_of_funds,6494
I am angry that I got charged for using my card.,15,card_payment_fee_charged,2665
I found my card. How can I put it into my app?,13,card_linking,161
Why was I charged twice?,63,transaction_charged_twice,6405
"I just saw a charge for a cash withdrawal that I made! ATM withdrawals have always been free in the past, so why is there suddenly a charge? What is it going to cost me now?",19,cash_withdrawal_charge,9387
How do I top up with a cheque?,58,top_up_by_cash_or_cheque,7938
How will I get my card?,12,card_delivery_estimate,1086
Why do I need to verify my account?,74,why_verify_identity,3802
"Hello, I am buying a flat and need the inital payment for the mortgage to go through. It keeps showing up as error, what is going on? Can you please help me make this transfer?",35,failed_transfer,7486
Why can't I use a disposable card?,29,disposable_card_limits,4404
"I have a cash withdrawal that says it's pending, why?",46,pending_cash_withdrawal,854
I don't think my transfer wen through. Why?,35,failed_transfer,7499
Can an apple watch be used to tup-up?,2,apple_pay_or_google_pay,9735
What should I do when my card reaches its expiry date?,9,card_about_to_expire,9580
My foreign currency exchange has been applied incorrectly.,17,card_payment_wrong_exchange_rate,465
There was a charge made on my card from a couple weeks ago and I don't remember making the purchase. Nor do I remember the company itself. Can we trace this at all to confirm if I did it or not?,28,direct_debit_payment_not_recognised,4661
"I received my new card and tried using it today, just to have it show declined over and over again.  Why is this happening?",25,declined_card_payment,5964
Can I exchange currencies with the app?,33,exchange_via_app,1429
Why was my card charged when topping off my balance but it's not showing up in my wallet balance?,62,topping_up_by_card,4268
Do you limit my top-ups?,60,top_up_limits,2320
I didn't know I was going to get charged to use my card.,15,card_payment_fee_charged,2622
What is the maximum for top-ups?,60,top_up_limits,2306
"My PIN number was incorrect, and I can't access it.",49,pin_blocked,1730
Do you have a problem with EUR exchanges?,36,fiat_currency_support,961
A mortgage payment I'm making is giving me an error message.  This is the first time I'm making this payment and want to know what's wrong.,35,failed_transfer,7541
Do you know the process how to activate my card?,0,activate_my_card,9283
I believe i was charged for making a withdrawal after i went grocery shopping. Are you guys charging for this now?,19,cash_withdrawal_charge,9465
Was there a number to track that I could get?,11,card_arrival,146
"I wanted to buy something online yesterday, but I could not because the card got declined on the day of and the following day. What is wrong with the card?",27,declined_transfer,5632
How can I exchange GBP for AUD?,33,exchange_via_app,1433
I need to know what flat currencies you support for holding and exchange.,36,fiat_currency_support,894
The card payment is declined.  Please inform me why.,25,declined_card_payment,5931
Are there any discounts for frequent currency exchanges?,31,exchange_charge,8974
"Why am I being charged for ATM cash withdrawals? The only reason I use it is because it's been free! Now you expect me to pay for them, and how much is that going to cost me?",19,cash_withdrawal_charge,9363
I live in the EU - can I get a card?,24,country_support,9893
How do I go about verifying the top-up card?,71,verify_top_up,7802
"Hey, I tried to withdraw some cash earlier and it's saying it's pending? Will I be charged for this?",46,pending_cash_withdrawal,755
I need a transfer cancelled.,8,cancel_transfer,2101
I have a transfer waiting.,48,pending_transfer,6098
Is there a cash withdrawal fee? Because I just got charged?,19,cash_withdrawal_charge,9382
What caused my top up to be reverted?,61,top_up_reverted,3241
I need you to delete my account now.,55,terminate_account,6142
Why did my cash deposit not show up?,6,balance_not_updated_after_cheque_or_cash_deposit,3313
How long will this take to get to me?,12,card_delivery_estimate,1032
"Cash withdrawal has been pending, why is it so?",46,pending_cash_withdrawal,746
Will I be charged for receiving the money?,56,top_up_by_bank_transfer_charge,1899
"I deposited money in the form of a cheque, but my balance has not increased.",6,balance_not_updated_after_cheque_or_cash_deposit,3322
I haven't gotten my credit card in the mail.,11,card_arrival,148
Someone has taken my phone from my hotel room!,42,lost_or_stolen_phone,5296
Help! I lost my card!,41,lost_or_stolen_card,1484
What limits are there on the virtual cards?,29,disposable_card_limits,4399
I have not received an item i ordered yet so i want to cancel it and get a refund. Can you please guide me on how to go about it?,52,request_refund,5508
My PIN isn't working.,49,pin_blocked,1738
How long does it take for a pending cash withdrawal?,46,pending_cash_withdrawal,778
"I bought something while traveling, and the exchange rate was wrong.",17,card_payment_wrong_exchange_rate,474
I've tried several times to make a payment and every time my card is declined? Could my card be locked? I don't know what to do.,25,declined_card_payment,5981
I prefer Mastecard.,73,visa_or_mastercard,4104
Why is identity verification required?,74,why_verify_identity,3782
"Transfers may show up as pending for up to one business day while they are processed, and then they'll depart for the beneficiary accounts. Please confirm that you have correctly entered your account details. SEPA transfers typically take up to two working days, while SWIFT transfers can take up to five working days.",48,pending_transfer,6105
My rate is not right when I used my card in a different country's money.,76,wrong_exchange_rate_for_cash_withdrawal,8292
How do you exchange currencies,33,exchange_via_app,1431
"My transfer was declined, why is that?",27,declined_transfer,5624
I've been waiting ages and my PIN hasn't gotten here.,38,get_physical_card,4090
When are cards shipped?,12,card_delivery_estimate,1081
Do top-ups have a limit?,60,top_up_limits,2308
How can I transfer money using my credit card?,62,topping_up_by_card,4275
My account shows I made a debit payment to someone that I can't recall and would like to find out who the payment was made to.,28,direct_debit_payment_not_recognised,4656
How does one send me money?,50,receiving_money,7398
How can I find a way to transfer money without it being rejected?,27,declined_transfer,5671
Why is my card being declined when I try to do a top-up? How can this be immediately resolved?,59,top_up_failed,8531
I need to change details about my personal account.,30,edit_personal_details,3671
What do I need to do to receive my payroll in the account?,50,receiving_money,7368
My contactless is non-functional.,23,contactless_not_working,1806
Will there be a charge when money is added to my account?,56,top_up_by_bank_transfer_charge,1844
I just got an email in confirming my purchase with my card. I login to the mobile app on the card and found out there are several purchase were made without me aware of it. Evidently someone had stole my card information and made these fraudulent purchase. I need the transaction to be reverse and have my card suspended.,22,compromised_card,4463
Can someone please help assist me by explaining to me why my pass-code is not working?,44,passcode_forgotten,4905
My card payment has failed.,25,declined_card_payment,5966
What's the maximum amount I can top up my card with please?,60,top_up_limits,2281
I really need some help to understand why my transfer keeps failing. I'm trying to send money to a friend. Please help.,35,failed_transfer,7448
Where do I find how to top off with a check?,58,top_up_by_cash_or_cheque,7981
Are you located in other countries?,24,country_support,9907
"There are a couple payments with my card shown in the app that i really didn't make myself. What's happenning with this, does someone has access to my card?!",16,card_payment_not_recognised,3499
Why was my withdrawal declined,26,declined_cash_withdrawal,4930
My last ATM request did not go through due to a declined card. Please cancel the request on my account.,46,pending_cash_withdrawal,867
Do you offer any discounts for someone who exchanges currencies frequently?,31,exchange_charge,8970
Why has my transfer not arrived yet?,66,transfer_not_received_by_recipient,2824
Unable to use my American Express with Apple Pay to top up my account,2,apple_pay_or_google_pay,9706
Would it be possible to open up an account for children?,1,age_limit,1576
How can I move money from an account at another bank to this one?,65,transfer_into_account,7585
How long before a check I send clears?,58,top_up_by_cash_or_cheque,8043
How do I set up my card PIN?,38,get_physical_card,4036
What locations can I get money from?,3,atm_support,4547
What's the deal with verifying the top-up?,71,verify_top_up,7760
"I desperately need to top-up my card, so why is it being declined? Can you solve this for me? I need to use my card immediately!",59,top_up_failed,8544
My physical card is not working,14,card_not_working,1289
I found a direct debit I would like to dispute,28,direct_debit_payment_not_recognised,4730
"My friend deposited $100 into my account, but it is not showing up!",6,balance_not_updated_after_cheque_or_cash_deposit,3427
"Changed details is essential, what steps do I take to do so?",30,edit_personal_details,3694
What happens if the ATM doesn't give the right amount of money?,75,wrong_amount_of_cash_received,2401
Can I Transfer from SWIFT?,56,top_up_by_bank_transfer_charge,1907
Why is there a fee for getting cash?,19,cash_withdrawal_charge,9514
Why is there a fee when I thought there would be no fees?,15,card_payment_fee_charged,2521
Why is the exchange rate for my payment incorrect?,17,card_payment_wrong_exchange_rate,526
How long is the delivery time to the US?,12,card_delivery_estimate,1015
How can you assist me on topping up on bank transfers to my account?,65,transfer_into_account,7571
What documents do you need to verify my identity?,69,verify_my_identity,9854
What kind of fees will I pay when I transfer?,64,transfer_fee_charged,7174
There is a cash withdrawal on my statement that I did not make,20,cash_withdrawal_not_recognised,8866
The transfer I made isn't reflected in my balance,5,balance_not_updated_after_bank_transfer,8622
I was declined when trying to withdrawal cash!,26,declined_cash_withdrawal,4959
Can my salary be received here?,50,receiving_money,7333
Why is the exchange rate different from what I expected?,17,card_payment_wrong_exchange_rate,500
"Just received my replacement card, what steps do i need to take to activate it?",0,activate_my_card,9322
I am inquiring about a $1 charge on my statement.,34,extra_charge_on_statement,575
"my phone was taken yesterday, what should I do about my account?",42,lost_or_stolen_phone,5358
A direct debit payment I didn't do shows in my app,28,direct_debit_payment_not_recognised,4645
When going to the ATM to take out some cash today my withdrawal was  declined.  I need to fix this problem as soon as possible. whats going on?,26,declined_cash_withdrawal,5055
why does it take so long to verify my id,68,unable_to_verify_identity,3983
My exchange seems to have something wrong with it. I changed over Russian Ruble to UK pounds and it appears I was charged way more than I was supposed to be.,17,card_payment_wrong_exchange_rate,493
I have an emergency and lost my phone.  I need help accessing my account.,42,lost_or_stolen_phone,5278
The payment on my card shows as pending.,45,pending_card_payment,5217
The exchange rate for my payment last Saturday must be wrong because I was charged extra.,17,card_payment_wrong_exchange_rate,515
Is there a way to reset my PIN?,49,pin_blocked,1731
My phone was left behind.  Can I still use my card?,42,lost_or_stolen_phone,5312
Does my top up and apple pay work together?,2,apple_pay_or_google_pay,9707
Why hasn't my balance been updated from the check deposit I made?,6,balance_not_updated_after_cheque_or_cash_deposit,3410
Where do you export the cards to?,43,order_physical_card,8108
I think something went wrong with my exchange between Russian Ruble and UK pounds. I was overcharged during the swap.,17,card_payment_wrong_exchange_rate,409
I made a deposit and the balance hasn't been updated.,6,balance_not_updated_after_cheque_or_cash_deposit,3339
How do I link a new payment card?,13,card_linking,247
Are there restrictions on disposable virtual cards?,29,disposable_card_limits,4379
Can you explain to me why a top-up would still be pending?,47,pending_top_up,2064
There's a cash withdrawal I am certain I did not make,20,cash_withdrawal_not_recognised,8900
Why do I have a strange payment on my statement?,16,card_payment_not_recognised,3547
My statement shows charges for things I never purchased. Were my account details stolen?,22,compromised_card,4497
"After I make a payment, how long will it be before it transitions from ""pending"" to complete?",45,pending_card_payment,5150
"Unable to complete transfer, states 'declined'",27,declined_transfer,5630
I'd like to discuss an order I placed quite a long time ago. I have yet to receive it and am growing upset.  I want a refund as I now refuse to pay for the product.,52,request_refund,5415
If I have a credit card with you how I get set up to link to it?,13,card_linking,186
The app does not know it is me.,68,unable_to_verify_identity,3906
How long should I wait for top up go go through ?,47,pending_top_up,1977
Are there virtual disposable cards?,37,get_disposable_virtual_card,8433
How do I use the app to exchange currencies?,33,exchange_via_app,1407
My last name has changed and I need to update my account details.,30,edit_personal_details,3661
Would I get a Visa or Mastercard?,73,visa_or_mastercard,4134
"I want to get some cash from the ATM using my card but I dont want to be charged any fees. Ive taken some money out before with no fees, but recently Ive been getting charged. Why?",19,cash_withdrawal_charge,9407
Tell me how to top up my account using bank transfer.,65,transfer_into_account,7653
I transfered my balance a while back.  Why doesn't my account reflect this?,5,balance_not_updated_after_bank_transfer,8674
Does it cost anything to buy something from another country? Like is there going to be hidden transfer fees or currency conversion fees?,64,transfer_fee_charged,7299
I just moved. How do I give you my new address?,30,edit_personal_details,3668
Where can I have a new bank card sent to China?,9,card_about_to_expire,9542
I know I'm getting a new card but would like know when I can expect to receive it.,11,card_arrival,58
Must I verify my identity?,74,why_verify_identity,3856
What do I do if my payment was reverted?,53,reverted_card_payment?,6877
You advertise no fee when paying with a card then my statement shows a fee.,15,card_payment_fee_charged,2679
What is the current exchange rate?,32,exchange_rate,324
how long does delivery take?,12,card_delivery_estimate,1027
I'm not recognizing the card payment.,16,card_payment_not_recognised,3621
Why is the cash withdraw I made shown as pending?,46,pending_cash_withdrawal,752
Since when were there charges for taking out cash from my account? It's always been free for me to do this before.  How much are the charges going to be?,19,cash_withdrawal_charge,9448
"I was checking the app for my account and I noticed there is an authorized charge on it.  I haven't used my card today, so I know I didn't do it.  I would like the transaction reversed and the money replaced.",28,direct_debit_payment_not_recognised,4716
Card delivery services? Where?,43,order_physical_card,8116
"
Where can I use my card?",10,card_acceptance,3116
What would cause a transfer failure?,35,failed_transfer,7439
Why are there multiple transactions showing for one purchase?,63,transaction_charged_twice,6445
What is the purpose of requiring my identification?,74,why_verify_identity,3811
There's a payment in the app that I didn't authorize.,16,card_payment_not_recognised,3641
I need someone to find out where my money has gone to? It has disappeared. I completed a top up earlier and seen it had went through. Since it has now disappeared I need to know what's going on.,61,top_up_reverted,3187
The bank charged me fees for withdrawing cash!,19,cash_withdrawal_charge,9420
"who do I talk to, to cancel a transfer?",8,cancel_transfer,2128
What is the charge for exchanging currency?,31,exchange_charge,9024
I think my account has been hacked there are charges on there I don't recognize.,22,compromised_card,4461
Can I unblock my pin using the app?,49,pin_blocked,1750
My wallet was stolen and all my credit cards were in there.  HELP?!!?,22,compromised_card,4538
I'm not able to verify my identity.,68,unable_to_verify_identity,3920
What is the charge to make a transfer,56,top_up_by_bank_transfer_charge,1851
Will I have to wait much longer for my new card to arrive?,11,card_arrival,66
Why am I seeing a fee for transferring money?,64,transfer_fee_charged,7257
"My card has not been delivered yet and its been a week since I ordered it, please help",11,card_arrival,70
explain the virtual card,40,getting_virtual_card,3087
What was the extra charge for withdrawing money?,19,cash_withdrawal_charge,9473
"I cannot get to my app, what should I do?",42,lost_or_stolen_phone,5336
"I'm stuck here at your broken ATM and I don't know what to do next. Asked for 30 pounds, got 10. ATM said I got 30. Something very wrong here and I want my money now!",75,wrong_amount_of_cash_received,2509
Is there a reason to why I was charged twice for a transaction?,63,transaction_charged_twice,6454
Where do I find the auto top up option?,4,automatic_top_up,1216
A payment I didn't do shows in my app,16,card_payment_not_recognised,3520
Can I cancel a transaction?,8,cancel_transfer,2081
"Something is wrong with the top up! I'm a regular customer and use your service all the time, usually this works but now it just shows up as pending",47,pending_top_up,1943
Do I need to go to a physical bank to change my PIN?,21,change_pin,6910
"I went to the store and tried to make a purchase.  The first time, it was declined, but the second one went through.  But my App shows me that I've already been charged once and the second charge is still pending.  Can you make sure that I'm not charged twice?",63,transaction_charged_twice,6404
Can this card be used at all ATMs?,3,atm_support,4608
"I just saw some charges on my card from the past days that I dont recognize, I need to freeze the card asap! Will I be able to get my money back?",16,card_payment_not_recognised,3557
What currencies can I use?,54,supported_cards_and_currencies,2906
Someone mugged my and stole everything.  I can't use the app.  What should I do?,42,lost_or_stolen_phone,5273
My top up has failed,59,top_up_failed,8525
Are there directions to get a new passcode if I forgot mine?,44,passcode_forgotten,4908
i would like to top up with check,58,top_up_by_cash_or_cheque,7991
The money has not yet been placed in recipients account.,66,transfer_not_received_by_recipient,2777
I think that somebody is utilizing my card without my authorization!,22,compromised_card,4475
Reverted top up,61,top_up_reverted,3297
My card was declined at a restaurant today and I am not sure why.,14,card_not_working,1296
How can I edit my personal details in the app?,30,edit_personal_details,3710
Is there a problem with the top up system? My transaction hasn't gone through properly,47,pending_top_up,1992
I'm still expecting the transaction to be finished,66,transfer_not_received_by_recipient,2841
Where do I get a disposable virtual card?,37,get_disposable_virtual_card,8438
I want one of the virtual cards!,40,getting_virtual_card,3056
Transfer has failed.,35,failed_transfer,7443
I found the card I thought I lost this morning. Can I reactivate this card?,13,card_linking,202
Duplicate transactions appear on my account,63,transaction_charged_twice,6367
why are all my identity details required,74,why_verify_identity,3778
Why was I charged an additional fee when paying with card?,15,card_payment_fee_charged,2627
Can I reactivate a card?,13,card_linking,175
I am not recognized by the app.,68,unable_to_verify_identity,3939
the exchange rate was different than expected,76,wrong_exchange_rate_for_cash_withdrawal,8331
The exchange rate was different when I got cash,76,wrong_exchange_rate_for_cash_withdrawal,8299
There is a payment in the app I did not make,16,card_payment_not_recognised,3584
"I've just made a money transfer to the wrong account, I need to stop the money from being moved as it may be going to someone I don't know.  Please can you help?",8,cancel_transfer,2150
"How can I get my money back on an order. I haven't gotten the item yet, so I want to cancel the order. How?",52,request_refund,5486
Does the card you sent have a tracking number?,11,card_arrival,77
"My card is expiring soon, How do I order a new card?",9,card_about_to_expire,9567
Its been several days and my cash withdrawal is still pending. Why?,46,pending_cash_withdrawal,845
"I've been to several different countries, can I exchange the cash with a discount for a large transaction?",31,exchange_charge,8998
Can someone assist me with activating my new card?,0,activate_my_card,9263
How long will it take for me to get my card?,11,card_arrival,75
Please tell me what the exchange fee is.,31,exchange_charge,9033
"I have received my statement but I do not see my refund, why is that?",51,Refund_not_showing_up,5748
I'm a new customer and tried topping up today for the first time. It's still pending and doesn't seem to be working. I need to get this fixed.,47,pending_top_up,1973
I withdrew cash but it still shows as pending?,46,pending_cash_withdrawal,770
I bought an item and now I want a refund.,52,request_refund,5500
Which documents do I need for this identity check?,69,verify_my_identity,9846
"I did a cash deposit to my account, but I am not seeing it on my statement.",6,balance_not_updated_after_cheque_or_cash_deposit,3429
Why isn't my google top-up pay working?,2,apple_pay_or_google_pay,9659
Card payment has be declined.,53,reverted_card_payment?,6798
I was made to pay an additional pound!,34,extra_charge_on_statement,640
Why am I being a charged for using my card?,15,card_payment_fee_charged,2513
Why was an extra charge added when I used my card?,15,card_payment_fee_charged,2670
My card hasn't shown up yet.,11,card_arrival,76
beneficiary transfer problems?,7,beneficiary_not_allowed,7159
I have kids and I'm curious at what age could they start to use your service.,1,age_limit,1617
I would like a virtual card...how do I get one?,40,getting_virtual_card,3086
Help me change my PIN.,21,change_pin,6982
What do you charge for an exchange fee?,31,exchange_charge,8999
I believe my card has been compromised as there's a cash withdrawal I don't recognize.,20,cash_withdrawal_not_recognised,8811
Is there something wrong with the ATM? It would not let me pull cash out of my account.,26,declined_cash_withdrawal,5053
Can my password be reset if I do not have it?,44,passcode_forgotten,4887
I paid with card and was charged a fee that shouldn't be there!,15,card_payment_fee_charged,2526
I need to modify my details.,30,edit_personal_details,3717
I want to change my PIN - do I need to be in a bank?,21,change_pin,6934
Explain the card PIN to me.,38,get_physical_card,4055
Can you tell me what I need to do to have my pin changed?,21,change_pin,6979
Is there a way to link the card i just got?,13,card_linking,197
I can't use my card because it is not working.,14,card_not_working,1245
I need to order a new card.,43,order_physical_card,8059
What forms of ID do you need for identity verification?,69,verify_my_identity,9808
"So much time has gone by, the pending status shouldn't still be there shouldn't it?",46,pending_cash_withdrawal,773
It won't let me prove my identity.,68,unable_to_verify_identity,3971
I do not think the pop up went through yet.,47,pending_top_up,2012
Can I auto-top up?  How do I do it?,4,automatic_top_up,1172
Can you tell me when the transfer will be completed?,48,pending_transfer,6133
How do i top up my google pay?,2,apple_pay_or_google_pay,9714
What's your refund policy if I bought an item from you?,52,request_refund,5419
need to know if there is a maximum i can top up,60,top_up_limits,2241
I was just contacted by a seller that let me know they didn't get my money even though I'm very sure it was removed from my account. Now it's back in my account. Get this resolved quickly.,53,reverted_card_payment?,6836
Can I change my PIN on holiday?,21,change_pin,6998
The ATM wouldn't let me have my money.,26,declined_cash_withdrawal,5051
What does it mean if my cash withdrawal is pending?,46,pending_cash_withdrawal,824
"If I exchange foreign currency, are there any other charges?",31,exchange_charge,9006
"I think something is wrong with your top up.  I've been waiting a little over an hour for this to go through, can you send it through for me?",47,pending_top_up,2026
can the delivery be specific to my needs?,12,card_delivery_estimate,1026
What do I do if I got the wrong amount at the ATM?,75,wrong_amount_of_cash_received,2398
I lost my phone. Can I use my card without the app?,42,lost_or_stolen_phone,5283
my transfer isn't there,5,balance_not_updated_after_bank_transfer,8774
There is random cash in my account.,20,cash_withdrawal_not_recognised,8938
I want to use cash to top up.,58,top_up_by_cash_or_cheque,8028
How do I access the virtual card?,40,getting_virtual_card,3045
I am having trouble finding the top-up card verification code.,71,verify_top_up,7694
I've been charged an extra £1 and I don't know why,34,extra_charge_on_statement,733
I want to know about your refund policy.,52,request_refund,5386
I need to be made aware when I am being charged an extra amount for payments please. I looked over the app earlier and noticed an additional feel related to one of the payments. I was not warned about this before.,15,card_payment_fee_charged,2616
What do I do if the ATM took my card?,18,card_swallowed,6245
What documentation is needed for the identity check?,69,verify_my_identity,9845
What is the limit on Auto top?,4,automatic_top_up,1174
This disposable virtual card is not working.,72,virtual_card_not_working,8186
How do I know what exchange rate I will get?,32,exchange_rate,302
My top up is not working,59,top_up_failed,8470
why has a transaction to a friend been delayed?,66,transfer_not_received_by_recipient,2714
Should I order a new card before I freeze my original one?,22,compromised_card,4485
What are Interbanks current exchange rates?,32,exchange_rate,327
I didn't withdraw the amount of cash that is showing up in the app.,20,cash_withdrawal_not_recognised,8785
How do I go about getting an actual card?,43,order_physical_card,8065
When will my card be delivered?,12,card_delivery_estimate,1025
How long do transfers take to show up in my account?,5,balance_not_updated_after_bank_transfer,8665
What is the extra €1 on my statement for?,34,extra_charge_on_statement,599
How do you determine exchange rates?,32,exchange_rate,341
What is the fee for topping up a US card?,57,top_up_by_card_charge,9066
There is something wrong with my card. Tried to use it a few times today in different places and it just didn't work. The transactions I tried to make were really small so not sure what's going on,14,card_not_working,1315
I am still waiting for a money transfer to process.,48,pending_transfer,6128
I need my card right away.,12,card_delivery_estimate,1092
How long will it take to receive a virtual card?,40,getting_virtual_card,3052
What is the daily limit on my card?,60,top_up_limits,2329
"I sent a cheque to you a few days ago and the deposit has yet to appear in my account. I need this money, what is the problem?",6,balance_not_updated_after_cheque_or_cash_deposit,3390
Have have a small charge on my account from someone I purchased with but I'm not sure what it relates to.,34,extra_charge_on_statement,581
How long should it take for my top-up to finish? I've been waiting a while.,47,pending_top_up,2054
"Please help me, as my topup amount has been reverted, i did it correctly. I think there is some defect in system.",61,top_up_reverted,3267
How come I got blocked for entering wrong pins?,49,pin_blocked,1736
The passcode isn't working for me.,44,passcode_forgotten,4828
I don't understanfd how to top up,62,topping_up_by_card,4267
How do I go forth on transferring a sum of money from one account to another?,65,transfer_into_account,7629
There was a transaction this morning that I'd like to reverse.,8,cancel_transfer,2230
The exchange rate that was applied for an international purchase was wrong.,17,card_payment_wrong_exchange_rate,565
How old can one use your service?,1,age_limit,1642
I need a list of currencies you accept for exchange.,36,fiat_currency_support,949
"I needed to make a payment on my account, but I typed in the incorrect number.  The app won't allow me to cancel this transaction.  I need it cancelled ASAP!!",8,cancel_transfer,2079
Are there restrictions to transfers to certain accounts?,7,beneficiary_not_allowed,7037
How long does it take for a top-up?,47,pending_top_up,2003
Is this app capable of exchanging currencies?,33,exchange_via_app,1419
I had to pay a pound more than I anticipated!,34,extra_charge_on_statement,595
I hate this company! Can you delete my account?,55,terminate_account,6180
what is the leadtime for a new card to show up in the mail?,12,card_delivery_estimate,1113
Why does my identity need to be verified?,74,why_verify_identity,3790
when will my transfer arrive,66,transfer_not_received_by_recipient,2854
What are ways to test why my card might not be working?,14,card_not_working,1277
Where do I go to see the source of my available money?,70,verify_source_of_funds,6509
Where can I get a card in the EU?,24,country_support,9949
Why has my top up not gone through yet?,47,pending_top_up,1985
I thought that transfers are free. Why was I charged an extra fee?,64,transfer_fee_charged,7260
"I made a mistake when making my last transfer, please cancel before it goes thru.",8,cancel_transfer,2174
There is a card payment I'm not familiar with.,16,card_payment_not_recognised,3530
When can I expect money to be transferred to my account?,67,transfer_timing,6648
How can I move money from my account at a different bank to the account I have at this bank.,65,transfer_into_account,7591
Can I use my card at an ATM?,3,atm_support,4578
Can I top up using cash?,58,top_up_by_cash_or_cheque,7947
Is there a reason I was charged an extra fee for using the ATM?,19,cash_withdrawal_charge,9396
When I made a transfer I was charged extra.,64,transfer_fee_charged,7165
How can I create a disposable virtual card?,37,get_disposable_virtual_card,8383
It's been a few days since I've tried to pay a seller but the funds aren't going through. What is happening?,45,pending_card_payment,5222
There's an error with the rate that is charged.,17,card_payment_wrong_exchange_rate,529
I couldn't transfer money to a beneficiery,7,beneficiary_not_allowed,7137
I'm still waiting on my identity verification.,68,unable_to_verify_identity,3989
How do I know what my PIN is?,38,get_physical_card,4060
My payment was terminated,53,reverted_card_payment?,6731
"In the app, how can I make it show the new card that arrived?",13,card_linking,223
something is wrong with my exchange rate charge,17,card_payment_wrong_exchange_rate,475
Why haven't I received a refund yet?,51,Refund_not_showing_up,5682
Am I allowed to transfer money to a beneficiary?,7,beneficiary_not_allowed,7074
My card still hasn't been delivered,11,card_arrival,39
I need to cancel a transaction on my debit card.,28,direct_debit_payment_not_recognised,4753
I forgot the code I need to get into the app.,44,passcode_forgotten,4913
"On my disposable card, is there a transaction limit?",29,disposable_card_limits,4452
I don't think I made this payment that is showing up,16,card_payment_not_recognised,3586
Why is my card payment still listed as pending?,45,pending_card_payment,5171
How do I use bank transfer to top up my account?,65,transfer_into_account,7582
An extra fee has been added to my card payment is this correct?,15,card_payment_fee_charged,2588
I sent a payment but now it's not showing up.,53,reverted_card_payment?,6858
I have noticed that my account was double charged for a couple of items this week. Please review and refund the double charged items back.,63,transaction_charged_twice,6361
Can I order a new card by phone?,9,card_about_to_expire,9577
How long will I have to wait for my new card?,12,card_delivery_estimate,1036
Why is there an identify check?,74,why_verify_identity,3835
I wondered if multiple currencies is okay?,36,fiat_currency_support,903
I am looking to transfer some money from my other bank account into this one.,65,transfer_into_account,7675
"i dont recognise some of these transactions, i think someone has my card details",22,compromised_card,4533
Why am I charged a fee for getting cash?,19,cash_withdrawal_charge,9421
"Hey i need help urgently. I just realised I sent my payment to the wrong account number, there is a typo! Please cancel it immediately, I can't do it anymore from the app",8,cancel_transfer,2179
"Instead of GBP, how do I exchange for AUD?",33,exchange_via_app,1377
Yesterday my phone was stolen from me :( What do i need to do about it?,42,lost_or_stolen_phone,5337
I need to know what these extra charges are on my statement?,34,extra_charge_on_statement,699
"I think my top up may have been reverted, what do I do?",61,top_up_reverted,3203
I made an online purchase and the order has not shown up. Give me my money back.,52,request_refund,5447
Instruct me how to reset the passcode.,44,passcode_forgotten,4900
How can I change my PIN even though I'm out of the country in Austria at the moment?,21,change_pin,6924
I was checking my statement and my top-up has been reverted,61,top_up_reverted,3212
Was my card payment reverted?,53,reverted_card_payment?,6881
I need to get a disposable virtual card?,37,get_disposable_virtual_card,8413
"I really wanted to buy something online but seems the card is not working as the payment suddenly came back! What's going on here, I've been trying for a good week or two.",53,reverted_card_payment?,6738
"I need assistance finding out why I am unable to top-up my card, it keeps getting refused.  It is extremely imperative I get this resolved quickly.",59,top_up_failed,8600
Does transferring money have a fee?,64,transfer_fee_charged,7203
With my credit card i would like to transfer money.,62,topping_up_by_card,4265
How much is a physical card?,43,order_physical_card,8153
What kinds of cards can I use to top up?,54,supported_cards_and_currencies,2959
I don't want to give you all my identify details.,74,why_verify_identity,3850
Can you give me info about what to do when my card expires?,9,card_about_to_expire,9638
How long do I need to wait til my top up isn't pending?,47,pending_top_up,2042
Why does my payment appear as pending?,45,pending_card_payment,5098
Why did they take more money out then I withdrawed?,19,cash_withdrawal_charge,9346
I have an unauthorized direct debit on my account,28,direct_debit_payment_not_recognised,4764
My beneficiary didn't receive my transfer,7,beneficiary_not_allowed,7027
I've just moved and I need to change my details,30,edit_personal_details,3725
I tried using my ATM card at your Notting Hill location today.  It did not work.  Am I doing something wrong?,26,declined_cash_withdrawal,4984
Why did I get charged when getting cash?,19,cash_withdrawal_charge,9445
Where do I find my card PIN?,38,get_physical_card,4081
I've made a bank transfer but the money doesn't seem to be in my account.,5,balance_not_updated_after_bank_transfer,8740
There is money missing from my account.,20,cash_withdrawal_not_recognised,8860
I accidentally exceeded my PIN tries.  Please advise.,49,pin_blocked,1713
is there a limit to top up,60,top_up_limits,2280
I am unable to prove my identity,68,unable_to_verify_identity,3924
Is my top up not working?,47,pending_top_up,1983
How do I open an account for my children?,1,age_limit,1585
Can I top-up any amount?,60,top_up_limits,2237
"i need a refund from you because the merchant is refusing, can you do that?",51,Refund_not_showing_up,5803
Is my card payment reverted?,53,reverted_card_payment?,6767
Can both Visa and Mastercard be chosen?,73,visa_or_mastercard,4149
How many transactions can I make on my disposable card?,29,disposable_card_limits,4405
What am I going to need in order to activate my card?,0,activate_my_card,9277
I want to transfer money. How do I do that for my account?,65,transfer_into_account,7565
Could you send me and up date on the arrival of my card?,11,card_arrival,118
"Hi, Yesterdays i was unable to do online shopping as it was getting declined. Today I am facing the same issue. Please help me in this respect.",27,declined_transfer,5664
I used my card to top up but it's saying it is still pending. What does this mean?,47,pending_top_up,2004
Everything was stolen from me.  I can't use the app.  Please advise.,42,lost_or_stolen_phone,5367
How do I activate my new card I just got?,0,activate_my_card,9203
"I enetered the wrong information, I need my account unblocked How do I do that?",49,pin_blocked,1705
Why isn't my deposit in my account?,6,balance_not_updated_after_cheque_or_cash_deposit,3360
"When I tried to access my cash, I wasn't allowed!",26,declined_cash_withdrawal,4979
How come my transfer got declined,27,declined_transfer,5592
Why isn't my card working anymore?,14,card_not_working,1325
A payment shows up on the app that I never made.,16,card_payment_not_recognised,3577
I don't think the exchange rate was right.,76,wrong_exchange_rate_for_cash_withdrawal,8262
"A few weeks ago, a strange transaction was made on my account by a seller I don't know. I am quite sure I didn't do it and will like for you to check it for me.",28,direct_debit_payment_not_recognised,4652
I just got refunded for my purchase over two weeks ago,53,reverted_card_payment?,6839
Where is my last money transaction,66,transfer_not_received_by_recipient,2716
"Hello, I recently ordered an item and I need help with cancelling and processing a refund as soon as possible. It's very important that I get my refund quickly.",52,request_refund,5461
"My bank app said that I got cash from an ATM, but that's a mistake.",20,cash_withdrawal_not_recognised,8868
Where is my money that I transfered?!,5,balance_not_updated_after_bank_transfer,8649
I need to actuate my card.,0,activate_my_card,9313
Can I get support?,24,country_support,9920
Why can't I withdraw cash from this ATM?,26,declined_cash_withdrawal,4995
I see I was charged $1 for a transaction.,34,extra_charge_on_statement,600
What do I do if I find a debit charge that I know I didn't do in my billing statement?,28,direct_debit_payment_not_recognised,4701
I tried to buy something online yesterday and was told declined. I got the same error today after trying again. What is the problem?,27,declined_transfer,5622
Mastercard is my preferred company.,73,visa_or_mastercard,4213
What needs to be done to activate and use a card?,0,activate_my_card,9208
"When exchanging, how much are the rates?",32,exchange_rate,344
I punched in the wrong pin too many times and I'm locked out.,49,pin_blocked,1780
I have been charged a fee that I didn't know about. Why have you charged me extra for card payments?,15,card_payment_fee_charged,2578
I need my card ASAP!,12,card_delivery_estimate,1062
Is there a fee for a SEPA transfer,56,top_up_by_bank_transfer_charge,1848
DO you know the reason for the identity check?,74,why_verify_identity,3774
What is this €1 charge?,34,extra_charge_on_statement,729
Why did I get charged for withdrawing cash?,19,cash_withdrawal_charge,9471
When the time is right will this automatically replenish my balance?,4,automatic_top_up,1178
My currency rate is inaccurate.,17,card_payment_wrong_exchange_rate,457
I have a new card and need to activate it,0,activate_my_card,9270
I entered a wrong PIN too many times. How can I fix this?,49,pin_blocked,1683
Can I choose what card I can use,73,visa_or_mastercard,4233
I need another card,39,getting_spare_card,7867
I just got married and I need to change my name,30,edit_personal_details,3732
What areas are cards delivered to?,43,order_physical_card,8083
There are automatic debits on my account that I did not make.,28,direct_debit_payment_not_recognised,4678
why is a transfer to beneficiary not possible?,7,beneficiary_not_allowed,7053
Is there anywhere I can't use my card?,10,card_acceptance,3096
There is a direct debit payment I don't recognize.,28,direct_debit_payment_not_recognised,4662
how do i see what i transferred,5,balance_not_updated_after_bank_transfer,8614
What should I do if I exceed my PIN tries?,49,pin_blocked,1735
"I found the card that I thought I lost, and I would like to reactivate it.",13,card_linking,258
"Would you please tell me the status of my refund request for a large purchase I made not long ago? I contacted the merchant nearly a week ago, but haven't received it.",51,Refund_not_showing_up,5772
Help me activate my new card.,0,activate_my_card,9189
Please tell me how I verify my identity.,69,verify_my_identity,9803
What are the top up charges for all US cards?,57,top_up_by_card_charge,9100
"I want to top up from my Apple Watch, can I?",2,apple_pay_or_google_pay,9671
I do I top up from my Apple Watch?,2,apple_pay_or_google_pay,9649
Where can I modify my information?,30,edit_personal_details,3767
How can I top up with a cheque?,58,top_up_by_cash_or_cheque,7965
Won't let me top my card up!! Who can get it sorted out for me? It's urgent! How do I find out what the problem is with my card and how else to top it up?,59,top_up_failed,8607
I transferred money to my account but it is not showing.,5,balance_not_updated_after_bank_transfer,8762
I need to verify my identity. How do I do that?,69,verify_my_identity,9772
Why have I been charged an extra pound?,34,extra_charge_on_statement,608
€1 was in my statement as an extra fee.,34,extra_charge_on_statement,591
There is an urgent transfer I need to make from China.  How long will it take to get it processed?,67,transfer_timing,6683
I urgently need to top-up my card but its getting declined. Please help me in this or advise with other options if any.,59,top_up_failed,8496
The app is showing a direct debit payment that I never made,28,direct_debit_payment_not_recognised,4715
I want to choose a new PIN.,21,change_pin,6907
I did not receive the correct amount for the exchange rate.,17,card_payment_wrong_exchange_rate,513
"On my app I can see that a direct debit payment that I didn't do, appears.",28,direct_debit_payment_not_recognised,4756
I think my top up is still pending?,47,pending_top_up,1942
I NEED HELP WITH MY CARD!!!!! please. It keeps getting declined when I try to use it. I have tried a few times to use it and it keeps getting rejected. I have no idea why.,25,declined_card_payment,5857
"Hello, can you please inform me about international transfers? I am expecting a transfer I made from France two days ago and would like to know when it will arrive.",5,balance_not_updated_after_bank_transfer,8688
You accepts my card?,10,card_acceptance,3113
How do I find the PIN?,38,get_physical_card,4056
Why isn't my beneficiary allowed?,7,beneficiary_not_allowed,7151
"I tried to get some with-drawls but the machine didn't work. The transaction still seems in progress.Seems like  something is wrong,I don't want to be charged for Transaction i did not make.",46,pending_cash_withdrawal,828
I think I forgot my passcode,44,passcode_forgotten,4911
How do I shut down my account and get out of this company?,55,terminate_account,6151
I was charged the wrong exchange rate on a purchase,17,card_payment_wrong_exchange_rate,461
My PIN was blocked.,49,pin_blocked,1752
"My card was used without my permission, what do I do?",22,compromised_card,4522
"Over the holiday I withdrew cash from the ATM and it seems that I was severely overcharged. Had I known that I would be charged those fees, I would not have used the ATM!",76,wrong_exchange_rate_for_cash_withdrawal,8214
"Do you not accept crypto transfers from certain places? Because when I tried to do a top up the money just disappeared. Im not sure what to do or what I'm doing wrong, please help.",61,top_up_reverted,3287
Can I already use my account although the identity verification has not passed yet?,74,why_verify_identity,3866
"If I don't live in the UK, can I still get a card?",24,country_support,9962
Why and I being charged this fee?,15,card_payment_fee_charged,2562
I'm having difficulty verifying my identity.,68,unable_to_verify_identity,3987
What does it mean if my payment is pending?,45,pending_card_payment,5143
I am trying to find out how to exchange currency X with currency Y.,33,exchange_via_app,1381
Can I open an account for my offspring?,1,age_limit,1649
I requested a higher amount for my cash withdrawal,75,wrong_amount_of_cash_received,2352
Why is there a fee for doing a transfer?,64,transfer_fee_charged,7302
"I need to add more funds to my card today because it keeps being declined, and I need to use it immediately. Can you fix this or tell me alternatives?",59,top_up_failed,8590
I lost my phone and need help so someone doesn't access my account.,42,lost_or_stolen_phone,5320
How can I find out why my transfer didn't go through?,35,failed_transfer,7500
Can I get a Visa card?,73,visa_or_mastercard,4229
When will the cash that I put in the ATM be cleared from pending status?,46,pending_cash_withdrawal,873
I can't use the app because I got mugged yesterday and they took everything. Please help.,42,lost_or_stolen_phone,5267
I'm in the EU. Can I get one of your cards?,24,country_support,9991
"I thought you offer crypto top up but it doesn't seem to be right ? Money just disappeared from my account, How it would work ?",61,top_up_reverted,3208
When will a transfer from the US post?,67,transfer_timing,6694
"I am not supposed to be charged a cash withdrawal fee, but I was.",19,cash_withdrawal_charge,9372
Is my new bank card on the way and is there a way to track it?,11,card_arrival,117
I have been overcharged. I just changed over Russian Ruble to UK pounds and it was too much. It seems something was wrong with my exchange.,17,card_payment_wrong_exchange_rate,488
there is a charge i dont recognize,16,card_payment_not_recognised,3487
"I may no longer need GBP, but instead I will need AUD, how can I go about making this change?",33,exchange_via_app,1473
"For a week now, I have tried to use my card and it is still not working.",14,card_not_working,1256
I would like more physical cards,39,getting_spare_card,7856
What are the details of disposable card limitations?,29,disposable_card_limits,4391
how to exchange currencies,33,exchange_via_app,1454
WHAT IS THE MAIN REASON OF THIS PROBLEM,14,card_not_working,1311
Can you tell me more info about virtual disposable cards?,37,get_disposable_virtual_card,8418
"I am tired of getting charged fees, and I have no idea why, please let me know what/when you charge fees for.",15,card_payment_fee_charged,2571
The exchange rate was messed up from the ATM,76,wrong_exchange_rate_for_cash_withdrawal,8235
"Hi. About two hours ago I made a transfer from my bank which is in the UK, but I don't see it yet! Would you check what's going on with it, please?",5,balance_not_updated_after_bank_transfer,8718
Will my new card work outside of the EU?,24,country_support,9933
"Hi I've been trying to top up my card for the past day but it gets declined, I need it topped up urgently! Can somebody get back to me to resolve this or explain any different ways I can top up my card?",59,top_up_failed,8574
I need an ATM right now!,3,atm_support,4583
"I have a transfer from the US, How long is the wait?",67,transfer_timing,6654
Do I have to go to an actual bank to change my PIN?,21,change_pin,6992
Can I choose the day it's delivered?,12,card_delivery_estimate,1031
What kind of ATMs would this card be accepted at?,3,atm_support,4562
Tell me how to change my details.,30,edit_personal_details,3678
Can I have it delivered on a specific date?,12,card_delivery_estimate,1016
Can I make a withdraw in my home currency at an ATM? I'm on vacation and don't have cash with me. This is cause for a bit of concern. Is it possible to withdraw here without additional fees?,76,wrong_exchange_rate_for_cash_withdrawal,8218
"If I lost my phone at the hotel, can I still use the app?",42,lost_or_stolen_phone,5356
"There was an extra fee when I paid with my card, why was i charged this extra fee?",15,card_payment_fee_charged,2680
Does it matter which card I use,73,visa_or_mastercard,4171
Please explain why the funds I added were returned to my account.,61,top_up_reverted,3196
Can I deposit a check?,58,top_up_by_cash_or_cheque,7940
Why was there an extra charge because I used my card to pay?,15,card_payment_fee_charged,2589
I want to auto top-up.,4,automatic_top_up,1189
why cant you just refund me instead of a merchant,51,Refund_not_showing_up,5681
Talk me through modifying my details.,30,edit_personal_details,3729
I need my virtual card,40,getting_virtual_card,3082
what is going on with my cash withdrawal? the exchange rate is wrong,76,wrong_exchange_rate_for_cash_withdrawal,8286
I still haven't gotten my new card.  When will it get here?,11,card_arrival,114
Balance hasn't been updated following a bank transfer,5,balance_not_updated_after_bank_transfer,8647
Is there a limit to how much I can top-up?,60,top_up_limits,2253
The ATM stole my card!,18,card_swallowed,6257
"I need a new card, my old card is expiring.",9,card_about_to_expire,9591
How many days to deliver to a US customer?,12,card_delivery_estimate,1106
please delete account,55,terminate_account,6141
Why use a disposable card?,37,get_disposable_virtual_card,8377
How can I set up Google Pay on my device?,2,apple_pay_or_google_pay,9680
"app malfunctioning, does not know its me",68,unable_to_verify_identity,3954
I was charged an extra pound for no reason. Why is that?,34,extra_charge_on_statement,641
I'm still waiting on a payment,45,pending_card_payment,5154
"I wrote a check to the account yesterday to add to my balance, but I don't see the amount of the check reflected anywhere.  Is it being held up for some reason?  I should have seen a new balance by now!",6,balance_not_updated_after_cheque_or_cash_deposit,3435
I don't appreciate the extra fees being siphoned from my account. I was helping some friends move to Japan and we were buying home decorations at the local stores. The  receipts differed greatly from what showed up in my bank account and my statement. When can I expect the extra fees to be back in my account?,64,transfer_fee_charged,7283
Why do I get declined when I try to withdraw cash?,26,declined_cash_withdrawal,5035
I have a problem with my account. I tried to transfer some funds and the message came back declined. Can you help me?,27,declined_transfer,5672
Can you tell me what i steps i should take since my card was stolen?,42,lost_or_stolen_phone,5268
When is a payment I made with my card going to clear>,45,pending_card_payment,5178
The exchange rate was incorrect for an item I bought.,17,card_payment_wrong_exchange_rate,417
"I am not sure how this will work, but I have not received a product I ordered.  I want a refund, but should I just cancel the payment?",52,request_refund,5377
"Please double check my card - withdrawal was working fine so far, but this morning on the way to work it suddenly got declined!",26,declined_cash_withdrawal,4958
I was under the impression that transfers were going to be free and here I was charged for something I bought overseas!  I don't think this fee is right,64,transfer_fee_charged,7220
How do I cancel a transaction?,8,cancel_transfer,2097
Is it possible for me to track the card is was mailed to me?,11,card_arrival,108
How long will an urgent transfer from China take?,67,transfer_timing,6610
Can I have a card even if I am not living in the UK?,24,country_support,9967
"I received my card, how do I get it to show in the app?",13,card_linking,185
"Please, tell me why I can't have the funds I deposited a week ago? I need the money now.",6,balance_not_updated_after_cheque_or_cash_deposit,3476
Can you tell me the countries you provide support for.,24,country_support,9974
My source of funds need verification.,70,verify_source_of_funds,6491
I am still waiting for a money transfer to appear.,48,pending_transfer,6085
"I thought I knew my password but I guess I was wrong, what can I do now?",44,passcode_forgotten,4815
I visited the ATM but got less money than what I requested. Why?,75,wrong_amount_of_cash_received,2502
I got charged a service fee on my account. Can it be waived since I didn't know about it before?,15,card_payment_fee_charged,2540
How are top-ups verified?,71,verify_top_up,7772
Why is the exchange rate on my card payment different than I expected?,17,card_payment_wrong_exchange_rate,552
I got a message that I cannot name X as a beneficiary.,7,beneficiary_not_allowed,7022
"My bag was stolen from me yesterday, so I can't use any apps or anything. I need some help.",42,lost_or_stolen_phone,5258
This transfer incurred a fee that I don't think is right.,64,transfer_fee_charged,7326
I'm trying to purchase a flat but i need my first payment for my mortgage to go through first. I keep getting an error. I'm not sure what is going on but i need help making this transfer.,35,failed_transfer,7512
I would like to invalidate my account.  I am very disappointed with your services.,55,terminate_account,6144
Why do you need so much information about my identity?,74,why_verify_identity,3869
"If I lost my phone, what steps do I need to take to stop someone from using my account?",42,lost_or_stolen_phone,5285
"If my phone was stolen, do I need to do anything?",42,lost_or_stolen_phone,5276
What do I need to do to request cash back? The ATM actually just gave me the wrong amount. The app I actually chose the right amount.,75,wrong_amount_of_cash_received,2380
Why is my identity not being verified?,68,unable_to_verify_identity,3904
why couldn't I use my card at a store?,25,declined_card_payment,5917
How do the foreign exchange rates work?,32,exchange_rate,319
I already got my item but just got my money back,53,reverted_card_payment?,6751
Is it possible to top up using a cheque?,58,top_up_by_cash_or_cheque,7999
How can get a Visa card?,73,visa_or_mastercard,4222
How can I information on my limit for top-ups?,60,top_up_limits,2282
I would like to edit my personal information .,30,edit_personal_details,3752
Can I electronically transfer funds into my account from my American Express?,54,supported_cards_and_currencies,2937
Is there a way for me to check my balance?,70,verify_source_of_funds,6510
Where is my cash deposit in my balance?,6,balance_not_updated_after_cheque_or_cash_deposit,3361
Why can't I get cash out?,26,declined_cash_withdrawal,4934
I thought you guys offered free transfers. Why was I charged?,64,transfer_fee_charged,7239
How much does it cost to get more cards?,39,getting_spare_card,7814
What was the cause for my card to be declined?,26,declined_cash_withdrawal,5036
Does this app exchange currencies?,33,exchange_via_app,1435
I am not happy with your company. Please delete my account asap.,55,terminate_account,6167
Can cards be dispatched on a specific date?,12,card_delivery_estimate,1054
Why was there an extra charge when I transferred money?,64,transfer_fee_charged,7263
I need to cancel a payment. Something i purchased a while ago still has not arrived and i'm not going to pay them if they won't send me what I purchased.,52,request_refund,5501
Why can't I see my refund in my statement?,51,Refund_not_showing_up,5823
I tried withdrawing but my cash is not showing up?,75,wrong_amount_of_cash_received,2406
How can I revert a transaction from this morning?,8,cancel_transfer,2195
There is a direct debit transaction on my statement that I think is not mine. How do I remove?,28,direct_debit_payment_not_recognised,4676
"I used my card to top up, but the money is not there!",62,topping_up_by_card,4241
Could I get tracking on the card?,11,card_arrival,94
"Hi, Could you please help me as someone has stolen my wallet few hours ago. And a withdrawal is made, please help immediately. As i don't want to suffer more.",20,cash_withdrawal_not_recognised,8813
How do I switch to a different currency?,33,exchange_via_app,1438
How can I get funds into my account from my American Express?,54,supported_cards_and_currencies,2891
Why wont the other bank take my money?? Is it not good enough?? There's sufficient funds but I keep getting denied a standard transfer. Ive tried 5 times!,35,failed_transfer,7436
Why did I get declined when trying to get cash?,26,declined_cash_withdrawal,4947
I was removing a dollar amount from my account and now don't have access to my card.,18,card_swallowed,6275
I didn't see any reason why my transfer was declined. What gives?,27,declined_transfer,5613
I need to know which fiat currencies I can use with you.,36,fiat_currency_support,926
I don't know my password anymore.,44,passcode_forgotten,4899
Why did my payment not go through why did it cancel?,53,reverted_card_payment?,6812
I tried to make a transfer and it didn't work.,35,failed_transfer,7462
Why did you charge me extra when I withdrew cash?,19,cash_withdrawal_charge,9498
How long will it take to transfer something from China?,67,transfer_timing,6688
My cheque is taking a while,6,balance_not_updated_after_cheque_or_cash_deposit,3458
Is it possible to get a second card for my daughter?,39,getting_spare_card,7810
Will a cheque suffice?,58,top_up_by_cash_or_cheque,7936
I need help fixing my contactless. It's not working anywhere I go today.,23,contactless_not_working,1799
I see a reverted payment on my account. Why has this happened?,53,reverted_card_payment?,6824
Anytime I've made an ATM withdrawal before it has always been free. I now say that I have been charged for my most recent ATM withdrawal. What's going on here?,19,cash_withdrawal_charge,9456
"I see in the app some cash was withdrawn, but it's not mine.",20,cash_withdrawal_not_recognised,8920
Help! My card isn't working at the ATM and I know I used the right PIN. Trying to get my money.,26,declined_cash_withdrawal,5004
Can I use a check to get gas?,58,top_up_by_cash_or_cheque,7939
I'm not happy with service and would like to delete this account.,55,terminate_account,6210
How much to exchange currencies?,31,exchange_charge,8964
I accidentally made a payment to a wrong account. What should I do?,8,cancel_transfer,2142
how to track the card you sent,11,card_arrival,67
Where can I withdraw money from?,3,atm_support,4594
why must I prove ID,69,verify_my_identity,9776
I want to know why my top-up was reverted,61,top_up_reverted,3281
"I need to transfer money into my account, HOW?",65,transfer_into_account,7618
Why was my top-up rejected?,59,top_up_failed,8534
I made a transfer and they haven't received the money I sent them.,66,transfer_not_received_by_recipient,2726
I believe I got a wrong exchange rate when I got cash.,76,wrong_exchange_rate_for_cash_withdrawal,8234
"You can do that in just a few seconds. Go to account, hit activate, and follow the directions from there.",0,activate_my_card,9304
How many currencies can I have?,36,fiat_currency_support,888
"I can't remember my app code, can you reset it?",44,passcode_forgotten,4917
I can't figure out how to unblock my pin number. Can you help me?,49,pin_blocked,1781
"I thought I can make transfers for free, this is not fair. I bought something online from abroad and there was some weird additional fee that I've never seen before?",64,transfer_fee_charged,7212
Your exchange rate was off.  I was charged extra on my payment that I made last Saturday.,17,card_payment_wrong_exchange_rate,460
I have tried using my card for the first time at the ATM of Notting Hill to withdrawal cash but it didn't work. Does this mean my card isn't working?,26,declined_cash_withdrawal,4966
"Hi, I was looking over my card receipts for the past week and I realize I had a charge put through two times for the same single restaurant visit. Can one of the charges be removed so that I can get the money back that was mistakenly taken from my account?",63,transaction_charged_twice,6395
I asked for a refund but its not here yet,51,Refund_not_showing_up,5697
Tell me how I can verify a card top-up.,71,verify_top_up,7773
I sent money to someone but they haven't gotten it yet,66,transfer_not_received_by_recipient,2819
Will I be charged for topping up?,57,top_up_by_card_charge,9080
What currencies do you accept for adding money to my account?,54,supported_cards_and_currencies,2943
"I tried to make a top-up and it was canceled, why is that?",61,top_up_reverted,3182
"If I get another card, what kind of fees am I looking at?",39,getting_spare_card,7894
I saw a fee on my receipt from withdrawing money while shopping earlier.  Is there supposed to be a fee for this type of transaction?,19,cash_withdrawal_charge,9458
What is the wait time for delivery to the US?,12,card_delivery_estimate,1048
Are there any fees when exchanging to foreign currencies?,31,exchange_charge,9051
I see a charge of 1L I do not recognize on my statement,34,extra_charge_on_statement,632
Can I link my card I previously received?,13,card_linking,235
Tell me about verifying top-up,71,verify_top_up,7681
The wrong exchange rate was applied to me while pulling out cash.,76,wrong_exchange_rate_for_cash_withdrawal,8208
What can I do about a direct debit transaction on my card that I didn't make?,28,direct_debit_payment_not_recognised,4720
I misplaced my card and I dont know where the last place is where I used the card last. Can you look at my account and tell me the last place I used the card?,41,lost_or_stolen_card,1531
I still don't have a refund.,51,Refund_not_showing_up,5713
How is the exchange rate calculated?,32,exchange_rate,321
The app declined my top up. What did I do wrong?,61,top_up_reverted,3184
can i get a virtual card,37,get_disposable_virtual_card,8422
Why won't the ATM let me withdraw money?,26,declined_cash_withdrawal,4989
Is auto top up available?,4,automatic_top_up,1188
Why is my withdrawal from the ATM still showing as pending?,46,pending_cash_withdrawal,858
I was mistakenly charged a fee for using my card.,15,card_payment_fee_charged,2597
How long does it take for a transfer to show up in my account?,67,transfer_timing,6643
I would like to verify my source of funds.,70,verify_source_of_funds,6533
Why was my cash withdrawal given the wrong exchange rate?,76,wrong_exchange_rate_for_cash_withdrawal,8369
I have a confusing payment appear on my statement and I don't recognise it!,16,card_payment_not_recognised,3635
Why has my card declined,25,declined_card_payment,5906
Is there a problem with my account? When I tried to withdraw cash at an ATM I was denied.,26,declined_cash_withdrawal,5048
Money that I have transferred hasn't arrived yet,5,balance_not_updated_after_bank_transfer,8628
My card stopped working after multiple transactions. Why?,14,card_not_working,1330
I lost my phone. What do I need to do?,42,lost_or_stolen_phone,5295
What is the max amount of top-ups?,60,top_up_limits,2234
Can you tell me how many currencies I can hold?,36,fiat_currency_support,911
I noticed that the exchange rate applied to a recent purchase I made abroad was incorrect.,17,card_payment_wrong_exchange_rate,467
Every ATM I visit is rejecting my card and I don't know why. There should be money on it. Can you check it to see if something is wrong or if I'm doing something wrong?,26,declined_cash_withdrawal,4936
What are the steps to get my card back that was kept by the ATM?,18,card_swallowed,6270
What cards and currencies can I use?,54,supported_cards_and_currencies,2961
"I am calling because the ATM didn't give me the right amount of cash, but my app shows the actual amount I wanted to withdraw. What should I do to get my money back?",75,wrong_amount_of_cash_received,2373
I cannot activate my card.,0,activate_my_card,9244
The ATM is messed up. It gave me less than I wanted.,75,wrong_amount_of_cash_received,2478
I exchanged Russian rubles for British pounds today and got less than I expected. Was exchange rate correct?,17,card_payment_wrong_exchange_rate,484
How can I top up my account by bank transfer?,65,transfer_into_account,7648
What should I do if my card doesn't work?,14,card_not_working,1259
I got a €1 extra fee in my statement,34,extra_charge_on_statement,625
what is this charge on my card?,28,direct_debit_payment_not_recognised,4651
"Hi, I tried topping up for the first time today (I'm a new customer), and the transaction has shown as pending for the last half an hour. Can you fix it?",47,pending_top_up,1986
Is the top-up amount unlimited?,60,top_up_limits,2299
I made an ATM withdraw it didn't give me the amount I asked for but is showing a withdraw for that amount.,75,wrong_amount_of_cash_received,2505
How much does it cost to us US cards?,57,top_up_by_card_charge,9156
Seems like the exchange rate for my payment last Saturday was wrong. I was charged extra.,17,card_payment_wrong_exchange_rate,476
Why is there a charge when I took out money?,19,cash_withdrawal_charge,9338
What's the closest place to withdraw money?,3,atm_support,4599
There was an unexpected fee for my cash withdrawal!,19,cash_withdrawal_charge,9449
Which ATMs accept this circuit board ?,3,atm_support,4612
My contactless stopped working today no matter where I try to use it. How do I get it to start working again?,23,contactless_not_working,1808
Can I have a discount if I exchange currency often?,31,exchange_charge,9021
Is there a fee for european bank cards?,57,top_up_by_card_charge,9099
Can you tell me why a cheque deposit isn't showing in my balance?,6,balance_not_updated_after_cheque_or_cash_deposit,3420
I bought an item then noticed the exchange rate was wrong.,17,card_payment_wrong_exchange_rate,478
My app shows a payment I didn't make,16,card_payment_not_recognised,3573
Why can't I complete the transfer?,35,failed_transfer,7564
How soon will my balance be updated to reflect my transfer?,5,balance_not_updated_after_bank_transfer,8636
How can I find your exchange rates?,32,exchange_rate,346
"Hi, I am disappointed to see such a bad exchange rate and hope you can assist me. Would you be able to confirm the official interbank exchange rate for me?",17,card_payment_wrong_exchange_rate,405
How can I go about transferring money to my account?,65,transfer_into_account,7667
"How long does it take for transfers to be approved?  I sent funds to my girlfriend, and she says that she has not seen any approved funds in her account.",66,transfer_not_received_by_recipient,2834
I have zero dollars in my account. Can I submit additional funds via bank transfer?,65,transfer_into_account,7635
The currency exchange for my purchase in foreign currency is incorrect.,17,card_payment_wrong_exchange_rate,463
There is a vendor name I don't recognize on a payment from my account. I don't think I made this payment.,16,card_payment_not_recognised,3585
Is there a reason there's an extra fee on my statement?,34,extra_charge_on_statement,686
How do I verify my top up?,71,verify_top_up,7701
"I want to top up by transfering accounts, What do I do?",65,transfer_into_account,7656
My card needs to be topped up.,62,topping_up_by_card,4242
How do you find the exchange rate?,32,exchange_rate,333
My Identity verification hasn't passed yet is it possible to use my account?,74,why_verify_identity,3872
Is there a way to set up an auto top-up?,4,automatic_top_up,1228
Can you tell me what is wrong ? I top-up with you all the time but this time it just shows my top-up as pending. What is happening?,47,pending_top_up,2031
Is there a fee to make a transfer?,56,top_up_by_bank_transfer_charge,1850
How long does it take for a payment to change from pending?,45,pending_card_payment,5233
Please tell me if I'm going to be charged for sending out more cards?,39,getting_spare_card,7822
I need assistance to activate the card on my account.,0,activate_my_card,9296
How do I get my card PIN?,38,get_physical_card,4065
Where do I go to update details?,30,edit_personal_details,3765
I received the wrong exchange rate for an item i bought.,17,card_payment_wrong_exchange_rate,537
What ATM accepts Mastercard?,3,atm_support,4630
Can my salary be received and transferred to my current currency in my country?,50,receiving_money,7396
Please send me a disposable virtual card.,37,get_disposable_virtual_card,8400
"My new card isn't in my app, how do I get it in there?",13,card_linking,290
What do i do to get a physical card?,43,order_physical_card,8049
Why do I see a random withdrawal in my app?,20,cash_withdrawal_not_recognised,8789
"I got a new card, how do I link it?",13,card_linking,201
"I went to look at my top-up and it was canceled, can you tell me why this happend?",61,top_up_reverted,3190
I got a message that my transfer was declined.,27,declined_transfer,5615
Is there a charge for using transfers for top ups?,56,top_up_by_bank_transfer_charge,1832
I can't find my phone; what can I do to prevent someone from accessing my account on it?,42,lost_or_stolen_phone,5343
Can i set up an auto top-up?,4,automatic_top_up,1143
What steps do I have to take to activate my card?,0,activate_my_card,9239
What is the basis of your exchange rates?,32,exchange_rate,316
what is the fee for a transfer into my account,56,top_up_by_bank_transfer_charge,1908
"I'd like to get a Visa card, please.",73,visa_or_mastercard,4174
"I found my card that I thought I had lost, I need to reactive it, please help.",13,card_linking,254
"I am getting an error stating my transfer is not possible while transferring money. Let me know the issue as its the first time i am getting error, earlier it used to work.",7,beneficiary_not_allowed,7050
Why am i being charged for withdrawing cash funds?,19,cash_withdrawal_charge,9494
Why did my credit card get declined for top up?,59,top_up_failed,8480
Is it possible to purchase more physical cards with my account?,39,getting_spare_card,7905
I dont have a pin,38,get_physical_card,4000
How can I get a Visa and Mastercard?,73,visa_or_mastercard,4205
I did not get enough cash,75,wrong_amount_of_cash_received,2409
Where can I use my Mastercard?,10,card_acceptance,3117
Can I track history on funds?,70,verify_source_of_funds,6515
My card was not accepted in a shop,25,declined_card_payment,5975
I made a transfer into my account and now I need to cancel it,8,cancel_transfer,2201
I think that the exchange rate was wrong for the payment made last Saturday - I was charged extra.,17,card_payment_wrong_exchange_rate,525
"I tried topping off my account with a card, but the money is not in my account despite the charge going through",62,topping_up_by_card,4253
Why are my withdrawals suddenly being declined?,26,declined_cash_withdrawal,4950
I tried to do a transfer and it's saying it declined.,27,declined_transfer,5641
"So, the card PIN?",38,get_physical_card,4076
What do I do to verify a top-up?,71,verify_top_up,7726
What does it mean when it says that I have a payment that is pending?,45,pending_card_payment,5126
"I would like to track a card sent to me, how do I do that?",11,card_arrival,98
Do you have any age limit?,1,age_limit,1577
Did I not get my refund? I don't see it.,51,Refund_not_showing_up,5782
"I made a rent payment from the wrong account yesterday. It absolutely has to go through tomorrow, so can you please reroute the payment to the right account?",8,cancel_transfer,2164
Could you please freeze my card immediately?,41,lost_or_stolen_card,1506
Are there any fees if I want to add money using an international card?,57,top_up_by_card_charge,9166
How do I receive money from someone?,50,receiving_money,7400
I would like to activate my card what do I need to do?,0,activate_my_card,9258
Can you please explain why my beneficiary is not allowed?,7,beneficiary_not_allowed,7114
How can I cancel this transaction?,8,cancel_transfer,2222
Why wasn't my contactless accepted at the metro?,23,contactless_not_working,1792
I don't recognize this withdrawal on my statement,20,cash_withdrawal_not_recognised,8883
Please help!  The app won't let me cancel a money transfer.  I accidently sent money to an account that wasn't mine.  I need this cancelled immediately.,8,cancel_transfer,2151
What do I do if the machine rejects my card?,14,card_not_working,1284
I have been charged a fee for getting cash,19,cash_withdrawal_charge,9444
Where do I go to get my new card linked?,13,card_linking,266
"I found my card, am I able to put it back into the app?",13,card_linking,215
Please explain why my top-up didn't go through.,59,top_up_failed,8575
I question today's exchange rate for rubles into pounds. I was hoping for a better return.,17,card_payment_wrong_exchange_rate,455
Does a discount apply if I exchange currencies frequently?,31,exchange_charge,9026
How long do I wait for a transfer from the United States?,67,transfer_timing,6622
Why am I seeing a direct debit thats not mine?,28,direct_debit_payment_not_recognised,4781
Someone took my card without my permission.,41,lost_or_stolen_card,1542
What do I need to do to verify my funds?,70,verify_source_of_funds,6517
What is your policy on withdrawing cash from an ATM? There is a fee on my account that wasn't there before I paid for my groceries.,19,cash_withdrawal_charge,9495
Is it possible to get a refund?,52,request_refund,5418
Can I order a second card?,39,getting_spare_card,7818
"My marital status has change, I got to correct my name to reflect that.",30,edit_personal_details,3722
"How long do transfers to international banks take? I made one to france a couple of days ago, but it's still not there.",5,balance_not_updated_after_bank_transfer,8663
I attempted to get cash in the ATM but I was denied,26,declined_cash_withdrawal,5087
Can you help me process a refund?,52,request_refund,5522
I could not get money from an ATM,26,declined_cash_withdrawal,5073
Are there any fees to get additional cards?,39,getting_spare_card,7841
"I'm pretty frustrated about a pound charge that keeps  showing up in my account statement. It's listed in the app as ""pending"", it never changes, and now I'm thinking someone's hacked my account!",34,extra_charge_on_statement,694
The exchange rate you are using is bad.This can't be the official interbank exchange rate.,17,card_payment_wrong_exchange_rate,412
What are the countries you support.,24,country_support,9980
Do you offer services that hold money in different types of currency?,36,fiat_currency_support,953
"Hello, I tried to take some cash out of the ATM but I looked at my statement and it still shows that it's pending. Is the machine broken? Will I receive my money back or will I be charged for this?",46,pending_cash_withdrawal,865
I was able to find my card. How to I go about putting it into my app?,13,card_linking,154
Can I transfer something urgently from China? How long does it take?,67,transfer_timing,6701
I just noticed my transfer was declined and I don't know why. Can you help me?,27,declined_transfer,5655
When I'm traveling is it possible to add money automatically at certain time points?,4,automatic_top_up,1190
"I had a cheque deposited, but I don't see my money yet?",6,balance_not_updated_after_cheque_or_cash_deposit,3395
How can I get a refund for an item I purchased but has not yet arrived?,52,request_refund,5425
I'm not certain my top-up went through yet.,47,pending_top_up,2074
How can I report that my card was stolen? I made a police report first.,41,lost_or_stolen_card,1503
"I transferred money from the US, How long does it take?",67,transfer_timing,6674
I was charged an extra pound.,34,extra_charge_on_statement,696
Why is my cash still pending that I put in ATM?,46,pending_cash_withdrawal,849
Why would I get a decline message in a transfer?,27,declined_transfer,5571
I need to reset my passcode. Where do I go to do that?,44,passcode_forgotten,4902
I believe my top up is still pending,47,pending_top_up,1994
What do I do if I forgot my PIN?,49,pin_blocked,1702
How do I cancel a transfer?,8,cancel_transfer,2134
Why was my transaction charged an extra fee when paying with my card?,15,card_payment_fee_charged,2531
Can you tell me when my money transfer will go through,48,pending_transfer,6078
I have never been charged a card payment fee before. Why did this change?,15,card_payment_fee_charged,2560
At what places accept my card?,10,card_acceptance,3140
"I just got my new card, how do I activate it?",0,activate_my_card,9191
"How long do transfers take, mine just says pending?",48,pending_transfer,5993
Can I make transfers before my identity verification?,74,why_verify_identity,3830
Please help me find my top-up verification code,71,verify_top_up,7709
How do I make a currency exchange?,33,exchange_via_app,1443
I requested money from the ATM and it didn't give me as much as I requested.,75,wrong_amount_of_cash_received,2463
There is not a refund in my statement.,51,Refund_not_showing_up,5827
"I withdrew money from an ATM today, and now my account is showing a different amount than what I withdrew. I checked the amount the ATM gave me, and it looks like it gave me the wrong amount of money. What is the best thin for me to do to get this fixed?",75,wrong_amount_of_cash_received,2450
How many disposable  cards are available per account?,29,disposable_card_limits,4457
My PIN has been blocked.,49,pin_blocked,1728
I tried my PIN too many times,49,pin_blocked,1779
What kind of money can I hold?,36,fiat_currency_support,931
"Hi, I had an issue with my card payment and It shows on my account that my payment went through. Then I got contacted from the seller saying ""they did not receive my payment"" then the payment was returned to my account. so I would like to see why it did that please.",53,reverted_card_payment?,6724
What is the estimated time on an urgent transfer from China?,67,transfer_timing,6639
I live in the UK. Can I get a card?,24,country_support,9984
Where can I get my currencies exchanged?,33,exchange_via_app,1398
"Hello, I have a pending transaction in my account due to an ATM machine that wasn't working. In any case if the transaction goes through, after how long can I get my money back?",46,pending_cash_withdrawal,743
What is the number of transactions for one disposable card?,29,disposable_card_limits,4458
Can I use a cheque to top up my account,58,top_up_by_cash_or_cheque,7973
Can I order a new card?  Mine is about to expire.,9,card_about_to_expire,9613
What is the strange cash withdrawal on my statement?,20,cash_withdrawal_not_recognised,8922
I tried to transfer but it was declined,27,declined_transfer,5610
would I need to pay extra for exchanging currencies?,31,exchange_charge,8972
What is the status of my top up?,61,top_up_reverted,3204
Just received a message that my transfer is not possible??  What is going on.  I have done this before with no issues.,7,beneficiary_not_allowed,7080
Can you tell me if there are limits to disposable virtual cards?,29,disposable_card_limits,4423
Which fiat currencies do you currently support? Will this change in this future?,36,fiat_currency_support,976
Why didn't I receive the right amount of cash at the ATM?,75,wrong_amount_of_cash_received,2375
How long does it take for the card to come?,12,card_delivery_estimate,1066
Is my card lost? I am still waiting for it to be delivered.,11,card_arrival,46
Where would I order a virtual card?,40,getting_virtual_card,3080
"I think my pin has been compromised, what do I do?",21,change_pin,6929
Could google pay and top up be together?,2,apple_pay_or_google_pay,9716
I was unable to transfer money from my account.,35,failed_transfer,7446
What do I do if there is a direct debit on my account that shouldn't be there?,28,direct_debit_payment_not_recognised,4703
I need someone to assist me with explaining how much I can top-up.,60,top_up_limits,2314
Am I able to open an account for my children?,1,age_limit,1662
I would like to cancel my previous purchase.,52,request_refund,5428
What would I be charged in receiving a SEPA transfer?,56,top_up_by_bank_transfer_charge,1830
"I am overseas in China, can I get a replacement card?",9,card_about_to_expire,9517
How do I get extra cards?,39,getting_spare_card,7918
Is it possible to have a second card?,39,getting_spare_card,7911
where do i go to transfer money from one account to this one,65,transfer_into_account,7676
"I tried topping up my account but it failed, can you help me?",59,top_up_failed,8502
Do you charge for transfers?,56,top_up_by_bank_transfer_charge,1913
Can I top-up via Apple Pay?,2,apple_pay_or_google_pay,9675
Can I edit my details?,30,edit_personal_details,3758
"I'm waiting for the ID verification to go through still, so is it too soon to use my account?",74,why_verify_identity,3876
What does the bank charge for lost or stolen card replacements?,43,order_physical_card,8087
Why are you not accepting my transfer!! I've tried a couple times already now and it just keeps showing an error message,7,beneficiary_not_allowed,7062
I sent a cheque a few days ago and i noticed that no money has been put on my account. Can you please tell me the situation of my account?,6,balance_not_updated_after_cheque_or_cash_deposit,3378
I couldn't get money from the ATM,26,declined_cash_withdrawal,5041
I can't get a contactless payment to work.,23,contactless_not_working,1794
The ATM keeps declining my Transaction . I tried two different ATMs already can you please check if everything is okay with my account?,26,declined_cash_withdrawal,4957
This exchange rate you use is awful! Please tell me this is a mistake and not the official interbank exchange rate!,17,card_payment_wrong_exchange_rate,420
Can I directly deposit my salary to this account?,50,receiving_money,7348
My plans may change so I may need to change from GBP to AUD.,33,exchange_via_app,1471
How do I know which countries you provide service in?,24,country_support,9955
I have lost my phone.,42,lost_or_stolen_phone,5327
I got declined when attempting a transfer,27,declined_transfer,5648
Can I edit my personal details?,30,edit_personal_details,3755
I have a cash withdrawal in my statement. Why is that?,20,cash_withdrawal_not_recognised,8924
I was wondering if I could get a second card on this account? I would like my daughter to have one.,39,getting_spare_card,7848
How do I unblock my card?,49,pin_blocked,1762
What fiat currencies are used for exchange?,36,fiat_currency_support,956
My payment card was declined - could you tell me why?,25,declined_card_payment,5888
My card is about to expire.  How do I get a new card?,9,card_about_to_expire,9527
Why is the payment showing as pending from things I bought this morning?,45,pending_card_payment,5103
Why was my ATM withdrawal cancelled?,26,declined_cash_withdrawal,4932
I heard you have virtual cards. How do I get one?,40,getting_virtual_card,3085
When do you charge fees on accounts? I just saw a charge on my statement.,15,card_payment_fee_charged,2685
where can i see money source?,70,verify_source_of_funds,6567
I think my card payment was reverted,53,reverted_card_payment?,6826
How do I go about changing my address?,30,edit_personal_details,3675
If I top up using a European card is there a charge?,57,top_up_by_card_charge,9096
What do you demand for identity verification?,69,verify_my_identity,9843
Where are your cards delivered to?,43,order_physical_card,8068
How old does my daughter have to be to open an account?,1,age_limit,1567
I bought something abroad and the exchange rate applied is wrong,17,card_payment_wrong_exchange_rate,506
"For the identity verification, what do you need?",69,verify_my_identity,9853
Is there any type of fee for currency exchange?,31,exchange_charge,8954
I didn't make a payment that shows in my app.,16,card_payment_not_recognised,3639
I have not received a refund.,51,Refund_not_showing_up,5694
For some reason my card payment didn't work,25,declined_card_payment,5905
Is there any way to see my card in the app?,13,card_linking,159
Is it possible to have a discount for exchanging currency frequently?,31,exchange_charge,9047
"I ordered something, and now I have buyer's remorse. Since what I ordered hasn't come yet, can you just cancel the payment since I already know I want a refund for it?",52,request_refund,5495
Do you have info about the card on delivery?,11,card_arrival,6
I was informed that transfers were free. I noticed I have a fee but why?,64,transfer_fee_charged,7233
can i create my own pin right away,38,get_physical_card,4094
My top up is still pending,47,pending_top_up,2010
I need to cancel a purchase?,52,request_refund,5401
I am seeing in the App a some cash withdrawal that does not belong to me,20,cash_withdrawal_not_recognised,8867
My top up didn't go through,59,top_up_failed,8524
I wish to top up using a cheque.,58,top_up_by_cash_or_cheque,7986
I used foreign currency to buy something and I think the rate applied is incorrect.,17,card_payment_wrong_exchange_rate,442
I made a payment that is not yet complete.,45,pending_card_payment,5224
Weird Direct Debit payment,28,direct_debit_payment_not_recognised,4763
can other people use the app to add money to my account,62,topping_up_by_card,4294
There is a 1£ charge that appears as pending on my statement. What is that? I haven't purchased anything for a pound there.,34,extra_charge_on_statement,666
Will there be a charge for sending out more cards?,39,getting_spare_card,7895
Can I get an account for my daughter?,1,age_limit,1612
There is the same transaction showing more than once.,63,transaction_charged_twice,6398
Why hasn't my account updated to reflect my current balance?,5,balance_not_updated_after_bank_transfer,8694
"Hello, I made a payment with my card and it's not working. It's been a while and still says its pending. Can you tell when this will go through?",45,pending_card_payment,5168
I can't find my phone and I'm worried someone is going to use it,42,lost_or_stolen_phone,5264
What ATMs can I use this card?,3,atm_support,4587
I contacted the seller and he won't respond.  Please just refund me my  money.,51,Refund_not_showing_up,5765
There was a charge applied when I used my card.,15,card_payment_fee_charged,2612
My cash withdrawal was short.,75,wrong_amount_of_cash_received,2440
Why did you charge me for taking out cash?,19,cash_withdrawal_charge,9492
"If I have already completed a cash withdrawal at an ATM, is it normal for it to show as a pending transaction on the app?",46,pending_cash_withdrawal,830
It is urgency. Please freeze my card now. As someone in some odd remote town has withdrawn some money by using my card. As i did not withdraw any money.,20,cash_withdrawal_not_recognised,8862
Please tell me how I can receive a physical card,43,order_physical_card,8066
How do I change to a different currency?,33,exchange_via_app,1396
I made a deposit in the ATM and it has not cleared,46,pending_cash_withdrawal,790
How do I find out how or where this transaction on my account came from?,16,card_payment_not_recognised,3563
It seems like my card payment didn't work.,25,declined_card_payment,5937
I need to know if everything is okay here. After making a transfer from a UK account it doesn't show up. How long does this normally take to process?,5,balance_not_updated_after_bank_transfer,8709
Why did I get a fee for getting cash?,19,cash_withdrawal_charge,9443
"I no longer need AUD, I need GBP instead, how can I make this happen?",33,exchange_via_app,1408
Can you tell me why I haven't received my new card yet?,11,card_arrival,88
Why was I declined from getting cash?,26,declined_cash_withdrawal,4971
What happens if I forget my PIN?,49,pin_blocked,1723
Why is it required to verify my identity?,74,why_verify_identity,3828
What are the benefits of a disposable card?,37,get_disposable_virtual_card,8464
"There must have been a mistake, why was I charged an extra pound?",34,extra_charge_on_statement,621
Can we skip verifying?,74,why_verify_identity,3873
The ATM took my card.,18,card_swallowed,6259
"My money has disappeared. I had recently added money in, and saw it was there and went through. Now it's gone. What is happening?",61,top_up_reverted,3173
Why does my identity need verification?,74,why_verify_identity,3865
What do I do if I think someone has used my card?,22,compromised_card,4518
I seem to be having trouble with my Google Pay Top. Can you please help?,2,apple_pay_or_google_pay,9682
Why is the ATM not allowing me to get cash?,26,declined_cash_withdrawal,5018
"Help me!  When I was abroad, the exchange rate was wrong.",76,wrong_exchange_rate_for_cash_withdrawal,8308
Where can I get money from my card?,3,atm_support,4581
What do you require to verify someone's identity?,69,verify_my_identity,9812
I am noticing that a refund of a large purchase still has not been credited to my account. I contacted the merchant a few days ago and he assured me that he would submit it right away. Is there a status update?,51,Refund_not_showing_up,5770
Can you help me? I have a duplicate transaction on my account and I don't understand why.,63,transaction_charged_twice,6396
"i received my American Express in Apple pay, why is top up not working?",2,apple_pay_or_google_pay,9754
Why is the refund not on my statement?,51,Refund_not_showing_up,5757
My refund has not shown up in my account.   Where is it?,51,Refund_not_showing_up,5789
My card payment was cancelled.  Why?,53,reverted_card_payment?,6842
"I made a transfer and the receiver said an amount was received, but not exactly the same as the right amount. I now have to transfer more to get the remainder to the receiver. Can you alert me about this. What's been happening?",64,transfer_fee_charged,7179
"I received my Virtual card information, but was unable to use it to make a purchase. Why did this happen and what can I do?",72,virtual_card_not_working,8195
Why has another fee been placed on my statement?,34,extra_charge_on_statement,589
How will I know when I can use the auto top-up feature?,4,automatic_top_up,1170
My transfer hasn't appeared yet,48,pending_transfer,6061
Is there a list of where I can use my card?,10,card_acceptance,3125
I need to verify the source of funds.,70,verify_source_of_funds,6528
How much do I have to pay if I want to transfer money?,64,transfer_fee_charged,7209
I can't see a top-up top-up verification code.,71,verify_top_up,7749
"what is going on, i have entered my passcode and its not working",44,passcode_forgotten,4846
What happened to my top-up? It was all done and now it's gone! Are you having problems with your system?,61,top_up_reverted,3169
How many times can I use my disposable card?,29,disposable_card_limits,4375
I found a transfer fee - is that correct?,64,transfer_fee_charged,7188
"I need to exchange between different currencies, like GBP and USD. Can I do that with your app?",33,exchange_via_app,1358
What's the reason my new card hasn't come?,11,card_arrival,55
Why does my card continually get declined? I thought I had enough money in there but I've tried several times now and it still isn't working.,27,declined_transfer,5652
I found the exchange rate for my cash withdrawal is wrong,76,wrong_exchange_rate_for_cash_withdrawal,8303
What fee will be charged for exchanges?,31,exchange_charge,9020
I have a card that was deactivated can I reactivate it?,13,card_linking,289
I tried to do a transfer but it didn't go through.,35,failed_transfer,7537
Do I get charged for a top up from a European bank?,57,top_up_by_card_charge,9085
I tried pulling out money at the ATM and it gave me an incorrect amount back.,75,wrong_amount_of_cash_received,2483
Could you please help me?  I made my rent payment and have double checked that I sent it to the right account.  The person receiving it says he has not received it but it shows complete on my side.,66,transfer_not_received_by_recipient,2848
I am unable to use my card for some reason.,14,card_not_working,1266
My money hasn't been deposited yet. When will it be?,47,pending_top_up,1997
I did a transfer earlier but see that it failed to go through.,35,failed_transfer,7535
Can my friend send me money?,50,receiving_money,7373
Why would a cash withdrawal still be pending?,46,pending_cash_withdrawal,832
How quickly can you get me my card?,12,card_delivery_estimate,1029
What's the procedure with currency exchange?,33,exchange_via_app,1439
My card hasn't came in the mail yet?,11,card_arrival,106
"I would like some more physical cards, what is my limit?",39,getting_spare_card,7843
Do I get charged if I top up with my European bank card?,57,top_up_by_card_charge,9109
My card is expiring so how fast can I get a new one and how much will it be?,9,card_about_to_expire,9590
The top-up I ordered didn't process.,59,top_up_failed,8497
How do I dispute a direct debit on my account?,28,direct_debit_payment_not_recognised,4709
Where should I look for my PIN number at?,38,get_physical_card,4024
I have used all of my PIN tries. What should I do now?,49,pin_blocked,1759
My identity wasn't verified,68,unable_to_verify_identity,3907
"Can you please assist me in Apple Pay, in getting Top Up to work?",2,apple_pay_or_google_pay,9761
Where can I get my card PIN?,38,get_physical_card,3996
"In reviewing my statement, I show I have two charges for the same purchase at the same time, which I have not made in duplicate? How do I get this solved?",63,transaction_charged_twice,6458
How long does it take for me to get my pin,38,get_physical_card,4061
Do I need my phone to use the app?,42,lost_or_stolen_phone,5349
My attempted transfer keeps kicking back with an error message.  Could you please help me to resolve this?,7,beneficiary_not_allowed,7040
"I don't think the transaction has gone through, so can I cancel a transfer?",8,cancel_transfer,2118
"How long do EU transfers take? I bought something online a couple days ago , sent the money immediately online but the seller says it is still not there yet",48,pending_transfer,6059
Are there any charges for receiving money?,56,top_up_by_bank_transfer_charge,1859
The ATM machines keep declining my card and I don't know why. I thought I had money in my account. Why is this happening?,26,declined_cash_withdrawal,4964
I CAN NOT FIND THE TOP-UP VERIFICATION CODE.,71,verify_top_up,7801
Why hasn't my transfer gone through,35,failed_transfer,7447
"I am unable to activate my card, it won't let me.",0,activate_my_card,9234
How do I know how much money I will have when I travel abroad?,32,exchange_rate,381
Can I get some help to get me card activated?,0,activate_my_card,9205
What's the problem? My card keeps getting declined for top up. I need to know what is going on.,59,top_up_failed,8550
I think someone has hacked my card!,22,compromised_card,4487
My disposable virtual card was rejected.,72,virtual_card_not_working,8172
My transfer is failing when I try to do it.,35,failed_transfer,7514
How long do cheques take to post to your account?,6,balance_not_updated_after_cheque_or_cash_deposit,3436
I'm having trouble proving my identity,68,unable_to_verify_identity,3900
What documents do I need for the identity check?,69,verify_my_identity,9867
My card doesn't work when I use it.,14,card_not_working,1338
What could the reason be that my payment card was declined?,25,declined_card_payment,5958
What do I do to link my new card?,13,card_linking,251
"I put some money in my account the other day and it's not gone in yet, can you help with this?",6,balance_not_updated_after_cheque_or_cash_deposit,3319
I bought something with my card and I was charged a fee,15,card_payment_fee_charged,2543
How's the exchange rate?,32,exchange_rate,317
I didn't get all the cash I asked for,75,wrong_amount_of_cash_received,2344
I cannot see the card PIN anywhere?,38,get_physical_card,4021
What are the uses for disposable cards?,37,get_disposable_virtual_card,8442
I deposited money but my balance hasn't been updated yet.,6,balance_not_updated_after_cheque_or_cash_deposit,3437
Can I top up my account with a check?,58,top_up_by_cash_or_cheque,8045
"How long does the ""pending"" period of a transfer take?",48,pending_transfer,6130
I topped up my account but the app failed to process it.,59,top_up_failed,8596
"The ATM will not let me get cash, WHY?",26,declined_cash_withdrawal,5058
Do you provide cards to people not in the UK?,24,country_support,9885
"If my funds are running low, will the app top up automatically?",4,automatic_top_up,1198
"My phone is lost I don't want someone to use my account, what can I do?",42,lost_or_stolen_phone,5359
I'm not able to withdraw money from the ATM but I'm not sure why.,26,declined_cash_withdrawal,5023
My passcode won't work.,44,passcode_forgotten,4838
I want to open an account for my child.,1,age_limit,1625
How do I activate my card that just arrived?,0,activate_my_card,9337
I want to top up by cheque,58,top_up_by_cash_or_cheque,7946
"My wallet was just stolen, and they've already used my card! Please help, I can't afford to lose more money!",20,cash_withdrawal_not_recognised,8932
How much longer is it going to take to get my new card?,11,card_arrival,147
What happens with the duplicate charge in my account?,63,transaction_charged_twice,6334
"I might be paranoid, but someone may be using my card.",22,compromised_card,4537
How much would it cost me if I transfer?,56,top_up_by_bank_transfer_charge,1883
"I notice a transaction a couple of weeks ago in my account, from a seller that I don't recognize. Is there a way we can trace back the information to make sure it was truly something I did?",28,direct_debit_payment_not_recognised,4726
Tell me why there is an extra charge when I used an ATM?,19,cash_withdrawal_charge,9429
My card would not work at a shop.,25,declined_card_payment,5910
what are the exchange rates for getting cash,76,wrong_exchange_rate_for_cash_withdrawal,8242
I want to change my PIN.,21,change_pin,6958
There was a direct debit transaction I have don't think should be there.,28,direct_debit_payment_not_recognised,4795
Please help me.  I am still waiting on a refund.,51,Refund_not_showing_up,5676
How do I get my card to work?,14,card_not_working,1312
What kind of fee is there to top-up my account?,56,top_up_by_bank_transfer_charge,1925
How are your exchange rates calculated?,32,exchange_rate,342
How do I know where my funds come from?,70,verify_source_of_funds,6546
Where is my virtual card located?,40,getting_virtual_card,3078
I'm still waiting for my transaction.,66,transfer_not_received_by_recipient,2765
My money is all gone. What ways are okay to add money to my account?,65,transfer_into_account,7650
A foreign purchase I made has the incorrect rate applied to it.,17,card_payment_wrong_exchange_rate,556
what is the exchange rate when i get cash,76,wrong_exchange_rate_for_cash_withdrawal,8264
How long do European transfers take?,67,transfer_timing,6659
top up with credit card,62,topping_up_by_card,4312
I am on vacation in Spain and think someone saw my pin when… Can I change it at a local ATM?,21,change_pin,6954
I was charged the wing amount for an item.,17,card_payment_wrong_exchange_rate,413
The terminal I paid at wouldn't take my card. Is something wrong?,23,contactless_not_working,1791
How old do you need to be to use the banks services?,1,age_limit,1558
"I seem to have been charged to much for my holiday purchases, the exchange rate is wrong.",17,card_payment_wrong_exchange_rate,451
"Do any of your machines provide cash from my home country? I don't have any money on me and I'm on holiday so I'm concerned. Also, will I be charged anything to do this?",76,wrong_exchange_rate_for_cash_withdrawal,8236
"If someone sends me money, will I be charged?",56,top_up_by_bank_transfer_charge,1833
Why won't my virtual card work?,72,virtual_card_not_working,8169
Can exchanged be made to EUR?,36,fiat_currency_support,893
"Hi, I am interested buying crypto currency but unable to purchase it through the application. I do want to do the exchange, Could you please let me know what is the problem?",7,beneficiary_not_allowed,7046
I wish to be able to top up with cash.,58,top_up_by_cash_or_cheque,7995
I received duplicate charges.,63,transaction_charged_twice,6412
"I'm waiting on a top-up, its still pending",47,pending_top_up,1972
I found my card! Can I link it back into the app?,13,card_linking,264
what is the amount of disposable cards I can have?,29,disposable_card_limits,4451
Where do I pay with my card?,10,card_acceptance,3137
Please help!  I was mugged and everything stolen.  What do I do to stop them from accessing my account?,42,lost_or_stolen_phone,5277
Tell me what ATMs take this card.,3,atm_support,4604
"I needed cash today, so I used another provider's ATM, and when I attempted to withdraw, it declined. I just checked it out and I'm still showing my account with that amount pending! I didn't take any money out, it was declined, so I don't want that to be processed as a withdrawal.",46,pending_cash_withdrawal,877
Please assist me with activation.,0,activate_my_card,9327
I can't get cash from the ATM!,26,declined_cash_withdrawal,4978
I am having trouble verifying my id.,68,unable_to_verify_identity,3972
I did a money transaction and dont have a receipt,66,transfer_not_received_by_recipient,2815
I'm trying to use my Apple Watch to top up my google pay. Do I need a special app?,2,apple_pay_or_google_pay,9764
How far is the closest ATM from me?,3,atm_support,4620
My purchase used the wrong exchange rate,17,card_payment_wrong_exchange_rate,522
My topping up didn't go through.,59,top_up_failed,8588
Are there limits to businesses that will accept this card?,10,card_acceptance,3123
can I choose delivery times to suite me?,12,card_delivery_estimate,1030
Where can I find out where my funds came from?,70,verify_source_of_funds,6572
"Hello, I have tried using crypto top up but it is not working. I had some money in my account but I'm not sure what happened",61,top_up_reverted,3166
Can I have a duplicate second card?,39,getting_spare_card,7844
I made a bank transfer and the balance hasn't updated yet.,5,balance_not_updated_after_bank_transfer,8775
Why isn't my id verifying?,68,unable_to_verify_identity,3912
What is the top up code for?,71,verify_top_up,7780
What happens when my card expires?,9,card_about_to_expire,9629
"Hello.  I ran into a problem with a transfer this morning.  I was trying to send money to some friends but when I tried to send it, the transfer failed.  I don't know what is causing the transfer to be rejected.  Please let me know what is causing the problem.  Thanks.",35,failed_transfer,7471
I believe my card payment has reverted,53,reverted_card_payment?,6876
For what reason did my top-up fail?,59,top_up_failed,8473
I didn't initiate a direct debit that I see on my account,28,direct_debit_payment_not_recognised,4790
Is there a limit on auto top-up?,4,automatic_top_up,1192
What's the top-up limit?,60,top_up_limits,2330
How can I locate the virtual card?,40,getting_virtual_card,3063
I was wondering about transferring money into my account and how it works.  Can you tell me about that?,65,transfer_into_account,7649
Where is my new card if I haven't received it yet?,11,card_arrival,86
How can I get money in my home currency while I'm traveling internationally? I wanted to take it out of a local ATM but am worried that I will get charged extra fees.,76,wrong_exchange_rate_for_cash_withdrawal,8293
I keep checking my statements but nothing shows up. I requested a refund a long time ago but seems it's not reaching my account for some reason. Would you please help me get the money back from the seller.,51,Refund_not_showing_up,5691
I would like to get both a Visa and MasterCard?,73,visa_or_mastercard,4159
Could my daughter open an account?,1,age_limit,1596
The recipient can not locate funds.,66,transfer_not_received_by_recipient,2823
Why was I charged a fee for my card payment?,15,card_payment_fee_charged,2639
What currencies can I have?,36,fiat_currency_support,886
"I am having trouble doing a transfer. A ""Decline "" message appears after making the transfer.",27,declined_transfer,5545
I'd prefer Mastercard.,73,visa_or_mastercard,4106
Why won't my card work anymore?,14,card_not_working,1326
How do I go about ordering a new bank card?,9,card_about_to_expire,9604
Why is my cash withdrawal still showing as pending?,46,pending_cash_withdrawal,738
I need to make my card PIN a different number,21,change_pin,6887
Would I be charged any fees if I added money to my account using an international card?,57,top_up_by_card_charge,9147
My Google pay top up isn't working. Help.,2,apple_pay_or_google_pay,9746
How do I contact customer support about my declined transfer?,27,declined_transfer,5595
Is there a way to modify my details?,30,edit_personal_details,3718
If I am running low on credit can I auto top up?,4,automatic_top_up,1158
Are there fees for receiving a SEPA transfer?,56,top_up_by_bank_transfer_charge,1838
I have transfered to my account before but it is being declined now?,27,declined_transfer,5550
Why has my money been returned back to my card.,53,reverted_card_payment?,6844
"For the disposable cards, what are the restrictions?",29,disposable_card_limits,4431
Can someone else use my account if they have my phone?  I lost mine.,42,lost_or_stolen_phone,5286
I looked on the app and it says I withdrew cash.  I didn't!,20,cash_withdrawal_not_recognised,8784
cancel my account,55,terminate_account,6154
I don't know what pending transaction means.,45,pending_card_payment,5173
Why was I charged a fee for withdrawing money?,19,cash_withdrawal_charge,9512
Do you send duplicate cards?,39,getting_spare_card,7864
Where am I able to get my PIN unblocked?,49,pin_blocked,1740
Can friends transfer money to each other?,50,receiving_money,7416
I live in the US and I would like to get a card. How do I go about getting one?,24,country_support,9996
I'm still waiting for my top-up to go through,47,pending_top_up,1998
"I made a mistake on the last transfer I made, who must I speak with to cancel?",8,cancel_transfer,2135
Is my PIN recorded anywhere?,38,get_physical_card,4006
How can I update my details since I moved?,30,edit_personal_details,3770
Please explain why my payment was declined? I thought everything was good.,25,declined_card_payment,5875
I was given the wrong amount of cash,75,wrong_amount_of_cash_received,2414
What do I do to unblock my PIN?,49,pin_blocked,1744
Why has my top-up failed?,59,top_up_failed,8505
Can I use a credit card from the US to top up?,54,supported_cards_and_currencies,2895
Estimated time arrival for transfers?,67,transfer_timing,6705
My transfer to an account failed.,7,beneficiary_not_allowed,7016
I want to transfer money from another account into this one.,65,transfer_into_account,7664
Can I get information on topping up?,57,top_up_by_card_charge,9143
Why did I get charged a fee for my card payment?,15,card_payment_fee_charged,2534
What is the length of time for money to reach the account?,67,transfer_timing,6713
"Is there a fee for making a payment? If so, let me know why.",15,card_payment_fee_charged,2667
"I want to reactivate my card, I thought I had lost it but found it again this morning.",13,card_linking,188
Can I change my pin through the app?,21,change_pin,6917
I added money through a bank transfer and it is not showing in my balance.,5,balance_not_updated_after_bank_transfer,8689
One of my card payments looks like it's stuck but I have made the payment days ago. How long until the payment will be applied to my account?,45,pending_card_payment,5172
When will my cash withdrawal show/,46,pending_cash_withdrawal,804
I used the wrong account.,8,cancel_transfer,2110
"The activation process did not work, please help?",0,activate_my_card,9320
"I completed a transfer within the UK two days ago, but it is still not showing received.  I have verified the account number is correct already.  Is there anything else I need to do or is there a problem?",66,transfer_not_received_by_recipient,2862
i cannot seem to activate card,0,activate_my_card,9332
"I want to get rid of the account, and delete personal information .",55,terminate_account,6162
Let me know when you charge for payments. I just checked the app and saw a fee that I wasn't warned about.,15,card_payment_fee_charged,2641
"I noticed a fee, while banking abroad, that seems different than any I have been charged before. What does this fee mean?",64,transfer_fee_charged,7312
Help me to set up contactless payments.,23,contactless_not_working,1796
Can I have my money refunded for an item,52,request_refund,5432
There is a repeat charge for the same item,63,transaction_charged_twice,6307
"How long does a transfer to another country normally take? I check over and over again and see that my transfer is still pending. It's 2018, nothing should take this long. I have confirmed my account information, so there is no error. What is the hold up?",48,pending_transfer,6035
I only got some of the cash I requested from the ATM,75,wrong_amount_of_cash_received,2494
What is the extra fee I was charged when using an ATM?,19,cash_withdrawal_charge,9496
I need information explaining why my top-up failed to go through,59,top_up_failed,8577
What can I use to receive my salary?,50,receiving_money,7379
My top-up has been reverted and I would like to know why.,61,top_up_reverted,3219
"When will I see my cash, since I already deposited my check?",6,balance_not_updated_after_cheque_or_cash_deposit,3386
Where do I find PIN for my card?,49,pin_blocked,1675
How long will it take for my money to be deposited?,47,pending_top_up,1930
Is there a reason my cash withdrawal was declined?,26,declined_cash_withdrawal,4939
will you be able to activate my card,0,activate_my_card,9204
How do I get the passcode reset?,44,passcode_forgotten,4904
"My PIN is not working, can you help?",49,pin_blocked,1773
"If there isn't a lot of money left, will it automatically top-up money?",4,automatic_top_up,1155
totally unacceptable.  I'm stranded with no cash because the ATM wouldn't give me any money!,26,declined_cash_withdrawal,5003
"My top-up hasn't gone through, what happened?",59,top_up_failed,8471
Do you have an auto-top function and how do I use it if so?,4,automatic_top_up,1244
"My card expires soon, will you send me one automatically?",9,card_about_to_expire,9582
Can I use your services without access to the app?,42,lost_or_stolen_phone,5309
What is your check-cashing policy?,58,top_up_by_cash_or_cheque,8040
I got notified that my top up has been reverted. Why?,61,top_up_reverted,3258
What currencies can I exchange?,36,fiat_currency_support,939
My top up says it is still pending,47,pending_top_up,1987
My recipient hasn't received the money,66,transfer_not_received_by_recipient,2853
I was charged multiple times for one purchase,63,transaction_charged_twice,6406
Is there always a charge when withdrawing money?,19,cash_withdrawal_charge,9431
Am I able to add money into my account using my American Express?,54,supported_cards_and_currencies,2872
Where is the PIN number found?,38,get_physical_card,4083
My statement has a charge that shouldn't have been made.,52,request_refund,5390
How long until transfers complete?,48,pending_transfer,6024
why hasn't a transaction to a friend cleared yet?,66,transfer_not_received_by_recipient,2708
I need to make several disposable cards per day.,29,disposable_card_limits,4367
"Why did I get charged a fee, I thought it was free?",19,cash_withdrawal_charge,9481
Why do I see extra charges for withdrawing my money?,19,cash_withdrawal_charge,9455
I tried to get gas but my money was gone!,62,topping_up_by_card,4284
Do you have to be 18 to make an account?,1,age_limit,1643
I'd like to open an account for my kids can I do that?,1,age_limit,1575
What is the closest ATM?,3,atm_support,4585
I'm using the app and I noticed a payment that I didn't make.,16,card_payment_not_recognised,3491
How long do transfers from Europe take?,67,transfer_timing,6611
Why does my transfer say it is pending?,48,pending_transfer,6005
I tried to get cash in the ATM but it was not approved,26,declined_cash_withdrawal,4999
Can I pay more to get it deliver quicker?,12,card_delivery_estimate,1069
"Hi, I checked my transactions and saw that I was charged twice during a restaurant visit. I would like to get my money back.",63,transaction_charged_twice,6419
"I got my card now, how do I make it show up in the app?",13,card_linking,177
I have lost my credit card in the ATM!,18,card_swallowed,6290
"I tried using a check to update my balance, but it isn't work? Is something wrong?",6,balance_not_updated_after_cheque_or_cash_deposit,3303
I can't get my Google Pay Top to work. Are there any issues on your end?,2,apple_pay_or_google_pay,9724
"I already made a transfer and want to cancel it, how do I do that?",8,cancel_transfer,2153
Could you tell me about the restrictions that are on the disposable cards?,29,disposable_card_limits,4372
How is the PIN delivered?,38,get_physical_card,4041
Can you tell me why my card isn't letting me make purchases online? It's been 2 weeks I've been trying.,53,reverted_card_payment?,6811
I made a mistake and performed a transaction on the wrong account!,8,cancel_transfer,2094
Why did you decline my transfer?,27,declined_transfer,5558
Can I choose between Visa and Mastercard?,73,visa_or_mastercard,4212
How can I configure what currency my salary is in if it's in GBP?,50,receiving_money,7425
Can I auto top up multiple times?,4,automatic_top_up,1204
How long is the wait for a money transfer to post?,48,pending_transfer,6037
With what currencies can I add money?,54,supported_cards_and_currencies,2876
Why does my statement show an extra fee?,34,extra_charge_on_statement,670
Is it possible to top up by card?,62,topping_up_by_card,4254
How do I replace my card before it expires?,9,card_about_to_expire,9592
Can I get a card in the EU?,24,country_support,9880
How can I tell the source for my available funds?,70,verify_source_of_funds,6561
I am not sure where my phone is.,42,lost_or_stolen_phone,5275
And do you have virtual cards instead of physical ones?,40,getting_virtual_card,3058
Why isn't my disposable virtual card working?,72,virtual_card_not_working,8167
Do you charge extra for duplicate cards?,39,getting_spare_card,7882
How do I revert a transaction?,8,cancel_transfer,2083
How long after I receive my statement can I dispute payments on it?,28,direct_debit_payment_not_recognised,4724
Tell me why my transfer is declined.,27,declined_transfer,5553
HOW LONG TO TAKE THE TIME TO SOLVE,14,card_not_working,1353
I had trouble with an incorrect rate being applied when using the ATM with foreign currency.,76,wrong_exchange_rate_for_cash_withdrawal,8245
How do I get a new card as your machine swallowed mine!,18,card_swallowed,6292
Can I top-up any amount I wish on any given day?,60,top_up_limits,2264
What information am I going to have to have in order to do a transfer with my card?,62,topping_up_by_card,4311
Why have I received a rebate for my payment after a week?,53,reverted_card_payment?,6862
Why have I been charged a small fee to use my card?,15,card_payment_fee_charged,2671
What is the maximum for auto top-up?,4,automatic_top_up,1181
Is there any way to get another card on the same account?,39,getting_spare_card,7890
Where do you deliver cards to?,43,order_physical_card,8079
My refund is not here yet,51,Refund_not_showing_up,5819
How do I add my card to the app once I get it?,13,card_linking,275
"There is an extra $1 charge on my statement, why is that?",34,extra_charge_on_statement,710
How long will my transfer be pending?,48,pending_transfer,6079
I sent money to a person and they haven't received the payment yet.,66,transfer_not_received_by_recipient,2705
Is it simple to transfer money using my credit card?,62,topping_up_by_card,4270
My cash deposit from a week ago is still not in my account. Can you help me please?,6,balance_not_updated_after_cheque_or_cash_deposit,3376
Why would you decline my card?,25,declined_card_payment,5933
I'm having problems with ID verification,68,unable_to_verify_identity,3936
Can you help me figure out what is going on with a debit payment that is showing up on my account I am not sure is suppose to be there.,28,direct_debit_payment_not_recognised,4686
Will the card be a Mastercard or a Visa?,73,visa_or_mastercard,4169
My money disappeared! Please help??,61,top_up_reverted,3284
There is a direct debit charge on my account that I don't recognize.,28,direct_debit_payment_not_recognised,4705
How do I protect my phone from someone using it after I lost it.,42,lost_or_stolen_phone,5311
I believe there is a mistake because a payment I didn't make shows in my app.,16,card_payment_not_recognised,3619
Why is my card payment still pending?,45,pending_card_payment,5123
Do I have to pay for a physical card?,43,order_physical_card,8051
What is the estimated wait time on a US transfer into my account?,67,transfer_timing,6678
"i am not a premium customer but i want a virtual card, how do i get it",29,disposable_card_limits,4428
I did a transfer but it is still pending.,48,pending_transfer,6089
What are my options for holding money in multiple currencies?,36,fiat_currency_support,985
The amount of cash I selected to withdraw is different than what I received.,75,wrong_amount_of_cash_received,2378
I would like to purchase another card.,39,getting_spare_card,7850
Why was I charged $1 in a transaction?,34,extra_charge_on_statement,613
Would you give me a mastercard and visa?,73,visa_or_mastercard,4160
"There are multiple instances where you added a fee to the payment, as well as some where you didn't. Do you have an outline of when a fee will be added?",15,card_payment_fee_charged,2577
Is there an age limit to open an account,1,age_limit,1572
Hi I'm sending some money over to an investment bank I do business and the transaction is being rejected. I'm not sure why as I think I have the right details.,35,failed_transfer,7522
Do the disposable cards have any restrictions?,29,disposable_card_limits,4373
Why was I charged an extra fee when using an ATM?,19,cash_withdrawal_charge,9370
Are there only certain ATM machines where I can use this card?,3,atm_support,4616
"Looks like my card payment was made two time by mistake. I went to pay at the store earlier which rejected once, second time it worked. App is on pending for one of the payments. Can you please remove one of them as it's wrong and clearly was declined?",63,transaction_charged_twice,6457
What reasons would a topup fail?,59,top_up_failed,8501
"Hello, I wanted to get some more information about ATM Withdraw Fee. I have been withdrawing money for years and notice this charge on my account. I always thought it was no fee since its you guys ATM company that I am withdrawing. Can you please explain?",19,cash_withdrawal_charge,9383
I made a purchase a few weeks ago but wasn't happy with it so recently requested a refund from the supplier.  Can you check where the money is?,51,Refund_not_showing_up,5721
"I don't know what's wrong with my card, but it has not worked at multiple places today.",14,card_not_working,1345
What are the auto-top up policies?,4,automatic_top_up,1171
Do you offer free ATM withdrawals of ones hometown currency while on holiday?,76,wrong_exchange_rate_for_cash_withdrawal,8247
I have been charged twice on my statement.,63,transaction_charged_twice,6402
When will my deposit post to my account?,6,balance_not_updated_after_cheque_or_cash_deposit,3431
The funds I transferred are not in my account,5,balance_not_updated_after_bank_transfer,8768
I ordered my card a couple weeks ago and haven't received it yet. When can I expect it?,12,card_delivery_estimate,1077
Can I top up for free using a European card?,57,top_up_by_card_charge,9123
When I topped up the app reverted it.,61,top_up_reverted,3244
I think my transfer failed. What do I do now?,35,failed_transfer,7523
Is it possible to top up with Google Pay?,2,apple_pay_or_google_pay,9751
It's requiring me to verify my identity?,74,why_verify_identity,3815
"I tried to take out some money from an ATM earlier today and it was declined. Looking on my screen now, I still see that it's pending for that amount. I didn't actually get that money, so I don't want it processed on my account.",46,pending_cash_withdrawal,847
"I dont know what happened, but my payment was cancelled",53,reverted_card_payment?,6754
I really want a physical card. How do I get one?,43,order_physical_card,8099
Can I request a refund,52,request_refund,5376
I tried to pay through my account but the payment is not going through. What's going on?,45,pending_card_payment,5133
I have a direct debit on my records that is strange and I need help.,28,direct_debit_payment_not_recognised,4728
"I have obtained the salary in GBP, will it need to be configured?",50,receiving_money,7414
How do I get my card into the app?,13,card_linking,263
"With this app, will I be able to exchange currency?",33,exchange_via_app,1383
I need my payment in another currency,50,receiving_money,7357
Is there a limit to using a disposable virtual card?,29,disposable_card_limits,4437
I couldnt transfer money from my account.,35,failed_transfer,7504
I'll send a check to top up my account,58,top_up_by_cash_or_cheque,8006
What currencies do you accept to add money?,54,supported_cards_and_currencies,2887
Can you send me the actual card?,43,order_physical_card,8060
Show me how to look at the source of my current funds?,70,verify_source_of_funds,6486
I can't seem to figure out why my transfers are getting declined.,27,declined_transfer,5640
Can I withdraw from any ATM?,3,atm_support,4631
"When I top-up, the app reverts it.",61,top_up_reverted,3205
My card is about to expire. What do I need to do to keep using my card?,9,card_about_to_expire,9540
What other credit cards can I use?,54,supported_cards_and_currencies,2963
The app doesn't think that I am myself,68,unable_to_verify_identity,3940
There are a couple of payments with my card shown in the app that I really didn't make myself. Why is it happened?,16,card_payment_not_recognised,3647
I'd like to apply for a Visa Card.,73,visa_or_mastercard,4161
I need a new login code,44,passcode_forgotten,4843
I've been trying to make a transfer and it doesn't seem to be working. (5 times) What is wrong with your system?,35,failed_transfer,7528
"This morning, I tried to send money to my friends several times but each time the transfer fails.  Why does it keep failing?  The transfer gets rejected but I do not know what is causing it to be rejected.",35,failed_transfer,7511
"When will I get a new card when I order it, and how much will it cost.",9,card_about_to_expire,9555
I have young kids. Can they use this service?,1,age_limit,1593
Do you have a children account available?,1,age_limit,1623
I was under the impression ATM cash withdrawals were free. Why was I suddenly charged for my most recent ATM transaction?,19,cash_withdrawal_charge,9435
I need assistance with transferring funds to another account.,65,transfer_into_account,7595
My card hasn't been working when I try to use it.,14,card_not_working,1288
I have an odd payment in my statement,16,card_payment_not_recognised,3626
Can I top up?,60,top_up_limits,2294
Why hasn't my account updated?,6,balance_not_updated_after_cheque_or_cash_deposit,3467
Who can request disposable cards?,29,disposable_card_limits,4453
"I tried using my card, but it doesn't work.",14,card_not_working,1282
Can I order a new card to China?,9,card_about_to_expire,9559
What forms of ID should I use for verification?,69,verify_my_identity,9862
I'm not sure how disposable virtual cards work. Please help.,37,get_disposable_virtual_card,8452
I am having trouble withdrawing cash.,26,declined_cash_withdrawal,5017
What is limit of disposable cards  I can make per day?,29,disposable_card_limits,4390
I want to transfer money with my credit card.,62,topping_up_by_card,4305
"I had a problem with my card payment, can you help?",25,declined_card_payment,5982
Help! I need to cancel a transaction.,8,cancel_transfer,2129
How do I dispute a debit that I didn't make?,28,direct_debit_payment_not_recognised,4712
I would like to change my name after marriage.,30,edit_personal_details,3653
"What currencies can I not hold many in, if so what are they?",36,fiat_currency_support,898
Please explain how I use the disposable cards?,37,get_disposable_virtual_card,8417
"The app isn't letting me log in, but my info is correct.",68,unable_to_verify_identity,3981
I think I was charged double for something I bought - how long should I wait before reporting this?,63,transaction_charged_twice,6474
I'd like my account to be deleted. I'm not satisfied with the service you provide.,55,terminate_account,6229
Why haven't I seen the cash from the cheque I deposited yet?,6,balance_not_updated_after_cheque_or_cash_deposit,3457
What's the youngest I can be to open an account?,1,age_limit,1664
Help! I just realised someone has apparently withdrawn money using my card! It's from some odd remote town where I definitely haven't been. Please freeze it immediately!,20,cash_withdrawal_not_recognised,8834
Please tell me where I can update my details since I moved.,30,edit_personal_details,3706
I bought an item that I was charged a different exchange rate for.,17,card_payment_wrong_exchange_rate,532
"If I exchange currency frequently, can I get a discounted rate?",31,exchange_charge,9018
I need a Visa card,73,visa_or_mastercard,4184
I just moved to the US how do I get a card?,24,country_support,9997
I have a new card. How do I activate it?,0,activate_my_card,9319
Help me unblock my account.  I entered the PIN wrong too many times.,49,pin_blocked,1670
"I've tried to send money to my friends and I keep getting rejected. Can you please tell me why, I don't understand.",35,failed_transfer,7559
Is there a topping up limit?,60,top_up_limits,2292
Can you tell me how I go about activating a new card?,0,activate_my_card,9280
Can my PIN be changed in any cash machine?,21,change_pin,6978
"Someone has copied my card. I have my card with me, but someone just made a 500£ cash withdrawal. Please help now.",20,cash_withdrawal_not_recognised,8794
My card is stolen.  Help!,41,lost_or_stolen_card,1511
My card don't work.,14,card_not_working,1349
Can I use check to deposit?,58,top_up_by_cash_or_cheque,8002
Do you charge for sending more cards?,39,getting_spare_card,7921
I was overcharged an additional pound.,34,extra_charge_on_statement,732
What are these disposable virtual cards all about?,37,get_disposable_virtual_card,8396
What do I do to exchange currency?,33,exchange_via_app,1371
Tell me what ATMs allow me to change my PIN.,21,change_pin,6997
"i am express delivering my card to the us, how long will that take",12,card_delivery_estimate,1017
How long will my transaction take?,66,transfer_not_received_by_recipient,2794
"There's a weird payment showing in my app that I definitely haven't made myself, as I haven't used the card at all that day. Please cancel that and return my money.",28,direct_debit_payment_not_recognised,4680
I have exceeded the number of PIN attempts,49,pin_blocked,1667
I topped up and now my money is not there anymore! What happened to it?,61,top_up_reverted,3235
I want to deactivate my account.,55,terminate_account,6227
This debit is not my transcation. How do I get my money out back?,28,direct_debit_payment_not_recognised,4664
How long does it actually take my card payment to make it to the account? I've made a payment a couple of days ago but it hasn't moved since.,45,pending_card_payment,5190
How do I add an existing card to the app?,13,card_linking,166
I received $20 but I entered $100,75,wrong_amount_of_cash_received,2339
What US credit cards do you accept?,54,supported_cards_and_currencies,2942
"Hello, I just checked my card transactions and saw that I was charged twice for a restaurant visit I did earlier this week. Is it possible to remove one of them and get my false paid money pack?",63,transaction_charged_twice,6353
"My new card is here, what's the process for activating it?",0,activate_my_card,9298
Where can I update my pin number?,21,change_pin,6898
My credit card got declined for top up! What's going on? Can you check on why it didn't go through?,59,top_up_failed,8535
What can I and can't do with the disposable cards?,29,disposable_card_limits,4455
I am upset with your service.  Please delete my account.,55,terminate_account,6169
When will the transaction post to my account?,48,pending_transfer,5999
I would like to know more about what a disposable virtual card is?,37,get_disposable_virtual_card,8423
"Someone is making transactions on my account, I think they took my card information.",22,compromised_card,4491
Why is the exchange rate on my card wrong?,17,card_payment_wrong_exchange_rate,544
The ATM didn't give me enough money! I asked for more than it gave. What do I do?,75,wrong_amount_of_cash_received,2433
"In the app, where do I find my card PIN?",38,get_physical_card,4018
I added money to the card but the transaction didn't go through,47,pending_top_up,2041
Currently my card is broken.,14,card_not_working,1278
Can you tell me why my card payment was cancelled?,53,reverted_card_payment?,6833
Why is it saying my card payment is declined when I made it?,25,declined_card_payment,5915
How can I check to see where my funds come from?,70,verify_source_of_funds,6588
Why did I not get the amount I specified at the ATM?,75,wrong_amount_of_cash_received,2454
What happened to the money that I deposited?,61,top_up_reverted,3275
"Someone has a copy of my card !! I definitely still have it here but someone just made a 500£ cash withdrawal, HELP!",20,cash_withdrawal_not_recognised,8788
How long will my payment be pending?,45,pending_card_payment,5250
What ATMs take this card?,3,atm_support,4548
Do you know which businesses will accept my card?,10,card_acceptance,3111
My card failed to work when I was shopping in a store,25,declined_card_payment,5916
can i top up from a usa credit card,54,supported_cards_and_currencies,2890
I deposited a cheque and its been days and I still haven't received the cash!!,6,balance_not_updated_after_cheque_or_cash_deposit,3480
I was declined when I tried to withdraw cash!,26,declined_cash_withdrawal,5040
I have a withdrawal waiting to go through.,46,pending_cash_withdrawal,777
"your company is awful, i would like to delete my account please",55,terminate_account,6179
Do you know why my card payment has been declined?,25,declined_card_payment,5838
My card is broken,14,card_not_working,1333
Can friends I have top-up my account?,62,topping_up_by_card,4315
I have a transaction showing multiple times.,63,transaction_charged_twice,6328
"I didn't want to make a transaction, I want to revert it",8,cancel_transfer,2086
I would like to return my purchases,52,request_refund,5502
"After I attempted a transfer, it failed.",35,failed_transfer,7503
what is the correct exchange rate for getting cash,76,wrong_exchange_rate_for_cash_withdrawal,8276
How much is it to receive money?,56,top_up_by_bank_transfer_charge,1831
my cash withdrawal has not come out of my account yet.,46,pending_cash_withdrawal,876
"If I need to make an exchange from USD to GBP, how can I do so in the app?",33,exchange_via_app,1421
"I made a purchase this morning, and it is showing as pending.",45,pending_card_payment,5188
Can I change my PIN at any cash machines?,21,change_pin,6886
Is my country's currency supported by your system?,36,fiat_currency_support,933
Why am I being charged for the same thing twice?,63,transaction_charged_twice,6337
"There's an extra fee on my statement, why is that?",34,extra_charge_on_statement,671
"I have a disposable card, how many transactions can I make?",29,disposable_card_limits,4364
I have a fee and I don't know why,15,card_payment_fee_charged,2596
Is there a fee for topping up by charge card?,57,top_up_by_card_charge,9144
I did not receive the correct amount of cash.,75,wrong_amount_of_cash_received,2497
"Hello,  I am a college student who I recently attended my high school reunion at a local restaurant. I paid with my credit card and now my transaction history reflects a second charge of the seemingly same payment. What could be the reason for this?  Is there any way to have the fraudulent  payment credited back onto my card?",63,transaction_charged_twice,6355
Where is my credit card that was to be mailed?,11,card_arrival,41
I would like to dispute a payment I didnt make,28,direct_debit_payment_not_recognised,4729
Can someone assist me with explaining how I can unblock my pin?,49,pin_blocked,1679
Why am I being charged to withdrawal money?,19,cash_withdrawal_charge,9504
How much more do you charge for currency exchange?,31,exchange_charge,8955
What currencies can be exchanged in the app?,33,exchange_via_app,1366
I think the payment from my card was revereted,53,reverted_card_payment?,6825
I got a message that my transfer is not possible.  What is happening?  I need this to go through please.,7,beneficiary_not_allowed,7011
How do I get a spare card?,39,getting_spare_card,7853
What is the first step that I should take after my card has been stolen?,41,lost_or_stolen_card,1525
Can you change the rate for the item I bought in a different currency as it is wrong?,17,card_payment_wrong_exchange_rate,462
Can my children have an account?,1,age_limit,1610
"I am having issues using contactless payments, could my card be damaged?",23,contactless_not_working,1815
There is an extra small charge on my card! What do I do?,34,extra_charge_on_statement,623
Do you charge for sending out more cards?,39,getting_spare_card,7825
I'd like to delete my account.,55,terminate_account,6172
I made a deposit but it is not showing up in my balance.,6,balance_not_updated_after_cheque_or_cash_deposit,3377
Please cancel the transfer I just made.  I put in the wrong account number and can't seem to stop it on the app.,8,cancel_transfer,2210
Will it take more than 3 days for my transfer to reach my account?,67,transfer_timing,6697
I have a transaction that shows multiple times.,63,transaction_charged_twice,6322
How do I top up with cash?,58,top_up_by_cash_or_cheque,7944
Will you guys charge me for topping up by transfer?,56,top_up_by_bank_transfer_charge,1823
What do I need in regards to identification?,69,verify_my_identity,9806
I've been trying to do a transfer multiple times and have failed? Is the system down?,35,failed_transfer,7454
Do I need any kind of proof for the identity check?,69,verify_my_identity,9818
I'm still waiting for a money transfer to show.,48,pending_transfer,6135
"ATMs, which ones will accept this card?",3,atm_support,4628
How old do my kids have to be use this?,1,age_limit,1573
I am trying to complete a transfer but I keep getting an error message.,7,beneficiary_not_allowed,7083
Are the delivery days flexible?  My schedule only allows me to be a available on specific dates.,12,card_delivery_estimate,1105
I received a returned payment that I made.,53,reverted_card_payment?,6829
"Will you accept my credit card, it my only one.",54,supported_cards_and_currencies,2954
How can I change my information?,30,edit_personal_details,3697
Tell my why my top-up is pending.,47,pending_top_up,1976
How do I get a refund for an item I bought?,52,request_refund,5485
Some cash was missing at ATM.,75,wrong_amount_of_cash_received,2343
Where is the card I ordered 2 weeks ago?,11,card_arrival,34
How can I put more money into my account?,58,top_up_by_cash_or_cheque,7942
Why hasn't the transaction I did to my friend arrived yet?,66,transfer_not_received_by_recipient,2742
"Help, I need to top up my account. Where do I send a check?",58,top_up_by_cash_or_cheque,8005
What is going on? My balance still hasn't updated and it has been two weeks since I deposited my money!,6,balance_not_updated_after_cheque_or_cash_deposit,3418
How can I switch on my new card?,0,activate_my_card,9300
How long will it take the money to appear in my account?,67,transfer_timing,6666
i didnt put that money in my account,20,cash_withdrawal_not_recognised,8925
Which part of the app do I order virtual cards from?,40,getting_virtual_card,3018
What to do if my physical card is not working?,14,card_not_working,1329
My transfer failed,35,failed_transfer,7508
A withdrawal is showing that I don't recognize,20,cash_withdrawal_not_recognised,8899
What are the reasons to be charged a fee on card payments?,15,card_payment_fee_charged,2525
How do I locate my PIN now that I have my card?,38,get_physical_card,4053
Im not sure why Im being charged an extra fee just for purchasing an item from another country? I paid for the item and the shipping why am I getting charged extra?,64,transfer_fee_charged,7330
Can I get a disposable virtual card?,37,get_disposable_virtual_card,8415
Someone might have access to my card!  There are some strange payments showing up on my account.  What do I do?,16,card_payment_not_recognised,3489
can i use my app to get a virtual card,40,getting_virtual_card,3030
are SWIFT transfers an option?,56,top_up_by_bank_transfer_charge,1917
I haven't received my virtual card.,40,getting_virtual_card,3083
"When using my card I was charged a fee for doing so, why?",15,card_payment_fee_charged,2581
Why was I charged a fee for my withdrawal?,19,cash_withdrawal_charge,9505
How do I replace my card before it expires next month?,9,card_about_to_expire,9589
I didn't make this payment!,16,card_payment_not_recognised,3583
Why are my transfers getting declined?,27,declined_transfer,5589
Can I get a new card?,43,order_physical_card,8104
who charged my card,64,transfer_fee_charged,7225
Why do you guys need to verify my identity?,74,why_verify_identity,3803
"Can you send me a Mastercard, instead of a Visa?",73,visa_or_mastercard,4115
why do I need to show ID,69,verify_my_identity,9860
I would like to cancel my previous transaction,8,cancel_transfer,2158
"I'm trying to verify my top up card, how do I do that?",71,verify_top_up,7739
How can I top up my account and which currency can I use?,54,supported_cards_and_currencies,2888
Which ATMs take the card?,3,atm_support,4619
I was charged for using my card?,15,card_payment_fee_charged,2631
The amount of cash I received was not the full amount,75,wrong_amount_of_cash_received,2355
Where is the PIN for my card located?,38,get_physical_card,4026
My transfer to a beneficiary was rejected.,7,beneficiary_not_allowed,7101
My card was eaten by the cash machine what do I do?,18,card_swallowed,6295
I made a cash withdrawl and there is a charge.  What is this?,19,cash_withdrawal_charge,9340
How does a bank transfer for topping my account work?,65,transfer_into_account,7608
How long does a transfer take to reach one's account.,67,transfer_timing,6616
My cash deposit isn't in my account. What happened?,6,balance_not_updated_after_cheque_or_cash_deposit,3370
What do I do if I lost my phone?,42,lost_or_stolen_phone,5317
"I decided I no long want something that I ordered, and want a refund. How do I go about doing that?",52,request_refund,5394
Can I add money in intervals to my account?  I will be traveling.,4,automatic_top_up,1238
I requested a refund but am unable to see it in my account. Why is that?,51,Refund_not_showing_up,5677
How long do I wait for a transfer to take?,48,pending_transfer,6101
Can I pick a new PIN?,21,change_pin,6897
Is it possible to get one of your cards in the European Union?,24,country_support,9906
Why is this payment pending?,45,pending_card_payment,5236
What is the estimated wait time for transfers from the US?,67,transfer_timing,6712
How can I replace an expired card?,9,card_about_to_expire,9537
Can somebody else top up my account?,62,topping_up_by_card,4322
"There are incorrect charges on my account, there was a WD that was made by someone else.  I still have my card though.",20,cash_withdrawal_not_recognised,8870
why did i only get 20.00,75,wrong_amount_of_cash_received,2333
Why was I declined when I tried to get my money?,26,declined_cash_withdrawal,4920
Why do you keep declining my payment?I tried several times with this card and it is just not working.,25,declined_card_payment,5921
I got some cash out of the ATM over the holiday and it seems that I've been grossly overcharged. I wouldn't have done that if I knew of these outrageous charges!,76,wrong_exchange_rate_for_cash_withdrawal,8359
Can you tell me why I wasn't able to complete my transfer?,35,failed_transfer,7435
Do top-up limits exist?,60,top_up_limits,2260
I am very dissatisfied with the services that you are providing.  I want to cancel my account.,55,terminate_account,6225
I sent some money but the intended recipient says it hasn't arrived,66,transfer_not_received_by_recipient,2847
What limits are the to top-ups?,60,top_up_limits,2273
How do I get my card back quickly from a bank machine that it?,18,card_swallowed,6261
When will I see an updated balance after a transfer?,5,balance_not_updated_after_bank_transfer,8675
how come when i asked for 100 it only gave me 20.00 in the app,75,wrong_amount_of_cash_received,2346
How come I got charged extra for withdrawing cash?,19,cash_withdrawal_charge,9453
I think my card is lost.  What do I do?,41,lost_or_stolen_card,1538
I require verification of my source of funds.,70,verify_source_of_funds,6564
Could you please tell me why my purchases from this morning say payment is pending?,45,pending_card_payment,5093
The ATM I'm standing in front of only gave me 10 pounds rather than the 30 pounds I wanted. The app shows I took out 30 pounds also. What do I need to do to fix this?,75,wrong_amount_of_cash_received,2493
I need a refund. This is not what i wanted.,52,request_refund,5455
My account isn't showing a transfer I made.,5,balance_not_updated_after_bank_transfer,8767
Why does my transfer keep generating an error message?,7,beneficiary_not_allowed,7044
My withdrawals were going smooth until I got declined today. What is going on?,26,declined_cash_withdrawal,4926
I deposited a cheque but I don't see the funds in my account.,6,balance_not_updated_after_cheque_or_cash_deposit,3430
There is a fraudulent payment!,16,card_payment_not_recognised,3627
What is the identity check for?,74,why_verify_identity,3877
Why has my payment been declined? I paid by card.,25,declined_card_payment,5872
Where can I locate my card PIN?,38,get_physical_card,4016
"I tried to withdraw some funds from my card, but was declined. How can I get my money?",26,declined_cash_withdrawal,5079
What currencies do you accept for adding money?,54,supported_cards_and_currencies,2924
"A transfer I sent was received in less than the full amount I originally sent, and now I have to send additional funds to cover the full amount. What happened?",64,transfer_fee_charged,7176
I need a transaction reversed from my account.,63,transaction_charged_twice,6438
How long should it take for my new card to arrive in them mail? What should I do if I never receive it?,11,card_arrival,65
How can I fix my bank transfer to show up on my bank account?,5,balance_not_updated_after_bank_transfer,8638
Some cash I didn't get shows in my app,20,cash_withdrawal_not_recognised,8943
My order needs to be canceled.,52,request_refund,5493
How long does it typically take for a pending ATM withdrawal to clear?,46,pending_cash_withdrawal,801
Why doesn't it work when I use American Express to try to add money to my account?,54,supported_cards_and_currencies,2957
What if I don't verify my identity?,74,why_verify_identity,3796
"I have an unknown debit charge in my statement, why?",28,direct_debit_payment_not_recognised,4692
Where is my card PIN?,38,get_physical_card,4002
I'm looking for a machine of yours that will provide me cash from my home country. I went on holiday and don't have any cash on me. Will your machine charge me extra to do this?,76,wrong_exchange_rate_for_cash_withdrawal,8344
I tried to transfer some money and it hasn't done it yet - what's going on?,66,transfer_not_received_by_recipient,2725
How do I top up using my Apple Watch?,2,apple_pay_or_google_pay,9687
Why didn't I receive all the cash I requested?,75,wrong_amount_of_cash_received,2421
"I might need to exchange between USD and GBP, is this possible with your app?",33,exchange_via_app,1401
I paid with my card and was charged extra,15,card_payment_fee_charged,2592
What ATM machines allow this card?,3,atm_support,4568
I had to pay one pound more than the set price!,34,extra_charge_on_statement,723
I am not sure but someone else might be using my card,22,compromised_card,4502
What is the maximum transactions for one disposable card?,29,disposable_card_limits,4430
I need to know what charges I will incur for using a European card for top up.,57,top_up_by_card_charge,9159
What is the process for activating a new card.,0,activate_my_card,9255
How long does it take for money to reach my account?,5,balance_not_updated_after_bank_transfer,8765
where do I go to top up with cash?,58,top_up_by_cash_or_cheque,7977
"Using your app, would I be able to exchange between USD and GBP?",33,exchange_via_app,1379
I looked at my statement and found a payment I and found a mistake.,16,card_payment_not_recognised,3512
Will I be charged if I add more cards to the account?,39,getting_spare_card,7833
My card was stolen and used to make several purchases. Please freeze my card so no one can use it.,22,compromised_card,4519
Transfer isn't working?,35,failed_transfer,7441
What do i do if the exchange rate was wrong for the item i bought overseas?,17,card_payment_wrong_exchange_rate,486
"The expiration date on my card is very soon, and I need to get a new one.  What are the price and delivery options for my replacement card?",9,card_about_to_expire,9564
Why was my transfer request decline?,27,declined_transfer,5542
"I need to figure out what these charges are on my account. They've been coming out for a couple of days. Can i get all of this money back? Also, I need to freeze my card.",16,card_payment_not_recognised,3488
What if I want to add a card I already have to the app?,13,card_linking,241
Where can I change my PIN?,21,change_pin,6936
Why can't I withdraw funds from my account?,26,declined_cash_withdrawal,4998
Where is the top-up verification code sent?,71,verify_top_up,7785
"Hi! I'm a university student studying abroad and I noticed that when I was trying to cross-reference my budget for this month that there were extra fees I was not expecting. Why is that? I've had this account for years and I haven't had any trouble so far, it might not even be on your all's end since I'm still new to international travel and finance, but I wanted to double check in case a mistake was made!",64,transfer_fee_charged,7310
Will there be a fee if I receive a SEPA transfer,56,top_up_by_bank_transfer_charge,1875
I have duplicate charges for the same transaction,63,transaction_charged_twice,6349
How long will it take to receive my money from my transfer transaction?,66,transfer_not_received_by_recipient,2820
Can I use as many top-ups as I want?,60,top_up_limits,2310
What's the process to receive a second card?,39,getting_spare_card,7915
How many active cards can I have?,39,getting_spare_card,7897
Where is the closest ATM I can use?,3,atm_support,4579
Show me the amount of transactions I can do with a disposable card.,29,disposable_card_limits,4394
I would like to track the card you sent to me.,11,card_arrival,31
Hi I am trying to transfer money to another country but it is showing pending and it has been a long time.  I have checked numbers and they are correct.  Could you please help?,48,pending_transfer,6004
Is it possible for a transaction to be cancelled?,8,cancel_transfer,2178
Why did it cost money to transfer funds?,64,transfer_fee_charged,7173
The day before yesterday I transferred funds to another account within the country.  The funds have not yet arrived.  I double and triple checked the account number and it was correct.  Why hasn't the transfer been completed yet?,66,transfer_not_received_by_recipient,2832
Why would my payment have been returned to my account?,53,reverted_card_payment?,6736
My payment has an incorrect exchange rate.,17,card_payment_wrong_exchange_rate,410
What do you need for the identity verification,69,verify_my_identity,9795
I'm not sure where this charge came from.,16,card_payment_not_recognised,3511
Do I pay extra for exchange?,31,exchange_charge,8962
What is the auto top-up limit?,4,automatic_top_up,1243
I lost my phone and need help protecting it.,42,lost_or_stolen_phone,5322
How come I can't find my payment?,53,reverted_card_payment?,6827
Are extra charges added for sending out additional cards?,39,getting_spare_card,7804
I need urgent help. I realize I sent my payment to the wrong account number. I made a typo. Please cancel the transfer now. There isn't an option from the app.,8,cancel_transfer,2159
I want to end my account,55,terminate_account,6186
I need assistance with activating my new card.,0,activate_my_card,9211
"Can you check about unauthorized use of my card, I think someone is using mine without my knowledge?",22,compromised_card,4515
How do I get my refund back?,52,request_refund,5480
"I was wondering, Can I get my pay in another currency?",50,receiving_money,7391
What is the price for a physical card?,43,order_physical_card,8123
Is there a fee that comes with transfers?,64,transfer_fee_charged,7166
Can I let other people have access to my account in order to top up?,62,topping_up_by_card,4259
I don't remember my passcode?,44,passcode_forgotten,4881
"I received my card, how do I get it to work in the app?",13,card_linking,286
i asked for 100 only got 80,75,wrong_amount_of_cash_received,2447
When can I expect my new card to get here?,12,card_delivery_estimate,1107
What do you think of the exchange rate?,32,exchange_rate,309
can I use it all over the world?,24,country_support,9993
"How much time do transfers take? I sent money to a friend who needs it fast. It's been hours, and the money has not gone through.",66,transfer_not_received_by_recipient,2743
I need to know where this charge is coming from?,16,card_payment_not_recognised,3630
"There are transactions that I don't remember making, i think someone might have gotten my card details and is now using it.",22,compromised_card,4520
I tried activating my plug-in and it didn't piece of work,0,activate_my_card,9183
Why is there a direct debit fee in the App when I didn't do it?,28,direct_debit_payment_not_recognised,4791
Two days ago I did a transfer to another account within the country.  It doesn't appear the transfer went through.  I have verified the account number several times.  Could you please check on this for me?,66,transfer_not_received_by_recipient,2749
Do you offer SWIFT transfers?,56,top_up_by_bank_transfer_charge,1840
I can't find the PIN.,38,get_physical_card,4030
I attempted to deposit a cheque yesterday but the balance isn't showing today. Is it still pending?,6,balance_not_updated_after_cheque_or_cash_deposit,3456
"I  have been charged more than I should for the presents I bought  when abroad, the problem seems to be the exchange rate.",17,card_payment_wrong_exchange_rate,568
Why has my deposit in the ATM not cleared yet?,46,pending_cash_withdrawal,878
How long does it take to get my money,67,transfer_timing,6598
Where is my pin? I don't have it yet,38,get_physical_card,4059
What is this random charge of one pound doing on my account?,34,extra_charge_on_statement,722
"i have tried everything to complete a transfer but can't, what should i do next",27,declined_transfer,5662
Why can't I take cash out of the ATM?,26,declined_cash_withdrawal,4935
How do I get a new expiration date?,9,card_about_to_expire,9643
Is there a limit to the number of disposable cards I can have?,29,disposable_card_limits,4356
Please give me both a visa and a mastercard.,73,visa_or_mastercard,4110
My top up hasn't gone through,47,pending_top_up,2022
What exactly is the exchange fee?,31,exchange_charge,9057
I only have a card from the US is that okay?,54,supported_cards_and_currencies,2966
I'm trying to take money from my account but its not letting me. Help!,26,declined_cash_withdrawal,4988
What currencies does google pay top up accept?,2,apple_pay_or_google_pay,9654
What are acceptable documents to prove my identity?,69,verify_my_identity,9852
I need more physical cards than I have right now!,39,getting_spare_card,7878
In what increments can I top-up my card?,4,automatic_top_up,1156
I need to urgently transfer something from China. How long will it approximately take?,67,transfer_timing,6670
"My top up hasn't gone through yet, why?",47,pending_top_up,1965
Why is there a pending time on my transfer?,48,pending_transfer,6076
I was charged a hidden fee when I paid with card.,15,card_payment_fee_charged,2613
I received a fee I should not have.,15,card_payment_fee_charged,2512
Which currencies do you accept for adding money?,54,supported_cards_and_currencies,2870
What do I do if i accidentally broke my card?,14,card_not_working,1254
May I get an account for my daughter?,1,age_limit,1606
Please help me as my online payment is getting declined since yesterday while i am trying to purchase something online.,27,declined_transfer,5608
Whats the maximum number of disposable cards that I can get?,29,disposable_card_limits,4384
I pulled cash from the ATM earlier. Why is it still pending if I already have the cash?,46,pending_cash_withdrawal,875
My PIN was entered wrong and now I am blocked.  Please unblock.,49,pin_blocked,1690
I have been charged an extra pound!,34,extra_charge_on_statement,635
Will the transfer show up in my account soon?,67,transfer_timing,6595
I can't withdraw any money from my account. Ive tried a couple different ATM machines and both of them wouldn't give me my money. What's going on? Is my account frozen or something?,26,declined_cash_withdrawal,5059
What steps should I take before my card expires?,9,card_about_to_expire,9553
"My wallet was stolen, along with my cards. How do I put a freeze on my cards and order a new one?",41,lost_or_stolen_card,1505
How do I fix a transaction to the wrong account?,8,cancel_transfer,2184
if i found a lost card can i put it back in app,13,card_linking,288
Why does it matter that I prove my identity?,74,why_verify_identity,3799
My cheque deposit didn't seem to work.,6,balance_not_updated_after_cheque_or_cash_deposit,3400
I believe my exchange rate is incorrect,76,wrong_exchange_rate_for_cash_withdrawal,8302
How can I get my card to work?,14,card_not_working,1341
What are the steps I need to take to cancel a transaction?,8,cancel_transfer,2112
How will I know where my funds are coming from?,70,verify_source_of_funds,6499
How long does a transfer from the US take?,67,transfer_timing,6635
When will the check I deposited post to my account?,6,balance_not_updated_after_cheque_or_cash_deposit,3358
I attempted to withdraw some money from an ATM this morning and received the wrong amount. Your app says I have enough money available in the account. Can someone tell me what's wrong?,75,wrong_amount_of_cash_received,2400
How come my card doesn't work anymore?,14,card_not_working,1255
I want a reason as to why my beneficiary is not allowed?,7,beneficiary_not_allowed,7045
Why is my last cheque deposit taking so long?,6,balance_not_updated_after_cheque_or_cash_deposit,3301
"I have my card, when whill my PIN be available?",38,get_physical_card,3999
The ATM shows a withdraw of the amount of money I requested but I didn't revieve that amount in cash.,75,wrong_amount_of_cash_received,2442
Can I use my social security card as a form of identity?,69,verify_my_identity,9825
My app says I withdraw funds from my account through an ATM.,20,cash_withdrawal_not_recognised,8941
Can i make transactions before identity verification?,74,why_verify_identity,3890
Do you let me choose between Visa and Mastercard?,73,visa_or_mastercard,4150
I can still see money in my account after making a payment,5,balance_not_updated_after_bank_transfer,8708
Why is top-up verified?,71,verify_top_up,7790
Why was I charged more than I should have been?,34,extra_charge_on_statement,660
"I want to reactivate my card, I thought I had lost it but I found it.",13,card_linking,210
My funds must be verified,70,verify_source_of_funds,6543
I did a transfer and was charged a fee that should not have been charged!,64,transfer_fee_charged,7317
I think the exchange rate is wrong for my ATM withdrawal,76,wrong_exchange_rate_for_cash_withdrawal,8370
How do I get my card on the app?,13,card_linking,222
One of my transactions needs to be canceled.,8,cancel_transfer,2106
What is the maximum number of transactions I can do with a disposable card?,29,disposable_card_limits,4422
Is ordering a new card from China available?,9,card_about_to_expire,9560
I have an outgoing transaction,48,pending_transfer,6034
I transferred money but the recipient does not see the funds in their account?,66,transfer_not_received_by_recipient,2707
How do I find the refund on my statement?,51,Refund_not_showing_up,5802
I don't understand why you want so much of my personal info.,74,why_verify_identity,3839
I would like to know what exchange rates you use?,32,exchange_rate,299
Where do I go to change my account details?,30,edit_personal_details,3747
"It's been two weeks and I haven't gotten my card, what do I do?",11,card_arrival,134
I think I was double charged,63,transaction_charged_twice,6390
How can I receive a virtual card?,40,getting_virtual_card,3034
I put the wrong pin too many times and now it is blocked. Can you help me unblock it?,49,pin_blocked,1724
"Hi,  I have transferred money but beneficiary's account is credited with less amount. Now i have transfer the difference of the amount. I think there is some issue, could you please look into this.",64,transfer_fee_charged,7285
I'm having a hard time proving my identity.,68,unable_to_verify_identity,3935
Can I get a full list of instructions for identity checks?,69,verify_my_identity,9819
The app won't let me transfer money to a beneficiary,7,beneficiary_not_allowed,7116
I swear that there are 2 payments on the app that I didn't make.  Could my card me stolen?  Please advise what I should do.,16,card_payment_not_recognised,3578
My card was stolen last night.,41,lost_or_stolen_card,1555
An overseas cash transfer did not work correctly,76,wrong_exchange_rate_for_cash_withdrawal,8272
How long does my top up pending last?,47,pending_top_up,2052
How can I receive money from someone?,50,receiving_money,7378
What is the process to activate a card,0,activate_my_card,9223
MY transfer has still not appeared.,5,balance_not_updated_after_bank_transfer,8715
"Would you be able to offer me a discount, since I need to exchange currencies frequently?",31,exchange_charge,9046
What does it mean when a cash withdrawal is pending?,46,pending_cash_withdrawal,811
The app reverted after I topped-up,61,top_up_reverted,3250
Is there extra fees for making a withdraw in a different country at a cash machine.,76,wrong_exchange_rate_for_cash_withdrawal,8244
Why didn't my transfer to a beneficiary happen?,7,beneficiary_not_allowed,7075
What do I do if I can't get my card out of the ATM?,18,card_swallowed,6249
I'm interested in getting a virtual card.  How do I get one?,40,getting_virtual_card,3032
"Is something wrong with my account, my balance didn't change after I transferred some money",5,balance_not_updated_after_bank_transfer,8781
How many times can I enter a wrong PIN before it is blocked?,49,pin_blocked,1751
Why does it cost more to pay with my card?,15,card_payment_fee_charged,2614
My top up did not go through yet.,47,pending_top_up,1939
I do not understand what this particular direct debit is ?,28,direct_debit_payment_not_recognised,4648
My top up may have been reverted,61,top_up_reverted,3239
Can you explain to me why a top up would be reverted?,61,top_up_reverted,3261
I bought something that I need a refund for.,52,request_refund,5407
I want to cancel a purchase,52,request_refund,5408
"I asked for $40 and I only received $20, what happened?",75,wrong_amount_of_cash_received,2431
My payment is taking a long time to go through.,45,pending_card_payment,5142
Why isn't my refund shown on my statement?,51,Refund_not_showing_up,5727
How can my friend give me money?,50,receiving_money,7337
"In my statement, there was an extra €1 fee",34,extra_charge_on_statement,685
do i need to wait for my card before i get pin,38,get_physical_card,4080
I see an unauthorized withdraw.,20,cash_withdrawal_not_recognised,8891
In the App I see a payment that is not mine.,16,card_payment_not_recognised,3599
Can I have a Visa card?,73,visa_or_mastercard,4133
I have a card payment that I don't recognize. What should I do?,16,card_payment_not_recognised,3593
My account transfer was not cleared.,7,beneficiary_not_allowed,7049
Payment did not process,7,beneficiary_not_allowed,7155
I contacted the seller for a direct refund last week but he still hasn't give me my money. What should I do?,51,Refund_not_showing_up,5785
My card gets rejected when I try to use it,14,card_not_working,1265
Why hasn't my refund been appiled to my account?,51,Refund_not_showing_up,5723
Where can I modify my details?,30,edit_personal_details,3719
How long should it take for a transfer to go through? I have been waiting a while.,66,transfer_not_received_by_recipient,2795
What do you use disposable cards on?,37,get_disposable_virtual_card,8371
"I recently transferred some cash, but the balance has not changed.",5,balance_not_updated_after_bank_transfer,8755
I cannot get my disposable virtual card to work,72,virtual_card_not_working,8189
"So my top-up failed, could you tell me why?",59,top_up_failed,8504
Can you explain the various transaction times shown on my statement?,63,transaction_charged_twice,6468
What do I do if I can't access the app?,42,lost_or_stolen_phone,5270
Can I use this app for both USD and GBP?,33,exchange_via_app,1380
My phone was stolen! What do I need to do?,42,lost_or_stolen_phone,5256
what currencies can I receive my salary in with this?,50,receiving_money,7393
how to change name on account,30,edit_personal_details,3707
Where is my card?,11,card_arrival,87
Can you tell me the countries you operate in?,24,country_support,9897
There is a payment with my card which i definitely did not do.,16,card_payment_not_recognised,3595
I need to find the top up verification code,71,verify_top_up,7708
"I have done a transfer within the country the day before yesterday, but it's still not there yet. Can you please check what's going on with that, the account number is the right one, I've checked that several times already.",66,transfer_not_received_by_recipient,2703
Do you have any options to top up with a cheque on my account?,58,top_up_by_cash_or_cheque,7934
I didn't receive the correct exchange rate when I got cash.,76,wrong_exchange_rate_for_cash_withdrawal,8320
Why do I need to have my identity verified?,74,why_verify_identity,3832
"My card has been pending for a while, what should I do?",45,pending_card_payment,5247
Why have I not received my PIN,38,get_physical_card,4014
Where is the nearest Mastercard ATM?,3,atm_support,4580
Can the card was sen to me be tracked?,11,card_arrival,131
I have withdrawn cash from the ATM but it is showing in my account as a pending transation. Why is this?,46,pending_cash_withdrawal,764
Is there a fee for exchanging currency?,31,exchange_charge,9025
I've got a repeated tranasaction on my card.,63,transaction_charged_twice,6465
I need to know where my funds come from.,70,verify_source_of_funds,6520
I was charged extra or a hidden fee when I purchased something from you. What's the deal? I didn't authorize that charge.,34,extra_charge_on_statement,651
Why did my transfer fail?  What can I do?,35,failed_transfer,7458
"If I see a payment in the app that I don't recognize, what should I do?",16,card_payment_not_recognised,3497
I have been charged twice for the same transaction.,63,transaction_charged_twice,6324
Do you need my birthdate?,74,why_verify_identity,3883
Can I use your app to exchange between USD and GBP,33,exchange_via_app,1393
What is the charge for paying with my card?,15,card_payment_fee_charged,2642
The $1.00 has still not been reverted as indicated in the previous email.,34,extra_charge_on_statement,708
Do you give refunds?,52,request_refund,5472
I can't seem to use my card. Can you help?,14,card_not_working,1300
"I still haven't received my card after two weeks, is it lost?",11,card_arrival,11
exchanging currencies costs what?,31,exchange_charge,8959
Why am I being asked to verify my identity?,74,why_verify_identity,3860
Hello I have a UK account.  Can you please check if everything is alright with it?  I made a transfer a couple hours ago but it doesn't show up yet.,5,balance_not_updated_after_bank_transfer,8770
I no longer want this can i cancel my purchase?,52,request_refund,5540
Can I open up an account for my child?,1,age_limit,1620
Are there top up charges for US cards?,57,top_up_by_card_charge,9113
My transfer is pending too long.,5,balance_not_updated_after_bank_transfer,8726
Please verify my source of funds.,70,verify_source_of_funds,6551
Do you know how to change my card PIN?,21,change_pin,6986
"I see an extra $1  charge on my statement, why is this?",34,extra_charge_on_statement,680
Is it possible for me to top up with a cheque?,58,top_up_by_cash_or_cheque,8007
I thought crypto top up with something you offered and it does not appear that it's working even though the money has disappeared out of my account. Can you tell me what's going on?,61,top_up_reverted,3272
I am having a huge problem with my card being declined and it's really important that I top-up today.  Would you please look into this further and let me know how I can get this fixed?,59,top_up_failed,8570
I wasn't charged the correct exchange rate for an item I purchased.,17,card_payment_wrong_exchange_rate,471
Can my job deposit my wages directly into the account.,50,receiving_money,7417
Will I be charged for transfers?,64,transfer_fee_charged,7234
Can I get an actual card,43,order_physical_card,8117
I need to top up using a cheque,58,top_up_by_cash_or_cheque,7959
I noticed my card was used in a small town that I have never been to. Can you stop the card from being used more?,22,compromised_card,4516
Isn't my top-up supposed to mean its complete?,47,pending_top_up,2066
How do I exchange currencies with this,33,exchange_via_app,1426
What is this cash withdrawal I don't recognize?,20,cash_withdrawal_not_recognised,8817
How long does it take for a new purchase to stop being considered pending?,45,pending_card_payment,5201
What's wrong with my card? The clerk at the grocery store said it was declined.,14,card_not_working,1304
What is my password?,44,passcode_forgotten,4831
I would like my money back for an item I purchased,52,request_refund,5404
"When I got cash, the exchange rate applied was wrong.",76,wrong_exchange_rate_for_cash_withdrawal,8222
My transfer failed to a beneficiary,7,beneficiary_not_allowed,7129
I should not have been charged a fee for my transfer.,64,transfer_fee_charged,7316
One of my card payments has reverted,53,reverted_card_payment?,6835
It appears my top-up has not gone through.,47,pending_top_up,2044
"I did a bank transfer to top up, but the money is not available.",59,top_up_failed,8500
I need more money in my account. Can I add more by transferring?,65,transfer_into_account,7627
Why was my top up cancelled?,61,top_up_reverted,3231
Can I transfer my salary onto here?,50,receiving_money,7386
"This morning I wanted to make a withdrawal before work, but my card was declined! Please double check it for me as this is the first time it was declined.",26,declined_cash_withdrawal,4970
when i travel can it top up automatically,4,automatic_top_up,1162
Why was the exchange wrong for the item I purchased?,17,card_payment_wrong_exchange_rate,520
I just looked over my statement and I don't recognize the name of a card payment.,16,card_payment_not_recognised,3544
In the app I see a direct debit that I don't recognize.,28,direct_debit_payment_not_recognised,4780
Can I use Apple Pay to top-up?,2,apple_pay_or_google_pay,9678
atm ate my card,18,card_swallowed,6302
IS there anywhere that a card cannot be delivered?,43,order_physical_card,8141
Are there any limit on the auto top-up?,4,automatic_top_up,1144
What's going on? My card wont accept any transactions.,14,card_not_working,1348
Can someone explain why I'm getting a message on my screen saying my transfer isn't possible? I've done several in the past and haven't had a single problem until now. What's going on?,7,beneficiary_not_allowed,7013
Currency exchanges have any extra fees?,31,exchange_charge,8952
When should I expect my card to arrive?,12,card_delivery_estimate,1068
Why is my transfer not showing,5,balance_not_updated_after_bank_transfer,8752
I need assistance activating my card?,0,activate_my_card,9210
My card doesn't seem to work.,14,card_not_working,1309
How can it be that my Card is not functioning anymore?,14,card_not_working,1351
I don't recognize the direct debit payment on my account.,28,direct_debit_payment_not_recognised,4666
What can you use the disposable cards for?,37,get_disposable_virtual_card,8437
"top up google pay, is it possible?",2,apple_pay_or_google_pay,9740
I would like to reactivate a card and wondered if that could be done?,13,card_linking,176
My new card isn't here and it was issued a week ago.,11,card_arrival,142
I want to know where my money comes from.,70,verify_source_of_funds,6527
make my account go away,55,terminate_account,6216
I can't upload my identification.,68,unable_to_verify_identity,3911
How long will it take for my cash withdrawal to stop pending,46,pending_cash_withdrawal,817
"I reside in the US, but I want a card.",24,country_support,9943
What is the max top-up?,60,top_up_limits,2287
I am concerned that I am being doubled charged for several items purchased in the past week.  Please review my statement and correct.,63,transaction_charged_twice,6403
Can I stop a transaction?,8,cancel_transfer,2175
How much money can I withdraw before fees? I noticed a fee on my card but I didn't think I had hit the limit of how much I could withdraw in a month.,19,cash_withdrawal_charge,9384
The balance hasn't changed yet after depositing a cheque with some money.,6,balance_not_updated_after_cheque_or_cash_deposit,3474
I bought an item at the wrong exchange rate.,17,card_payment_wrong_exchange_rate,530
Why did I get a $1 extra fee on the statement?,34,extra_charge_on_statement,612
I attemped a transfer and it didn't go through.,35,failed_transfer,7481
I'm concerned because my cash withdrawal is pending.,46,pending_cash_withdrawal,818
If I want my son to have his own account is that possible?,1,age_limit,1578
"If my card expires next month, will I need to order a new one?",9,card_about_to_expire,9606
What do I need to do to exchange my money?,33,exchange_via_app,1450
Exchange rate on a purchase was incorrect,17,card_payment_wrong_exchange_rate,562
Is there a way to recover my password?,44,passcode_forgotten,4829
When will my balance reflect a deposit?,6,balance_not_updated_after_cheque_or_cash_deposit,3478
is apple pay a top up service?,2,apple_pay_or_google_pay,9686
Can I change my PIN remotely?,21,change_pin,6899
Where do I go to reset my passcode?,44,passcode_forgotten,4872
Why is the cash not showing in my account for the check I deposited?,6,balance_not_updated_after_cheque_or_cash_deposit,3357
I was charged an additional amount of money for making a purchase with my card,15,card_payment_fee_charged,2657
I got charged twice for the same payment. Please removed the pending payment. Thank you.,63,transaction_charged_twice,6341
Why hasn't my money transfer showed up yet?,5,balance_not_updated_after_bank_transfer,8713
I received the wrong amount of cash back,75,wrong_amount_of_cash_received,2376
I need your help immediately.  There is a 500£ cash withdrawal that I know nothing about.  I think my account has become compromised.,20,cash_withdrawal_not_recognised,8914
I'm noticing a payment/purchase at a company that I don't recognise.,16,card_payment_not_recognised,3522
How do i transfer something faster than normal?,67,transfer_timing,6655
Please help me with my card.  It won't activate.,0,activate_my_card,9179
"I just checked and my payment was cancelled, why?",53,reverted_card_payment?,6769
My new card has not been delivered to my home yet. What is going on?,11,card_arrival,18
How many incorrect attempts cause card to be blocked?,49,pin_blocked,1756
Can I call to get my card activated?,0,activate_my_card,9201
What is preventing me from adding a specific beneficiary?,7,beneficiary_not_allowed,7142
the exchange rate on my payment was wrong,17,card_payment_wrong_exchange_rate,414
A Bank ATM did not give my card back. What do I do now?,18,card_swallowed,6276
There is a payment I don't recognise!,28,direct_debit_payment_not_recognised,4792
"hey, I think someone stole my card numbers. There is a purchase showing up on my app from a store pretty far away from me.. I really need that money back to pay my rent.",28,direct_debit_payment_not_recognised,4659
"I just saw the exchange rate you use, but it's so bad that I can't believe that it's the official interbank exchange rate! Is this truly the official interbank exchange rate?",17,card_payment_wrong_exchange_rate,419
I need a new card and I live in the United States.,24,country_support,9978
I noticed an extra charge on the purchase that I made last Saturday on my account. Can you see if I received the correct exchange rate?,17,card_payment_wrong_exchange_rate,492
Please help!  There was an extra fee when I got cash.,19,cash_withdrawal_charge,9411
Please let me know how to place an order for a virtual card,40,getting_virtual_card,3070
What went wrong when I tried to do my transfer?,35,failed_transfer,7497
"I would like to give another card to my daughter, how can I proceed?",39,getting_spare_card,7914
I would like to know the countries you are offer services in?,24,country_support,9918
My transfer was rejected,27,declined_transfer,5543
My card is due to expire soon.,9,card_about_to_expire,9614
How can I verify the top-up card?,71,verify_top_up,7706
Hello. I just noticed I was charged two times for a restaurant I visited this week. Can you reverse the additional charge?,63,transaction_charged_twice,6480
Why did you charge me a fee when I made a transfer?,64,transfer_fee_charged,7247
"My bank card has expired, how can I get a new physical card?",9,card_about_to_expire,9602
why do i need to verify the top up?,71,verify_top_up,7803
My card wont work at an ATM,26,declined_cash_withdrawal,5067
Can I get a second card for free?,39,getting_spare_card,7832
"I don't like the services, please close my account",55,terminate_account,6171
why is my top up failing,59,top_up_failed,8583
How can I use my American Express to add money into my account?,54,supported_cards_and_currencies,2981
"I made a mistake of transferring, can I cancel my previous transfer?",8,cancel_transfer,2173
"Hello, is there any way to double check my card? I have never had issues with withdraws in the past, but this morning on the way to work it was unexpectedly declined.",26,declined_cash_withdrawal,5009
My cheque is slow to cash,6,balance_not_updated_after_cheque_or_cash_deposit,3455
Earlier today I took money out the ATM. After checking the app the amount is so much higher than the amount I received.,75,wrong_amount_of_cash_received,2438
how many days processing new card?,23,contactless_not_working,1786
It's been some time ago that I placed an order and it just isn't coming. At this point just give me back my money because I'm not paying them.,52,request_refund,5514
Can I use a transfer to receive my transfer?,50,receiving_money,7415
I need to exchange foreign currency will i be charged?,31,exchange_charge,8976
"I do not understand why there is a pending 1£ charge on my statement, I do not recall making this transaction. Can you please tell me what this is about?",34,extra_charge_on_statement,727
"How long does a transfer from a UK account take? I just made one and it doesn't seem to be working, wondering if everything is okay",5,balance_not_updated_after_bank_transfer,8697
I can't find my code,44,passcode_forgotten,4850
Tell me what ATMs use this card.,3,atm_support,4618
How do I set up an account for my children?,1,age_limit,1605
"Hey, I ordered a thing but changed my mind and want a refund on it. Since I haven't received the thing, would you just go ahead and cancel the payment for me?",52,request_refund,5431
Is it possible to track the card you sent me?,11,card_arrival,128
Why is my cash withdrawal pending?,46,pending_cash_withdrawal,769
Is my card valid everywhere?,10,card_acceptance,3121
"I need to top up, but I have to use an international card.  Is there a cost for that?",57,top_up_by_card_charge,9078
"May monthly payment to Apple has been declined but I don't know why, they are going to re-try the payment and it must go through, can you tell me what is going on please?",25,declined_card_payment,5852
"I lost my card, what do I do now?",41,lost_or_stolen_card,1533
The exchange rate for my withdrawal was wrong.,76,wrong_exchange_rate_for_cash_withdrawal,8227
I need a quick transfer from China.  How long would that take?,67,transfer_timing,6652
"I was trying to use contactless earlier, but it didn't work.",23,contactless_not_working,1811
My card got stuck in an ATM.,18,card_swallowed,6250
what countries can i use my card in,24,country_support,9946
How simple is it to transfer money into my account?,65,transfer_into_account,7579
What are the fees associated with top up via transfer?,56,top_up_by_bank_transfer_charge,1845
How do I get a new card when my old one expires?,9,card_about_to_expire,9628
I have a disposable virtual card. Is there a limit to how many times I can use it?,29,disposable_card_limits,4438
Why isn't my Google Pay top up working for me? Did I do something wrong?,2,apple_pay_or_google_pay,9737
Can my children open an account?,1,age_limit,1560
What is wrong with my top-up?,47,pending_top_up,2062
I purchased something abroad and the incorrect exchange rate was applied.,17,card_payment_wrong_exchange_rate,459
$1 charge in transaction.,34,extra_charge_on_statement,601
top up not completed,47,pending_top_up,2043
What proof of identification is needed?,69,verify_my_identity,9791
Where do I go for a refund?,52,request_refund,5378
Why is my transfer still pending after all this time?,48,pending_transfer,6039
Why isn't my payment showing?,53,reverted_card_payment?,6775
I havn't received my PIN yet.,38,get_physical_card,4066
how much is it to exchange currency,31,exchange_charge,9043
How do I get extra physical cards?,39,getting_spare_card,7875
"Why wasn't it obvious that you charge for payments? If you put the fees in an easy to read format, this could have been avoided.",15,card_payment_fee_charged,2550
"Hi, I am unable to see transaction in my account which i made couples of hours ago from my UK account. Please help me in this.",5,balance_not_updated_after_bank_transfer,8624
Can I obtained a Visa Card,73,visa_or_mastercard,4207
How do I verify the source of my funds?,70,verify_source_of_funds,6529
I just have one additional card from the USA. Do you support that?,54,supported_cards_and_currencies,2956
I'm in China and really need a new card.,9,card_about_to_expire,9619
While on vacation I used an ATM to get cash and was overcharged. These charges are ridiculous and had I known about them I would have never used it.,76,wrong_exchange_rate_for_cash_withdrawal,8327
Can you do exchanges of EUR?,36,fiat_currency_support,916
how many transactions can go on a disposable card?,29,disposable_card_limits,4410
How can I add physical money to my card?,58,top_up_by_cash_or_cheque,7958
I haven't yet received money that I transferred,5,balance_not_updated_after_bank_transfer,8700
I want a refund on this.,52,request_refund,5445
I need to know when a payment will actually go through. I completed a payment using my card but it is just showing as pending at this point and it has been a while ago.,45,pending_card_payment,5159
Explain top-up cancellation,61,top_up_reverted,3293
I updated by balance with a cheque yesterday but it isn't showing on my account. Did something go wrong?,6,balance_not_updated_after_cheque_or_cash_deposit,3371
What cash machines will let me change my PIN?,21,change_pin,6911
I want to delete my account.,55,terminate_account,6166
Whats the max I can top up,60,top_up_limits,2275
Why is there some cash that I did not deposit in my account?,20,cash_withdrawal_not_recognised,8885
Does it cost anything to transfer money for a top-up?,56,top_up_by_bank_transfer_charge,1853
Can I have a refund for one of your products?,52,request_refund,5535
Tell me how to setup a new PIN.,21,change_pin,6977
"Can I add other people to my account, so they can top up?",62,topping_up_by_card,4302
i need to know about exchange rates,32,exchange_rate,400
Is it possible to use an ATM when I am not in the country and make a withdraw with out extra fees?,76,wrong_exchange_rate_for_cash_withdrawal,8267
I only have one other credit card from the US. Do you accept that?,54,supported_cards_and_currencies,2899
If I don't have all my documents can they still verify my identity?,69,verify_my_identity,9815
I would like to have a Mastercard.,73,visa_or_mastercard,4143
Why did my card get charged twice for a transaction?,63,transaction_charged_twice,6386
"I think a card payment I made was cancelled, can you check?",53,reverted_card_payment?,6869
I'd like to order another card,39,getting_spare_card,7836
I have a payment I didnt make on my account,16,card_payment_not_recognised,3538
how do I know where I can get money withdrawn?,3,atm_support,4603
Can cards be delivered? Where?,43,order_physical_card,8135
Am I able to top up with this cheque I received?,58,top_up_by_cash_or_cheque,8014
Are purchases returnable for full refund?,52,request_refund,5511
"The disposable cards, what are they for?",37,get_disposable_virtual_card,8430
Can I have money transferred into my account at different intervals along my trip?,4,automatic_top_up,1124
how does my statement get updated so i know when a refund will reflect on my balance,51,Refund_not_showing_up,5776
Has my card been lost in delivery?,11,card_arrival,32
Can I have a third card?,39,getting_spare_card,7828
Why has my payment been reversed?,53,reverted_card_payment?,6749
"I Withdrew cash from an ATM earlier but it shows up as pending in the app. How can this still be pending, I received the cash already?",46,pending_cash_withdrawal,864
Would I be able to get a second card?,39,getting_spare_card,7824
I'm due a refund and it is not on my statement.,51,Refund_not_showing_up,5808
I'd like to know how transferring my money into my account works.,65,transfer_into_account,7609
How do I withdraw money?,3,atm_support,4556
Which countries are supported,24,country_support,9904
Please explain your exchange rate policy.,32,exchange_rate,336
Why is the payment on my card still pending?,45,pending_card_payment,5134
How about disposable virtual cards?,37,get_disposable_virtual_card,8399
I want to see what this fee is on my card payment.,15,card_payment_fee_charged,2585
"I'm not happy, I want to close my account.",55,terminate_account,6234
I transferred money and it didn't get there.,66,transfer_not_received_by_recipient,2711
The ATM won't give me my card back. I need it back now!,18,card_swallowed,6260
I was refunded the money for something I bought already.,53,reverted_card_payment?,6750
I can't see my refund in my history.,51,Refund_not_showing_up,5704
"I topped-up my account, but I don't think it went through.",47,pending_top_up,2035
Why can't I transfer to another account?,7,beneficiary_not_allowed,7036
Can I exchange USD for GBP in your app?,33,exchange_via_app,1387
I need another card for a member of my family. Is this possible? How soon can I get one?,39,getting_spare_card,7929
Someone else might be using my card without my permission.,22,compromised_card,4530
Where can the cards be delivered?,43,order_physical_card,8048
The exchange rate you are using is really bad.This can't be the official interbank exchange rate.,17,card_payment_wrong_exchange_rate,501
I can't seem to be able to use my card,14,card_not_working,1246
My disposable virtual card wouldn't process my payment?,72,virtual_card_not_working,8176
I would like to get your card in EU. Is that possible?,24,country_support,9940
Help me close my account.,55,terminate_account,6155
"Give me back my money, I'm not paying the sellers. It has been a long time ago that I made an order and it just isn't coming.",52,request_refund,5494
"Hi, It's urgent, please freeze my card. As someone has withdrawn money using my card in odd remote town. Since i have not done this withdrawal. Do it fast.",20,cash_withdrawal_not_recognised,8847
There was a strange transaction made on my account a couple weeks ago by a seller I don't recognize. May you please check on this transaction for me.,28,direct_debit_payment_not_recognised,4747
I just sent money but the person I sent it to doesn't see it. What happened?,66,transfer_not_received_by_recipient,2855
I want to have an item refunded can I do that?,52,request_refund,5537
Does your app allow currency exchange from USD to GBP?,33,exchange_via_app,1417
How much does it cost for a physical card?,43,order_physical_card,8047
There is  an extra 1£ charge on my app. Why did it charge me extra?,34,extra_charge_on_statement,717
Since I just got married I need to change my name.,30,edit_personal_details,3690
Several items I have charged this week are appearing twice.  Please review my statement and remove any duplicate charges.,63,transaction_charged_twice,6327
why am I being charged a fee for transferring money ?,64,transfer_fee_charged,7169
Are the funds I requested from a merchant a few days ago in my account? I do not see them.,51,Refund_not_showing_up,5814
Do you support countries other than mine?,24,country_support,9972
"My top-up does not seem to have worked, what  went wrong?",59,top_up_failed,8561
"Hi there, I've tried to make a transfer 5 different times and its not working. Is your system down or something?",35,failed_transfer,7475
Is it possible to get a refund for the item?,52,request_refund,5521
Is there any age limit?,1,age_limit,1563
I think my card has been compromised in some way.,22,compromised_card,4535
I need to find out where the card is that I ordered.,11,card_arrival,40
I am inquiring about why there was an extra fee charged when I used an ATM.,19,cash_withdrawal_charge,9341
Why was I charged a fee for withdrawing money off my card?,19,cash_withdrawal_charge,9507
Do i need to verify my top up?,71,verify_top_up,7774
I would like to alter my personal details.,30,edit_personal_details,3703
Google Pay Top up isn't working,2,apple_pay_or_google_pay,9730
"I Submitted a cheque couple of days ago, nothing happened to my account yet.What could be the possible issue?",6,balance_not_updated_after_cheque_or_cash_deposit,3355
are there age requirements,1,age_limit,1587
"Hi, status of one of my card payment is still pending from a while. Please let e know how much time it will take to complete.",45,pending_card_payment,5149
What steps do I need to get another card?,39,getting_spare_card,7855
Can I use an auto top-up option?,4,automatic_top_up,1202
Where can I see where funds came from?,70,verify_source_of_funds,6507
Can you explain to me why a cash withdrawal shows up as pending?,46,pending_cash_withdrawal,787
Will you charge me for exchanging foreign currencies?,31,exchange_charge,9022
What's going on? I was just recently charged for an ATM withdrawal. I've never seen this charge before and before it's always been free.,19,cash_withdrawal_charge,9457
There are two of the same charges on my account.,63,transaction_charged_twice,6352
What is the maximum I can top up?,60,top_up_limits,2244
Tell me about the limit for top ups.,60,top_up_limits,2290
The ATM won't let me take out cash,26,declined_cash_withdrawal,5022
How do I go forth with bank transfers for top up accounts?,65,transfer_into_account,7601
where do you have locations at,24,country_support,9971
I require verification for my source of funds.,70,verify_source_of_funds,6503
Please help me figure out the reason for the odd withdrawal amount from my account?,20,cash_withdrawal_not_recognised,8849
I might have been charged on my debit statement by fraud.,28,direct_debit_payment_not_recognised,4741
A fee came along with me paying with card,15,card_payment_fee_charged,2519
I found my old card. Can I link it back into the app?,13,card_linking,164
Visa and Mastercard can both be received from you?,73,visa_or_mastercard,4175
Is there a Mastercard ATM nearby?,3,atm_support,4601
Why are my transfers and purchases keep getting declined?,27,declined_transfer,5619
Why is my card payment pending?,45,pending_card_payment,5147
Can i receive transfers from my employer to this account?,50,receiving_money,7343
would a visa or mastercard be more suited to me?,73,visa_or_mastercard,4127
Can I get a Visa instead of a MasterCard?,73,visa_or_mastercard,4206
Can I use this card at any ATM?,3,atm_support,4557
Is there a reason why my virtual card won't work?,72,virtual_card_not_working,8178
"I need to get a card, but I live in the US.",24,country_support,9985
How is an exchange rate calculated?,32,exchange_rate,343
What is the highest amount of top ups I'm allowed?,60,top_up_limits,2266
"I deposited cash into my account a week ago and it is still not available, please tell me why? I need the cash back now.",6,balance_not_updated_after_cheque_or_cash_deposit,3408
I sent a transfer to a friend that needs it urgently. It has already been 2 hours and still hasn't come through to her. How long does it normally take?,66,transfer_not_received_by_recipient,2864
What are the exchange rates?,32,exchange_rate,375
Why am I not able to withdraw cash from this ATM?,26,declined_cash_withdrawal,5030
Is my child too young to sign up?,1,age_limit,1661
How do I verify the top up?,71,verify_top_up,7756
I haven't been sent my new pin!,38,get_physical_card,4075
Payment I did not make.,16,card_payment_not_recognised,3556
after i got married i need to change my name,30,edit_personal_details,3689
Where did the  €1 fee in my statement come from,34,extra_charge_on_statement,721
How do I replace a stolen card?,41,lost_or_stolen_card,1479
My transfer failed to process correctly. Is there a reason this would happen?,35,failed_transfer,7460
I have a new card and I can't add money to it.  I tried about 30 minutes ago and it is still pending.  What do I do?,47,pending_top_up,2073
My currencies needed to be exchanged often and I was wondering if there were any discounts available for this?,31,exchange_charge,8987
"It has been a couple of hours but I do not see my balance updated, can you help?",5,balance_not_updated_after_bank_transfer,8782
I haven't received the PIN yet.,38,get_physical_card,4039
I tried transferring to an account but it didn't go through. What happened?,7,beneficiary_not_allowed,7107
Next time maybe let people know that buying things from another country costs extra. I used my card to purchase an item from another country and I was charged for the item and also an extra fee it looks like. I wasnt aware of this and I think I should get a refund.,64,transfer_fee_charged,7309
Is there a limit to the top-ups someone can do?,60,top_up_limits,2247
"Disaster, I've totally forgotten my passcode, can you help me?",44,passcode_forgotten,4891
Tell me how to replace my expired card.,9,card_about_to_expire,9576
Please help revert my transaction from this morning.,8,cancel_transfer,2090
Why was I charged for transferring money?,64,transfer_fee_charged,7187
Why isn't my cheque deposit showing on my account?  I though it would be faster and would like to to look into it and help.,6,balance_not_updated_after_cheque_or_cash_deposit,3333
Where can I use my card to pay?,10,card_acceptance,3128
is a transfer to a beneficiary allowed?,7,beneficiary_not_allowed,7152
Can you please reactivate my card?,13,card_linking,182
Can you tell me what are disposable cards for?,37,get_disposable_virtual_card,8435
How can I sign up for a virtual card?,40,getting_virtual_card,3000
I am interested in cancelling a purchase,52,request_refund,5434
How would my friend be able to send me money?,50,receiving_money,7404
How much does it cost to make transfers?,56,top_up_by_bank_transfer_charge,1895
How are the exchange rates determined?,32,exchange_rate,372
I have a pending transaction,48,pending_transfer,6036
"There was money taken out of my account, and I'm pretty sure I didn't do it.",20,cash_withdrawal_not_recognised,8852
My top-up funds aren't available yet.,47,pending_top_up,1952
I want to do a swift transfer,56,top_up_by_bank_transfer_charge,1927
A false direct debit payment is showing in my app,28,direct_debit_payment_not_recognised,4647
There was a problem with the exchange rate on a purchase.,17,card_payment_wrong_exchange_rate,437
"On a card top-up, where can I verify?",71,verify_top_up,7738
My disposable virtual card isn't working.,72,virtual_card_not_working,8181
How long until the card arrives?,12,card_delivery_estimate,1088
What number of transactions can i do with one disposable card?,29,disposable_card_limits,4351
i need a refund right away but the funds aren't available in my account,51,Refund_not_showing_up,5699
Why is this beneficiary being rejected?,7,beneficiary_not_allowed,7097
Any extra charges for exchanging currencies?,31,exchange_charge,9037
What's the phone number to freeze a card?,41,lost_or_stolen_card,1481
"I've been waiting since Friday, where is my money?",66,transfer_not_received_by_recipient,2846
Can i add a new currency to my account?,33,exchange_via_app,1367
"my card details could be stolen, as i didnt make these transactions",22,compromised_card,4512
What is the status of my card's delivery?,11,card_arrival,21
What is the fee to top-up my account,56,top_up_by_bank_transfer_charge,1822
Can I top up my account with Google Pay?,2,apple_pay_or_google_pay,9721
I have an American Express that I'd like to add money to my account with.,54,supported_cards_and_currencies,2944
What are the top-up fees for my card?,57,top_up_by_card_charge,9146
How do I go about verifying my identity?,69,verify_my_identity,9859
When will my new card be delivered?,11,card_arrival,109
The app failed to verify me.,68,unable_to_verify_identity,3978
Can other people top up my account?,62,topping_up_by_card,4337
Can you please tell me why my card payments are not going through when I try to buy something online? When I put in my card payment it takes it but it comes back a while later.,53,reverted_card_payment?,6773
"Someone is using my card to purchase flights to New York it's not me because I'm not going to New York, please can you cancel the card and refund the money?",20,cash_withdrawal_not_recognised,8895
Why would my beneficiary not be allowed?,7,beneficiary_not_allowed,7160
Where is the money I put in the bank?,6,balance_not_updated_after_cheque_or_cash_deposit,3411
My card hasn't arrived.,11,card_arrival,62
I have been trying to make a transfer and it won't go through. I have checked all the receipts and its all correct but still won't let me do it.,27,declined_transfer,5656
I would like to reactivate my card that I previously reported lost. I located the card this morning.,13,card_linking,248
Why has my top up been returned?,61,top_up_reverted,3295
"I have arranged a transfer, but no longer need to send it. How do I stop the transfer?",8,cancel_transfer,2192
My top-up didn't work.,59,top_up_failed,8515
card is being used by someone else,22,compromised_card,4465
I am yet to receive my pin.,38,get_physical_card,4034
How long does it actually take for a card payment to go through? There's one stuck since a couple days already that doesn't seem to move,45,pending_card_payment,5097
I saw that my transfer was declined.,27,declined_transfer,5669
I cant get money out of the ATM with my card.  I just put my card in the ATM but it will not allow me to take any money out.  What do I need to do to fix this?,26,declined_cash_withdrawal,5013
THere is some cash that is showing up on my app.,20,cash_withdrawal_not_recognised,8819
"I tried using a foreign currency at an ATM, but the ATM provided me an incorrect rate. Why is that?",76,wrong_exchange_rate_for_cash_withdrawal,8213
How do a reverse a duplicated charge?,63,transaction_charged_twice,6463
The top up failed,59,top_up_failed,8568
Why would a merchant revert a card payment?,53,reverted_card_payment?,6865
How do I top up my account with a bank transfer?,65,transfer_into_account,7611
Is there a way to use a cheque to top up my account?,58,top_up_by_cash_or_cheque,8020
What do I do if I detect fraudulent use on my car?,22,compromised_card,4460
Can I change my PIN without being physically present?,21,change_pin,6905
Will the system automatically top up itself?,4,automatic_top_up,1214
"Why did my transfer not work, it says it was declined?",27,declined_transfer,5563
What is the most that I can top-up to a card?,60,top_up_limits,2272
Will I get a visa or Mastercard?,73,visa_or_mastercard,4226
I keep being asked to verify my identity. Is this normal?,74,why_verify_identity,3878
"Hello there, I tried using crypto top up today but it's not working for me, might it be due to the kind of bank I'm using or the country that I'm from?Money is also missing from my account",61,top_up_reverted,3285
Why do I have duplicate transactions for one purchase?,63,transaction_charged_twice,6358
Do you guys accept cash? Because i deposited some this morning and I can't see it in my account.,6,balance_not_updated_after_cheque_or_cash_deposit,3393
i have been trying to top up my account with a check but it won't work,58,top_up_by_cash_or_cheque,8030
Can I quickly send a transfer from China?  How long will it take?,67,transfer_timing,6641
How do I find the top-up verification code?,71,verify_top_up,7702
"There is a direct debit that I didn't set up, what should I do?",28,direct_debit_payment_not_recognised,4805
How can my friends top up my account?,62,topping_up_by_card,4240
I am unsuccessfully trying to make a transfer can you help?,35,failed_transfer,7552
"I need a card reactivation, I had reported my card lost but I ran across it in my jacket.",13,card_linking,189
Can I still use my account without verifying my identity?,74,why_verify_identity,3791
I have tried sending a standard transfer five times and it hasn't gone through. What is the problem?,35,failed_transfer,7455
"There's a problem - I bought something about a week or two ago but just today the payment somehow came back into my account! I already received the item though, what's going on here?",53,reverted_card_payment?,6823
Where do your cards get delivered to?,43,order_physical_card,8097
I just replaced my phone so do I have to make a new account?,42,lost_or_stolen_phone,5314
I received a decline message on a transfer,27,declined_transfer,5631
My refund is not showing.,51,Refund_not_showing_up,5725
Can I use a disposable virtual card for any purchase?,37,get_disposable_virtual_card,8436
Where Is the top up verification code found?,71,verify_top_up,7762
I have a transaction showing up multiple times.,63,transaction_charged_twice,6428
I can't recognise this Direct Debit payment.,28,direct_debit_payment_not_recognised,4733
is there a frequent currency discount?,31,exchange_charge,8988
Can I top up my card with other cards?,54,supported_cards_and_currencies,2938
You've incorrectly calculated the exchange rate for my cash withdrawal,76,wrong_exchange_rate_for_cash_withdrawal,8253
I don't understand why I was charged an additional fee for this service. Can you clarify?,15,card_payment_fee_charged,2529
I'm not sure why the card payment didn't work.,25,declined_card_payment,5842
Can you please explain to me why there is an extra €1 fee in my statement?,34,extra_charge_on_statement,681
Will I be charged for topping up by transfer?,56,top_up_by_bank_transfer_charge,1836
I make payments for my place abroad using this account and since i use it so frequently I was wondering why did the fees increase suddenly rather than decreasing? I would think customers like me should receive incentives for using your service,64,transfer_fee_charged,7331
Exchange rate for my card payment is wrong,17,card_payment_wrong_exchange_rate,435
I want to cancel my purchase,52,request_refund,5420
What is the fee charged for using my card?,15,card_payment_fee_charged,2658
Are there limitations to what currency I can hold?,36,fiat_currency_support,920
What happened to the transfer I did?,5,balance_not_updated_after_bank_transfer,8763
Why haven't I been given a virtual card yet?,40,getting_virtual_card,3022
How can I cancel a transfer I made,8,cancel_transfer,2172
My payment shows that it is pending will I be charged more money?,48,pending_transfer,6008
Will I be charged an extra fee if I need to exchange currency?,31,exchange_charge,8951
What is this extra fee that I got when I used my card to pay?,15,card_payment_fee_charged,2624
Good afternoon. I made a transfer from my UK bank account.  I haven't seen anything on the account in the pass few hours. Please check the account to make sure everything is fine.,5,balance_not_updated_after_bank_transfer,8746
Is there a fee to top up by bank transfers?,56,top_up_by_bank_transfer_charge,1839
"So earlier I went to an ATM and got cash. But when I checked the app, it states that the withdrawal is pending. How can that be when I have the cash on me?",46,pending_cash_withdrawal,785
What foreign exchange rate will I get?,32,exchange_rate,403
Tell me why my card payment has been declined.,25,declined_card_payment,5843
Today I noticed a charge for an ATM withdrawal on my account. Can you please fix this? It's supposed to be no charge.,19,cash_withdrawal_charge,9426
I have a card payment which shows as pending,45,pending_card_payment,5101
There is a €1 extra fee in my statement,34,extra_charge_on_statement,596
"I have an issue. I bought something within the past one to two weeks and have received one of the products; however, today the total was returned to my account. What's going on here?",53,reverted_card_payment?,6806
Is my account able to be topped up by my friends?,62,topping_up_by_card,4245
What payment methods are used to top up?,54,supported_cards_and_currencies,2964
How do I get a virtual card on my device?,40,getting_virtual_card,3044
How can I receive my salary with a different currency?,50,receiving_money,7349
What ATMs can I use my card?,3,atm_support,4574
Your exchange rates come from where?,32,exchange_rate,306
I need to know how much it costs to transfer funds.,64,transfer_fee_charged,7269
Why can't my beneficiary get access?,7,beneficiary_not_allowed,7056
Where is the cash deposit I made?,6,balance_not_updated_after_cheque_or_cash_deposit,3323
How do I use disposable cards?,37,get_disposable_virtual_card,8439
Why did my payment fail?,25,declined_card_payment,5908
How do I link an existing card?,13,card_linking,178
What is your maximum top up limit per day?,60,top_up_limits,2288
How much does each transfer cost?,56,top_up_by_bank_transfer_charge,1922
Can you let me know why my cash withdrawal is still pending?,46,pending_cash_withdrawal,837
Tell me why my card payment was declined.,25,declined_card_payment,5988
How do I know what the exchange rate will be when I make an exchange.,32,exchange_rate,366
How can I verify my source of funds?,70,verify_source_of_funds,6590
Is there an age limit for opening an account?,1,age_limit,1588
What steps do I have to take to change my PIN?,21,change_pin,6959
can I use my card before identity verification?,74,why_verify_identity,3847
There is a potentially fraudulent direct debit on my account.,28,direct_debit_payment_not_recognised,4748
What's the normal time frame for a transfer from a UK account? After just making a transfer it doesn't appear at all. I need to know if things went okay.,5,balance_not_updated_after_bank_transfer,8756
Can I use my card anywhere?,10,card_acceptance,3147
Could you tell me the fiat currencies that you work with?,36,fiat_currency_support,1002
How do I change my passcode?,44,passcode_forgotten,4869
Can you please advise if there is something wrong with my card? I have had multiple rejections and do not know the reason. Thanks!,25,declined_card_payment,5979
"My husband and I went out for our weekly ""dinner and a movie,"" and it was my turn to pick up the check. Now I see that my card was charged twice. Who should I contact about negating the second charge and getting my card credited?",63,transaction_charged_twice,6310
I have have multiple charges for one transaction.,63,transaction_charged_twice,6479
"I have been charged to much for the object I bought when abroad, the exchange rate seems to be wrong.",17,card_payment_wrong_exchange_rate,523
I need to move money to another beneficiary. Why is it not working?,7,beneficiary_not_allowed,7092
"I put in a payment a while ago and it has still not cleared and is showing up as ""pending"", how long does it take to clear?",45,pending_card_payment,5106
Hello - I'm on the app and trying to purchase crypto. It's not going through. What am I doing wrong?,7,beneficiary_not_allowed,7026
Why am I not able to get cash from the ATM?,26,declined_cash_withdrawal,5011
Are there any top-up limits?,60,top_up_limits,2246
I couldn't pay with card in a shop,25,declined_card_payment,5865
Is identity verification required for me to use my account?,74,why_verify_identity,3821
where can i located the auto top up function?,4,automatic_top_up,1227
I made a card payment which is showing me pending.,45,pending_card_payment,5104
Why am I not seeing the check I deposited this morning in my account?,6,balance_not_updated_after_cheque_or_cash_deposit,3392
It appears my top-up is still pending.,47,pending_top_up,1938
"Errors keep showing up every time I try to make this transfer and I am on a time crunch,  could you please help.",35,failed_transfer,7490
Is American Express supported for adding money into my account?,54,supported_cards_and_currencies,2972
This isn't fair! I thought transfers could be made for free. I just made  a purchase online from abroad and now see some strange fee that I've never seen before.,64,transfer_fee_charged,7236
Is there any reason my cash withdrawal still shows as pending?,46,pending_cash_withdrawal,844
"I lost my card and need a new one, will it cost me?",39,getting_spare_card,7838
Will you send me a new card in China?,9,card_about_to_expire,9623
I will be traveling.  Can I add money automatically?,4,automatic_top_up,1130
how long does a US transfer take,67,transfer_timing,6690
I am having trouble with the app recognizing me.,68,unable_to_verify_identity,3956
"Help, my phone was stolen, please advise!",42,lost_or_stolen_phone,5261
DO I have to be 18 to open an account?,1,age_limit,1646
Will a beneficiary not accept a transfer?,7,beneficiary_not_allowed,7063
There are funds in my app that I did not receive.,20,cash_withdrawal_not_recognised,8841
I do not recongize a payment in my account.,16,card_payment_not_recognised,3576
How to receive transfers from my employer when I get paid in GBP?,50,receiving_money,7409
Please cancel my last transaction.,8,cancel_transfer,2124
"I am adding money, what currencies do you accept to do this?",54,supported_cards_and_currencies,2913
The date my card expires is coming up,9,card_about_to_expire,9536
"I was trying to use my card and it was declined, when I tried to find out what happened I found cash withdraw for $500 that I didn't do.  Can you please help figure this out?",20,cash_withdrawal_not_recognised,8858
My top up was rejected. Why?,61,top_up_reverted,3214
There is a strange payment on my card.,16,card_payment_not_recognised,3565
The exchange rate was wrong in the foreign country I got cash in.,76,wrong_exchange_rate_for_cash_withdrawal,8360
Why isn't my money from a check deposit showing?,6,balance_not_updated_after_cheque_or_cash_deposit,3422
Am I gonna be charged for sending out more cards?,39,getting_spare_card,7808
Is it possible to cancel my transfer?,8,cancel_transfer,2183
"What's go on, where is my new card?",11,card_arrival,85
How long does it take for cash withdrawals to hit my account?,46,pending_cash_withdrawal,786
My card activation is failing.,0,activate_my_card,9256
What is the expected delivery date for my card?,11,card_arrival,29
Is it normal to be charged an extra fee when paying with my card?,15,card_payment_fee_charged,2553
I have been waiting for my top-up to complete and it still hasn't gone through.,47,pending_top_up,2018
I want to activate my new card.,0,activate_my_card,9206
The exchange rate for my cash withdrawal was incorrect,76,wrong_exchange_rate_for_cash_withdrawal,8342
Is it possible to cancel a transaction?,8,cancel_transfer,2104
What's the process for terminating an account?,55,terminate_account,6158
What is the procedure for topping up with a cheque?,58,top_up_by_cash_or_cheque,8001
Where did the money I deposit go??,6,balance_not_updated_after_cheque_or_cash_deposit,3354
Will you tell me how to exchange USD for GBP in the app?,33,exchange_via_app,1430
What is needed to activate my card?,0,activate_my_card,9214
Recipient has not received the money,66,transfer_not_received_by_recipient,2822
I need to transfer funds from China and quick expedition is crucial. Approximately how long does it take for a transfer from China to go through?,67,transfer_timing,6620
"Please, I need your help as to whether or not you have money for a large refunded purchase I made. I requested it some time ago from the seller, but nothing is showing up.",51,Refund_not_showing_up,5762
I left my phone at the hotel.,42,lost_or_stolen_phone,5366
Where can I link a new card?,13,card_linking,217
How long will the $1 charge show as pending?,34,extra_charge_on_statement,730
Are there steps to see where my funds come from?,70,verify_source_of_funds,6532
"When I used one of the ATMs in the city centre today, I tried to take out some money, but for whatever reason, the machine declined my card. Just checked it out in my account and that amount is still showing as pending! Is there any way that you can cancel this transaction, because I did not receive any money whatsoever from the ATM",46,pending_cash_withdrawal,751
"Some cash was withdrawn in the app, but I did not do it.",20,cash_withdrawal_not_recognised,8897
"Since I need to exchange currencies frequently, would you be able to offer me a discount?",31,exchange_charge,8977
Where's the money I transferred into my account?,5,balance_not_updated_after_bank_transfer,8733
What's the amount that I can top-up?,60,top_up_limits,2319
I got less money than I asked for.,75,wrong_amount_of_cash_received,2349
I bought something this morning and the payment is still pending,45,pending_card_payment,5219
Can you tell me how to change my PIN?,21,change_pin,6906
How do I reset my passcode?,44,passcode_forgotten,4839
A fee that shouldn't be there is there after using my card!,15,card_payment_fee_charged,2647
The ATM sucked my card in.,18,card_swallowed,6262
What do I do about my expired card?,9,card_about_to_expire,9624
What are the places that you deliver cards to?,43,order_physical_card,8150
I did not get the item I ordered.  How should I go about this?  Should I just cancel my order or my payment?  Please help me.,52,request_refund,5465
I am missing a refund amount on my account.,51,Refund_not_showing_up,5696
I need to make a transfer but it keeps getting declined I need Help!,27,declined_transfer,5578
Can I get a new pin number at any ATM using my card?,21,change_pin,6974
Can I use my card no matter where I go?,10,card_acceptance,3143
how much do you charge to top up US cards?,57,top_up_by_card_charge,9126
Do you have the option for a disposable virtual card?,37,get_disposable_virtual_card,8403
How long will delivery to the US take?,12,card_delivery_estimate,1021
My statement is showing an extra £1 charge and I am unsure why. Is there an explanation for this?,34,extra_charge_on_statement,724
I have a transfer that is still pending.,48,pending_transfer,6068
I did not receive the right amount of cash.,75,wrong_amount_of_cash_received,2452
I would like to know why so much identity information is required?,74,why_verify_identity,3779
The transfer I tried to make failed.,35,failed_transfer,7483
How do I set my physical card PIN?,38,get_physical_card,4045
Let me know when applying extra charges for payments. I just checked the app and saw a fee that I wasn't warned about.,15,card_payment_fee_charged,2626
I sent payment with EU transfer and they still haven't received it. How long does it take?,48,pending_transfer,6019
Is top-up possible with Apple Pay?,2,apple_pay_or_google_pay,9658
My wallet was taken and I see that someone is using my card!   Please help me!,20,cash_withdrawal_not_recognised,8796
my cash balance less than what I thought,75,wrong_amount_of_cash_received,2366
I was charged twice for the same purchase!,63,transaction_charged_twice,6376
Why would my payment for my card show as pending?,45,pending_card_payment,5192
What's the exchange fee?,31,exchange_charge,8958
I can't log into my account because I lost my password,44,passcode_forgotten,4865
"Hello-Can you please help me get a refund from this merchant?  I ordered a product and would like to return it. I have been unsuccessful in getting the merchant to return my request for the past several days.  I understand it can take up to 45 days to process the dispute and issue a refund, however, if this can be expedited faster it would be very helpful to me.",52,request_refund,5515
Do I need to speak to a representative to change my pin?,21,change_pin,6896
Can I transfer money using a different currency?,50,receiving_money,7384
"I attempted a transfer, but it failed.",35,failed_transfer,7524
I did a bank transfer and my balance isn't current.,5,balance_not_updated_after_bank_transfer,8747
Am I able to use my account if the identity verification is not complete?,74,why_verify_identity,3844
Why was my transaction declined?,35,failed_transfer,7532
Is my transfer pending?,48,pending_transfer,6053
"I just pulled money out of the ATM and was charged a fee, WHy?",19,cash_withdrawal_charge,9378
Why did I get charged twice for the same thing,63,transaction_charged_twice,6365
The app is showing a cash withdrawal that I didn't make.,20,cash_withdrawal_not_recognised,8801
The app can't verify my information for identity proofing purposes.,68,unable_to_verify_identity,3949
Can I have a mastercard?,73,visa_or_mastercard,4216
After depositing a cheque my balance did not change.,6,balance_not_updated_after_cheque_or_cash_deposit,3404
Why am I getting declines when trying to make a purchase online?,27,declined_transfer,5573
I'm being asked for a verification code. Where do I find it?,71,verify_top_up,7795
I did a cash deposit to my account but it doesn't show up,6,balance_not_updated_after_cheque_or_cash_deposit,3320
Hello. Can you help figure out why the recent transfer from my UK bank account isn't showing up?,5,balance_not_updated_after_bank_transfer,8615
What's the best way to use a cheque to top up?,58,top_up_by_cash_or_cheque,8038
What type of card will I receive?,73,visa_or_mastercard,4172
Can this convert money?,33,exchange_via_app,1456
I used this account a lot during the last month to manage my payments for my new place abroad. Seems that suddenly fees have increased? Shouldn't you instead reward your frequent customers instead of putting an additional fee suddenly?!,64,transfer_fee_charged,7259
"i've waited 2 days for a transfer to reach a retailers account, am i going to have to wait longer.",66,transfer_not_received_by_recipient,2774
Why was one of my transfers declined?,27,declined_transfer,5572
Fees for currency exchange,31,exchange_charge,8992
Is going to a bank only way to change my PIN?,21,change_pin,6942
"Hello, in these holidays i have been overcharged on the amount i have withdrawn on one of your ATMs. I did not had any clue about the horrible charges otherwise i would not have withdrawn.",76,wrong_exchange_rate_for_cash_withdrawal,8217
I would like to exchange currencies on the app. How do I do this?,33,exchange_via_app,1370
How do I go about exchanging currencies with this app?,33,exchange_via_app,1415
Can I change my pin at a cash machine?,21,change_pin,6939
When do i get charged a fee for using the card?,15,card_payment_fee_charged,2637
Can I get an update on my replacement card?,11,card_arrival,35
"I recently reported my card as missing/lost, and I just found it. Can I still use it?",13,card_linking,242
"I want to add money to my card, what payments do you accept?",54,supported_cards_and_currencies,2935
"I had a seller reach out to me saying my money didn't come through to them, but I'm sure it was removed from my account. Can you figure out what the deal is here?",53,reverted_card_payment?,6795
There is unusual activity on my account and I believe someone took my card.,22,compromised_card,4483
Is there a way to top-up when it reaches a certain balance?,4,automatic_top_up,1182
I've completely forgot the code to get into the app.,44,passcode_forgotten,4874
There is a withdrawal on my account I didn't make.,20,cash_withdrawal_not_recognised,8798
I am still waiting for a transfer I did,5,balance_not_updated_after_bank_transfer,8660
I was charged twice for a few things this week when I only bought one. What do I do?,63,transaction_charged_twice,6461
How do I get another card,39,getting_spare_card,7909
I'm trying to use a cheque to top up,58,top_up_by_cash_or_cheque,7974
I wanted $100 but only got $20,75,wrong_amount_of_cash_received,2471
Where can I find how to change my name?,30,edit_personal_details,3667
Are there businesses that don't accept this card?,10,card_acceptance,3100
Will you be able to exchange to EUR?,36,fiat_currency_support,932
Why didn't I receive the correct exchange rate for an item that I purchased?,17,card_payment_wrong_exchange_rate,551
Can I hold more than one currency?,36,fiat_currency_support,922
How do I fill out the identity check?,69,verify_my_identity,9828
Can you tell me the names of the fiat currencies that I can use at your institution?,36,fiat_currency_support,905
Why did I have to pay extra because I paid with my card?,15,card_payment_fee_charged,2584
Why would my payment still show as pending?,45,pending_card_payment,5204
"I do not like this, I made a simple transfer but I have an additional charge for doing so.",64,transfer_fee_charged,7241
Is there a way to revert a transaction?,8,cancel_transfer,2140
When can I expect to receive my card?,12,card_delivery_estimate,1104
"I just want to top-up, why do I need to verify anything?",71,verify_top_up,7783
Are all European currencies available for holding and exchange?,36,fiat_currency_support,910
Close down my account.  I don't like your service.,55,terminate_account,6224
I finished my transfer. I am having an issue with it still pending. It has been a long time and i'm growing impatient,48,pending_transfer,6075
Why hasn't my refund appeared on my statement?,51,Refund_not_showing_up,5787
Is it possible to change my address?,30,edit_personal_details,3716
Do you offer auto top ups?,4,automatic_top_up,1191
I was charged an extra fee for a card payment. I was unaware of these fees beforehand.,15,card_payment_fee_charged,2672
I was denied cash at an ATM,26,declined_cash_withdrawal,4945
Why would I be charged an extra fee while doing a transfer?,64,transfer_fee_charged,7240
I want some extra physical cards.,39,getting_spare_card,7806
Can you explain why the ATM is giving me less money than what I asked for?,75,wrong_amount_of_cash_received,2500
"I need to transfer some money, can I use my credit card?",62,topping_up_by_card,4335
I'm confused ass to why my contactless is not working.,23,contactless_not_working,1798
There seems to be a couple of payments listed in the app I know weren't made by me. Is there a possibility someone has access to my card? Can you find out what's going on?,16,card_payment_not_recognised,3523
What happens when I money transaction doesn't show up on the receiving side?,66,transfer_not_received_by_recipient,2772
Am I able to use Apple Pay?,2,apple_pay_or_google_pay,9662
I want to add funds to my account. What payment methods are accepted?,54,supported_cards_and_currencies,2997
Make me understand why I am charged an extra fee when I use the ATM.,19,cash_withdrawal_charge,9433
I recently deposited a cheque and cannot find the cash from it.,6,balance_not_updated_after_cheque_or_cash_deposit,3453
"I haven't received my card yet, how long does it normally take?",12,card_delivery_estimate,1072
There has been a charge pending on my account statement that I can't figue out it's for a dollar.,34,extra_charge_on_statement,590
Would you be so kind as to activate my card? Thanks,0,activate_my_card,9219
Where can I find my fund information?,70,verify_source_of_funds,6574
You sent me a card and now I want to link it.,13,card_linking,238
Is there a reason my refund isn't showing on my statement?,51,Refund_not_showing_up,5813
Why is there an extra fee charged?,34,extra_charge_on_statement,605
Why do I have a charge for an ATM withdrawal? I thought these were free?,19,cash_withdrawal_charge,9484
I sent money for my rent to my landlord but she is claiming it hasn't arrived in her account  Can you trace the transfer I made to make sure it arrived so I can provide proof I sent it and that it has been deposited?,66,transfer_not_received_by_recipient,2759
Is there a way to track the new card you sent me?,11,card_arrival,90
What am i missing to verify my id?,68,unable_to_verify_identity,3942
What happens when a beneficiary can't receive my transfer?,7,beneficiary_not_allowed,7066
Balance is not up to date.,5,balance_not_updated_after_bank_transfer,8773
I don't see a code anywhere on my top-up card? Where can I find it? I need to verify!,71,verify_top_up,7744
I transferred money but the balance did not update.,5,balance_not_updated_after_bank_transfer,8630
What are the maximum amount you can do for auto top-up?,4,automatic_top_up,1120
Will it be possible to change from USD to GBP with this App?,33,exchange_via_app,1441
I couldn't get the money I needed.,75,wrong_amount_of_cash_received,2503
Why can't I see my top up?,62,topping_up_by_card,4269
Is there a top up fee?,56,top_up_by_bank_transfer_charge,1916
How can I get cash back? The ATM just gave me the wrong amount that I've been actually charged though...,75,wrong_amount_of_cash_received,2460
When will my refund come through,51,Refund_not_showing_up,5678
I am asking to end my account.,55,terminate_account,6181
I would like to request a card.,43,order_physical_card,8058
"I deposited some money, but the balance has not changed.",6,balance_not_updated_after_cheque_or_cash_deposit,3481
Can I use my card in another institutions ATM?,3,atm_support,4591
There's an error in regards to the exchange rate for an item I bought.,17,card_payment_wrong_exchange_rate,558
What countries do your services support?,24,country_support,9926
Why was there a fee with my cash withdrawal?,19,cash_withdrawal_charge,9487
Why did using an ATM cause me to have an extra fee charged?,19,cash_withdrawal_charge,9362
my atm transaction was wrong,75,wrong_amount_of_cash_received,2332
"Hello, I have a question concerning an unfamiliar fee that I notice on my account. I see that you guys charge for ATM withdrawal. Never notice this fee until now. Can you please explain?",19,cash_withdrawal_charge,9350
"I no longer have my phone with the app, what should I do?",42,lost_or_stolen_phone,5332
"Could I please cancel my transfer, I paid it into the wrong account. I need to pay it into the right account by tomorrow.",8,cancel_transfer,2100
Why have I been charged more than once for the same transaction?,63,transaction_charged_twice,6407
There is a cash withdrawl I don't remember.,20,cash_withdrawal_not_recognised,8927
I just deposited cash to my account and can't find it!,6,balance_not_updated_after_cheque_or_cash_deposit,3328
A transaction on my card shows as pending.,45,pending_card_payment,5163
What should I do after I've moved and need to update my personal details?,30,edit_personal_details,3761
Can I have money in more than one currency in my account?,36,fiat_currency_support,885
Will my friends be able to top up my account?,62,topping_up_by_card,4291
I was charged too many times for one transaction.,63,transaction_charged_twice,6469
where do i find out about exchange fees,31,exchange_charge,9056
when will the balance on my account change form a transfer,5,balance_not_updated_after_bank_transfer,8690
My account is depleted. Can I transfer funds from another bank?,65,transfer_into_account,7660
Is there a possibility to open an account for my sons and daughters?,1,age_limit,1601
How to verify my identity,74,why_verify_identity,3864
How do I order a new card if my current one is about to expire?,9,card_about_to_expire,9597
"I need to activate my card, how is that done?",0,activate_my_card,9257
Why can I not do a  transfer,7,beneficiary_not_allowed,7029
How can i reset my passcode ?,44,passcode_forgotten,4915
Using international ATMs messes up the exchange rate.,76,wrong_exchange_rate_for_cash_withdrawal,8252
Please explain how disposable virtual card work.,37,get_disposable_virtual_card,8451
"My cash withdrawal says pending, why?",46,pending_cash_withdrawal,848
I want to get a Visa,73,visa_or_mastercard,4140
when should I receive my refund,51,Refund_not_showing_up,5752
What is this extra fee?,15,card_payment_fee_charged,2583
"Hi, I tried to withdraw some money from an ATM and the machine was broken.  It says that the transaction is still in progress.  Can you double check to see what's happening? I don't want to be charged since I was not able to withdraw the money.",46,pending_cash_withdrawal,809
I have a payment in my statement that is off,16,card_payment_not_recognised,3534
Where do I pay with my debit or credit card?,10,card_acceptance,3109
I want to know your exchange rates.,32,exchange_rate,397
Who can purchase a disposable virtual card?,37,get_disposable_virtual_card,8385
Why does my transaction have an added fee?,34,extra_charge_on_statement,716
"I logged in wrong and am blocked, how do I log in?",49,pin_blocked,1714
"I don't recognize this payment on my app, I am sure I didn't spend any money there.",16,card_payment_not_recognised,3514
I have a payment that is still pending,45,pending_card_payment,5218
I think I was charged by mistake on my debit statement.,28,direct_debit_payment_not_recognised,4754
how do i find top up for cash deposit,58,top_up_by_cash_or_cheque,7989
I transferred money but the balance hasn't changed.,5,balance_not_updated_after_bank_transfer,8750
I think my card is broke?,14,card_not_working,1268
How do I go about transferring money using my credit card?,62,topping_up_by_card,4317
Tell me why there is a fee for a card payment.,15,card_payment_fee_charged,2514
I noticed the currency exchange rate was incorrect after paying for something in a foreign country.,17,card_payment_wrong_exchange_rate,464
I tired to get cash in the ATM but it was cancelled,26,declined_cash_withdrawal,5052
I seem to of forgotten my passcode.,44,passcode_forgotten,4836
I was unable to activate my card.,0,activate_my_card,9187
What is the formula for your exchange rate?,32,exchange_rate,325
I don't recognize this payment,16,card_payment_not_recognised,3629
"I got my American Express in Apple Pay, why is top up not working correctly?",2,apple_pay_or_google_pay,9760
My exchange rate isn't correct.,17,card_payment_wrong_exchange_rate,424
ATM only gave me $20 instead of $100,75,wrong_amount_of_cash_received,2480
I recently purchased something and the seller says my money has not arrived yet. It was in EU's. How long does this take?,48,pending_transfer,6056
I have to make more then a few disposable cards per day.,29,disposable_card_limits,4446
What do I have to do to change my pin?,21,change_pin,7003
Change my pin?,21,change_pin,6937
How would I change my details?,30,edit_personal_details,3696
How can I create another card linked to this account?,39,getting_spare_card,7815
"I need to add a serious amount of cash to my card, how do I do that?",60,top_up_limits,2289
Is there a way yo change my PIN?,21,change_pin,6908
I believe that a card payment I made was cancelled.,53,reverted_card_payment?,6752
Can I have it by a certain date?,12,card_delivery_estimate,1055
why hasnt my card come in yet?,11,card_arrival,53
I tried to get funds in hard cash but it was rejected!,26,declined_cash_withdrawal,4924
Why is my beneficiary being denies?,7,beneficiary_not_allowed,7043
I would like to get both Mastercard and Visa card from you if that's possible.,73,visa_or_mastercard,4225
"I need a new card to replace an expired one. Will it cost anything, and how soon?",9,card_about_to_expire,9521
The ATM didn't give me the amount I asked for,75,wrong_amount_of_cash_received,2472
This exchange rate on my purchase is wrong.,17,card_payment_wrong_exchange_rate,443
What is the significance of verifying the top-up?,71,verify_top_up,7718
How much am I allowed to top-up?,60,top_up_limits,2251
Is there any way for you to find my card?,41,lost_or_stolen_card,1549
"A card has been sent to me, how do I track it?",11,card_arrival,50
I was under the impression I can make transfers for free. I made an online purchase for something that was obroad and there's some additional strange fee. I've never seen this before and this isn't fair.,64,transfer_fee_charged,7245
Why are my transfers being declined? It normally works but now it's declining my card. I've tried it a few times but it's still not working.,27,declined_transfer,5635
I see a direct debit transaction in my app that I didn't make.,28,direct_debit_payment_not_recognised,4722
What types of fiduciary currencies are supported for tenure and exchange?,36,fiat_currency_support,921
I transferred some money to my mom 2 days ago and she has not received it. I double checked the information and it looks right. Can you help me?,66,transfer_not_received_by_recipient,2752
"My card will expire next month, will I need to order a new one?",9,card_about_to_expire,9572
The ATM didn't give me the full requested amount,75,wrong_amount_of_cash_received,2354
Are SWIFT transfers supported?,56,top_up_by_bank_transfer_charge,1889
Trouble with my top up,59,top_up_failed,8537
"I draw out money from your ATM during holidays, and was charged insanely. I wouldn't have done it, if i had a little sense about the shocking charges.",76,wrong_exchange_rate_for_cash_withdrawal,8351
Tell me how a top up would be reverted.,61,top_up_reverted,3277
"I've got a problem - I purchased an item maybe a week or two ago, but to the payment came back to my account! I've already got what I ordered, so why are the payment funds showing up in my account?",53,reverted_card_payment?,6793
Is EUR one of the currencies you deal with?,36,fiat_currency_support,937
Hi. I noticed I have a duplicate charge which I have not made twice. Who should I talk to take care of this?,63,transaction_charged_twice,6433
"The ATM charged me an extra fee, Why?",19,cash_withdrawal_charge,9441
Why was there a fee on my cash withdrawal?,19,cash_withdrawal_charge,9357
Why am I being charged certain fees? I noticed a fee after I withdrew some money for groceries earlier today.,19,cash_withdrawal_charge,9461
When I got cash the exchange rate was wrong,76,wrong_exchange_rate_for_cash_withdrawal,8271
who can put money in my account?,70,verify_source_of_funds,6489
I can't see a transfer to my account I made.,5,balance_not_updated_after_bank_transfer,8741
A payment is pending,45,pending_card_payment,5139
I cannot tell what my top up currently is.,62,topping_up_by_card,4316
I'm getting an error when trying to make a payment. I want to purchase a flat but my mortgage payment needs to go through. Can you help me?,35,failed_transfer,7556
I think there has been a mistake on my exchange rate for this purchase.,17,card_payment_wrong_exchange_rate,448
Am I going to be charged for topping up by transfer?,56,top_up_by_bank_transfer_charge,1902
What are some of the restrictions that the disposable cards have?,29,disposable_card_limits,4385
Is there a charge for SEPA transfers?,56,top_up_by_bank_transfer_charge,1820
I would like to change my adress,30,edit_personal_details,3654
I don't understand why there is an extra €1 fee in my statement.,34,extra_charge_on_statement,703
Can I transfer using SWIFT?,56,top_up_by_bank_transfer_charge,1891
Please explain to me the process of getting a virtual card.,40,getting_virtual_card,3016
Can I track when my card will be delivered?,11,card_arrival,48
My card was stolen,41,lost_or_stolen_card,1487
I am not satisfied with your company and wish to delete all accounts immediately.,55,terminate_account,6165
I see a cash withdrawal in the app that I did not do.,20,cash_withdrawal_not_recognised,8845
My card won't work at all for anything.,14,card_not_working,1279
What are the steps I need to do if I have a stolen card?,41,lost_or_stolen_card,1536
Is there any way I could open an account for my daughter?,1,age_limit,1611
For some reason I am unable to preform a transfer to a beneficiary.,7,beneficiary_not_allowed,7018
What is needed for identity verification?,69,verify_my_identity,9850
Can I change my PIN abroad?,21,change_pin,6888
Where's my card PIN?,38,get_physical_card,4044
What is the verification process for my card?,71,verify_top_up,7793
I had a card payment that was declined.  Why?,25,declined_card_payment,5976
I was made to pay a fee for making a transaction with card.,15,card_payment_fee_charged,2558
What if my top up didn't work?,59,top_up_failed,8566
"The card I thought was lost was just in my jacket, so can I reactivate it since I found it this morning?",13,card_linking,180
why didnt my account allow a transfer,7,beneficiary_not_allowed,7060
My package is taking too long to arrive and I don't want it anymore. Can I get a refund?,52,request_refund,5411
"For some reason, the money I added was returned.",61,top_up_reverted,3188
Is there a charge for cash withdrawals? I always thought it was free.,19,cash_withdrawal_charge,9428
"As advised by you, i requested seller to refund my money. A week has passed but i haven't got any update from seller. Please track the refund with the seller.",51,Refund_not_showing_up,5805
what is the fee for topping up by card?,57,top_up_by_card_charge,9128
Need help with a stolen card.,41,lost_or_stolen_card,1543
Why is my balance the same after a transfer?,5,balance_not_updated_after_bank_transfer,8620
Can you please explain why I was charged an extra fee for my transfer?,64,transfer_fee_charged,7252
"Hi,  Is there any problem with app? As i am facing some issues with the exchange of crypto currency. I am extremely interested in buying.",7,beneficiary_not_allowed,7139
Why can I not take out cash?,26,declined_cash_withdrawal,5019
How do I get my cash withdrawal to show?,46,pending_cash_withdrawal,798
How do I use a card to top up?,62,topping_up_by_card,4285
"i have used my card online before and wasn't charged, why am i charged now",15,card_payment_fee_charged,2568
My refund isn't showing up,51,Refund_not_showing_up,5812
Why wasn't my top-up accepted and where did that money go? At first it said it was confirmed but now I can't find it.,61,top_up_reverted,3246
"I have been charged a fee, I didn't know about this fee before! When do you charge extra for card payments?",15,card_payment_fee_charged,2602
I need quickly transfer something from China. About how long will it take?,67,transfer_timing,6651
"Hello, I tried to take out some money out of the ATM, but it's still showing that it's pending? I really don't want to be charged for this.",46,pending_cash_withdrawal,871
What about a auto top-up?,4,automatic_top_up,1223
I used the wrong account number!,8,cancel_transfer,2171
i'm not satisfied with the services and no longer want to be a customer,55,terminate_account,6164
When will my top up be approved?,47,pending_top_up,1961
"My payment was put back, I think.",53,reverted_card_payment?,6792
I saw there is a cash withdrawal from my account via the app which I did not complete.,20,cash_withdrawal_not_recognised,8823
I can't use my card for anything,14,card_not_working,1303
What should I do if my card is stolen?,41,lost_or_stolen_card,1539
"It says that my payment is pending, what does that mean?",45,pending_card_payment,5239
"Could you refund my transaction, I paid it into the wrong account. I need to be able to pay it into the right account by tomorrow.",8,cancel_transfer,2188
I believe that someone is using my card without my knowledge!,22,compromised_card,4482
Could you tell me why my top up isn't showing in my wallet?,62,topping_up_by_card,4251
Dude I put money in the ATM last week but it ain't there! I need the money now figure this out!,6,balance_not_updated_after_cheque_or_cash_deposit,3362
How come I was charged a transaction of $1?,34,extra_charge_on_statement,719
is there a reason i need to verify top up,71,verify_top_up,7752
I'm travelling abroad but I've run into a situation where I need to change my PIN immediately. Can I do this from here?,21,change_pin,6927
Where is the card PIN located?,38,get_physical_card,3998
I moved and would like to change my address.,30,edit_personal_details,3728
How can I check for an unsupported merchant for my transfer request?,27,declined_transfer,5588
"I tried to get money out of the Notting Hill ATM earlier, but wasn't able to. Is my card working okay? It's the first time I tried using it.",26,declined_cash_withdrawal,4972
Hey there's a fee for a transfer on my account.  Why?!,64,transfer_fee_charged,7298
I don't see the verification code for my card transfer.,71,verify_top_up,7750
Why is my transfer stuck on pending?,48,pending_transfer,6113
What countries are you issuing cards for?,24,country_support,9938
Is an auto top-up option available?,4,automatic_top_up,1138
How do I know where I can use my card?,10,card_acceptance,3098
I was unaware of the additional charge that was added onto my previous payment. A notification of extra charges would be appreciated in the future.,15,card_payment_fee_charged,2645
"One of my charges was declined, but the second one went through.  But I notice on my App that one of them has gone through, and the other one is still pending.  Please ensure that only one charge is processed. Thanks",63,transaction_charged_twice,6314
"Hi, I'm trying to purchase a flat and I'm needing the first payment for the mortgage to go through on the flat I'm trying to buy. For some reason I keep getting an error.can you assist in making this transfer? What is going on?",35,failed_transfer,7520
From what countries can I use an account?,24,country_support,9889
I want to close my account due to poor customer service.,55,terminate_account,6156
I would like to cancel a transfer,8,cancel_transfer,2193
Where is my missing cheque I deposited?,6,balance_not_updated_after_cheque_or_cash_deposit,3336
How do I get this damn virtual card to work?,72,virtual_card_not_working,8184
I wish to remove my account.,55,terminate_account,6223
There was an extra fee when I was at the ATM.  Why?,19,cash_withdrawal_charge,9397
"Is there something wrong with my card payment? It's been pending a really, really long time.",45,pending_card_payment,5242
How many active transactions can I make with a disposable card?,29,disposable_card_limits,4407
"After I got my cash, I found out my exchange rate was wrong.",76,wrong_exchange_rate_for_cash_withdrawal,8237
Why was I charged a random fee for a transfer I made?,64,transfer_fee_charged,7256
"i accidentally entered in my retailers information, what should i do next",66,transfer_not_received_by_recipient,2796
What fees do you charge for the standard card?,43,order_physical_card,8155
How can I change to another currency?,33,exchange_via_app,1359
"A strange card payment, I do not recognize it.",16,card_payment_not_recognised,3492
Everytime I try to prove my identity it won't let me.,68,unable_to_verify_identity,3986
Help Me!  I lost my card.  What should I do?,41,lost_or_stolen_card,1519
My balance didn't change after I transferred some money.,5,balance_not_updated_after_bank_transfer,8626
My first choice would be Mastercard.,73,visa_or_mastercard,4162
Please help me.  My disposable virtual card won't work right.,72,virtual_card_not_working,8197
I need to add my new address now that I've moved.,30,edit_personal_details,3698
I just bought an item and would like to stop payment can you tell me if the item has been sent yet?,52,request_refund,5524
A pending charge of 1L appears on my statement.  Please explain as I have not made a purchase for that amount,34,extra_charge_on_statement,658
"Transfers can take up to one day to process before departing for the beneficiary accounts. Please confirm that you've entered your account details correctly. SEPA transfers can take up to two working days, while SWIFT transfers can take up to five working days.",48,pending_transfer,5991
"While getting cash, I was charged a fee.",19,cash_withdrawal_charge,9451
"For some reason, I'm unable to transfer funds.",7,beneficiary_not_allowed,7031
I've just been married and need to update my name,30,edit_personal_details,3726
Do I need to go to an office to change my pin?,21,change_pin,6912
There is a payment in the app that I did not approve,16,card_payment_not_recognised,3616
My top-up has not posted.,47,pending_top_up,2070
How long do transfers take? I sent money to a friend who needs it urgently. It's been hours and has not gone through.,66,transfer_not_received_by_recipient,2868
"Why are all my transfers failing?  I have the details right and they won't complete.  I've been trying all day and they still won't go through, this is URGENT, please help.",27,declined_transfer,5667
Why hasn't my transaction been completed?,66,transfer_not_received_by_recipient,2839
"Even though I added money ey to the card, I couldn't use it",47,pending_top_up,2045
My exchange rate is wrong when I get cash.,76,wrong_exchange_rate_for_cash_withdrawal,8269
I need to know the process to transfer money into my account.,65,transfer_into_account,7621
I am wondering if International Transfers take longer. I a made a transfer from France two days ago and believed it would be here already. Please let me know when I will get it!,5,balance_not_updated_after_bank_transfer,8705
Hoe do i use my credit card to transfer money?,62,topping_up_by_card,4256
"If I want to topup by card, how do I do it?",54,supported_cards_and_currencies,2976
The wrong exchange rate was used for my cash withdrawal,76,wrong_exchange_rate_for_cash_withdrawal,8343
Can I use my account before the identity verification is complete?,74,why_verify_identity,3786
My card needs to be activated asap,0,activate_my_card,9249
There is more than one charge on my account for a transaction.,63,transaction_charged_twice,6437
I need to track the card sent to me.,11,card_arrival,133
Where can I find out how to transfer money into my account.,65,transfer_into_account,7593
The top-up card is verified how?,71,verify_top_up,7680
What works for identity verification?,69,verify_my_identity,9805
please help my transfer go through,35,failed_transfer,7463
HELP. My account has been deducted already and the Seller says they haven't received the money yet? When can they expect it?,53,reverted_card_payment?,6771
I checked the app and my balance has not been updated for the cash or cheque deposit.,6,balance_not_updated_after_cheque_or_cash_deposit,3318
I noticed a new fee on my account. I didn't know there were fees for these payments. What is the policy?,15,card_payment_fee_charged,2528
I want to cancel a transaction.,8,cancel_transfer,2163
what cards can i use to add money to my account,54,supported_cards_and_currencies,2907
I noticed a charge for a transfer.  Why is this?  Is it because I did an international transfer?,64,transfer_fee_charged,7324
"How long do you expect me to wait for the transfer? It finally worked out, but has been pending for a long time and it's quite urgent.",48,pending_transfer,6028
"According to the app, I got cash from an ATM but I haven't made any transactions.",20,cash_withdrawal_not_recognised,8861
Do I have a say when it's delivered?,12,card_delivery_estimate,1095
Why hasn't my transaction arrived?,66,transfer_not_received_by_recipient,2734
"The transaction for the cash I pulled out of the ATM earlier is pending in the app, but how if I already have the cash?",46,pending_cash_withdrawal,749
"Cancel my transfer, please.",8,cancel_transfer,2202
Can you explain why my transfer was unsuccessful?,35,failed_transfer,7457
How can i get new card?,23,contactless_not_working,1807
I was charged an extra dollar on my account and would like to know the reason.,34,extra_charge_on_statement,645
How can I exchange currencies using your app?,33,exchange_via_app,1414
Tell me why I need top-up to be verified?,71,verify_top_up,7782
Is there a way I can get a Visa card?,73,visa_or_mastercard,4122
Is there any way to cancel my transfer,8,cancel_transfer,2091
"I received a ""declined"" message when doing a transfer",27,declined_transfer,5637
What do you do with all the identity information you're collecting from me?,74,why_verify_identity,3880
Which countries can I change my PIN in?,21,change_pin,6916
What is your currency exchange fee?,31,exchange_charge,9015
What are the steps to change my PIN to something else?,21,change_pin,6884
There is a payment that has not processed.,45,pending_card_payment,5153
I would like to get help from someone in your customer service department with assisting me with activating my card.,0,activate_my_card,9271
looking back on my transactions from a couple of months ago I have noticed a charge that is fairly large that I'm certain was not completed by me. I know it has been a while but can I please dispute this charge?,28,direct_debit_payment_not_recognised,4801
I was supposed to get a refund but it is not showing up on my card,51,Refund_not_showing_up,5717
what is the average wait for transfers,67,transfer_timing,6631
Why are fees charged for cash withdrawals? I went to withdraw some money earlier today after shopping. There's a new fee that there.,19,cash_withdrawal_charge,9391
I recently made a transfer that I would like to cancel,8,cancel_transfer,2219
Can I revive a physical card.,43,order_physical_card,8166
I need urgent help. I realize I sent my payment to the wrong account number. I made a typo. Please cancel the transfer immediately. I cannot do anything from the app.,8,cancel_transfer,2162
There is a direct debit payment on my account that I didn't authorize.,28,direct_debit_payment_not_recognised,4699
Why is my transfer still pending?,48,pending_transfer,6009
Why does my top-up get cancelled?,61,top_up_reverted,3210
"I hate this ATM, it charged me an extra fee, Why did it charge?",19,cash_withdrawal_charge,9398
The exchange rate is incorrect for my payment.,17,card_payment_wrong_exchange_rate,430
How can I change my name in my profile?,30,edit_personal_details,3673
How do I get a PIN?,38,get_physical_card,4074
Are there any top-up limits that I must follow?,60,top_up_limits,2263
Salary in GBP has been received. Does it need to be configured into another place?,50,receiving_money,7335
How many ATMs will take this card?,3,atm_support,4613
Help! When will the card arrive at my home?,12,card_delivery_estimate,1009
How old do my kids need to be to use your service?,1,age_limit,1629
"I tried to top-up, why didn't it work?",59,top_up_failed,8558
Is my card frozen?,14,card_not_working,1295
Can I transfer my salary if its in GBP?,50,receiving_money,7372
Why are you charging fees on cash withdrawals? I went to withdraw some money earlier today after buying groceries. There's a fee that wasn't there before.,19,cash_withdrawal_charge,9427
"So, I see a strange fee that I've never seen before after making an online purchase from abroad. I was under the impression transfers could be made for free. I don't think this seems fair.",64,transfer_fee_charged,7279
Help me.  The passcode doesn't work.,44,passcode_forgotten,4827
My preference is Mastercard.,73,visa_or_mastercard,4138
Is there a way to reset the passcode?,44,passcode_forgotten,4877
"I forgot my phone at the hotel, so I can't access the app.",42,lost_or_stolen_phone,5260
What is the function of the identity check,74,why_verify_identity,3809
I need to cancel a transfer,8,cancel_transfer,2126
I would like to retract my purchase.,52,request_refund,5529
I need to change my card PIN.,21,change_pin,6900
How do I change to AUD from GBP?,33,exchange_via_app,1462
What happens after my card expires?,9,card_about_to_expire,9549
I would like to receive my salary in a different currency. How does that work?,50,receiving_money,7351
What flat currencies do you support for holding and exchange?,36,fiat_currency_support,934
What countries can I use your services?,24,country_support,9947
"I'm going on a trip soon and I needed to convert my Russian ruble to UK pounds, but when I did, your company charged me above the exchange rate. Did you mess up my transaction?",17,card_payment_wrong_exchange_rate,563
What happened! I asked for 30 pounds at your ATM and only go 10. The machine lied about it too. It said I received the full 30 pounds. Someone better help me asap on this.,75,wrong_amount_of_cash_received,2457
I'm having difficulties changing AUD for GBP. How do I do this?,33,exchange_via_app,1428
Can both a Visa and Mastercard be received from you?,73,visa_or_mastercard,4155
My Apple Pay top up with my American Express card is not working? Please tell me why,2,apple_pay_or_google_pay,9750
It is listed in my app that I made a payment which I did not actually make,16,card_payment_not_recognised,3645
"I am blocked now because I entered the wrong pin, need help.",49,pin_blocked,1767
I am seeing and extra 1$ charged to my account and wanted to know about it.,34,extra_charge_on_statement,616
The machine gave me the wrong amount of cash.,75,wrong_amount_of_cash_received,2429
My refund is still pending,51,Refund_not_showing_up,5758
What reasons could cause my top up to be reverted,61,top_up_reverted,3254
"Hello, I have recently made a purchase and have decided to cancel my purchase. Is there any way that you can cancel that transaction for me so I can get the money back? It's very important.",52,request_refund,5507
I want to terminate my account,55,terminate_account,6184
My card payment did not go through.,25,declined_card_payment,5883
What do I have to do to get my PIN unblocked?,49,pin_blocked,1681
i didnt do this charge,16,card_payment_not_recognised,3548
There is a strange card payment I don't recognise.,16,card_payment_not_recognised,3618
"I am in desperate need to transfer funds from another account that i have into this one, how do i do that?",65,transfer_into_account,7581
Can I get paid for this in another currency?,50,receiving_money,7382
Help me activate my card.,0,activate_my_card,9302
can I link a card of yours I already have?,13,card_linking,255
Contactless payments need to be enabled for my card.,23,contactless_not_working,1795
How can I get my PIN unblocked?,49,pin_blocked,1695
Why does my statement show various transaction times?,63,transaction_charged_twice,6444
A friend was telling me about her disposable cards. What would I have to do to be able to get that feature?,29,disposable_card_limits,4340
How long will it take for the cash I deposited this morning to show up?,6,balance_not_updated_after_cheque_or_cash_deposit,3440
What is the most efficient way to activate my new card?,0,activate_my_card,9250
I have my card now how do I activate it?,0,activate_my_card,9259
I think my card has been used by somebody else since I was never in the little town where some transactions on this bill have come from. Please stop this right away.,22,compromised_card,4489
Tell me how to verify a top up.,71,verify_top_up,7787
Will there be a charge for topping up by account with a SEPA transfer?,56,top_up_by_bank_transfer_charge,1818
Can you please tell me why I cant get money from the ATM?,26,declined_cash_withdrawal,5007
What is the number of transactions I get with a disposable card?,29,disposable_card_limits,4368
"If I want to add funds to the account using American Express, how do I do that?",54,supported_cards_and_currencies,2955
How long does it take for my top up to clear?,47,pending_top_up,1989
What can you tell me about the card PIN?,38,get_physical_card,4031
Please show me how my friend can send me money.,50,receiving_money,7369
Why did my card payment not work?,25,declined_card_payment,5899
Do I need to pay extra for exchanging currencies?,31,exchange_charge,8963
The rate of exchange for my cash withdrawal is wrong.,76,wrong_exchange_rate_for_cash_withdrawal,8364
I got cash and the exchange rate should have been different than it ended up being.,76,wrong_exchange_rate_for_cash_withdrawal,8347
Can I use google pay to top up?,2,apple_pay_or_google_pay,9645
"I transferred money to another country several days ago, but my transaction is still pending. i have checked that the accounts are keyed in correctly. what sees to be the problem?",48,pending_transfer,6001
There is a withdrawal on my account that I don't remember initiating.,20,cash_withdrawal_not_recognised,8792
How much are the fees for adding funds using an international card?,57,top_up_by_card_charge,9072
I am yet to receive the money in my account how long will this take?,67,transfer_timing,6601
How do I get my card active?,0,activate_my_card,9212
I could only take the amount of money that was available to me which was less then I expected.,75,wrong_amount_of_cash_received,2390
are there any country restrictions?,24,country_support,9944
I'm on holiday and I noticed a different amount for exchange rate.  Can you explain?,17,card_payment_wrong_exchange_rate,432
The ATM didnt let me get cash,26,declined_cash_withdrawal,5088
Are top-ups allowed using Apple Pay?,2,apple_pay_or_google_pay,9699
I wasn't able to use my top up card because the money I put on there wasn't there anymore,62,topping_up_by_card,4278
I'd like to provide my daughter with a card - could I get an additional card from my account to give her?,39,getting_spare_card,7830
Why verify the top-ups?,71,verify_top_up,7734
"Apparently, I went out today to use my new card and was informed my payment was decline. This is really embarrassing, what happen?",25,declined_card_payment,5856
The exchange rate was wrong?,76,wrong_exchange_rate_for_cash_withdrawal,8290
Extra charge during transfer,64,transfer_fee_charged,7230
How do I report possible fraudulent activity on my account?,22,compromised_card,4529
What countries are you located in?,24,country_support,9886
I do not understand why my pass-code is not working.,44,passcode_forgotten,4837
"If I need to transfer something quick from China, how long does that take?",67,transfer_timing,6663
what is the limit for top-ups?,60,top_up_limits,2255
Why can't I take $100 out,75,wrong_amount_of_cash_received,2403
Can I use this app for any currency?,54,supported_cards_and_currencies,2969
Why can't I make multiple payments with my virtual card?,72,virtual_card_not_working,8196
Why wasn't my payment accepted by the app,53,reverted_card_payment?,6864
My account balance has not updated since I deposited a cheque recently.,6,balance_not_updated_after_cheque_or_cash_deposit,3464
is there a fee for swift transfer,56,top_up_by_bank_transfer_charge,1864
"I removed cash from an ATM earlier but it shows up as pending in the app. How can this still be pending, I already received the cash?",46,pending_cash_withdrawal,842
What is the price for an additional card?,39,getting_spare_card,7831
I had a payment reverted and would like to figure out why.,53,reverted_card_payment?,6768
Can I have a tangible form of my virtual card.,43,order_physical_card,8090
Do I have to use a bank approved ATM to withdraw money?,3,atm_support,4555
"I've been waiting a while for my card, is there a way to know when it will arrive?",11,card_arrival,81
I want to replace my current PIN.,21,change_pin,6981
Would I need to pay extra for currency exchanges?,31,exchange_charge,8989
"Hi, I am facing issue with my card payment while shopping online as payment is getting reverted. I am struggling with this issue around two weeks. Please advise.",53,reverted_card_payment?,6866
Shouldn't my new card be here by now?,11,card_arrival,96
My app is showing a cash balance that I did not receive.,20,cash_withdrawal_not_recognised,8835
Which ATMs accept this bill of fare ?,3,atm_support,4554
Why is there an unknown card payment?,16,card_payment_not_recognised,3628
Why is my beneficiary not being allowed to get payment services?,7,beneficiary_not_allowed,7120
Was I charged more than I should of been for a currency exchange?,17,card_payment_wrong_exchange_rate,485
I may need to dispute a Direct Debit payment.,28,direct_debit_payment_not_recognised,4679
Are there any discounts in exchanging currencies frequently?,31,exchange_charge,8969
I transferred some money but it hasn't arrived yet,5,balance_not_updated_after_bank_transfer,8736
"How do I know if I will get my card, or if it is lost?",11,card_arrival,4
The cast deposit from a week ago still is not in my account. Why?,6,balance_not_updated_after_cheque_or_cash_deposit,3441
"Hi, My card is getting declined during top-up. As it urgent, could you please resolve this issue, or guide me with other alternatives if any.",59,top_up_failed,8492
Help me verify my identify?,68,unable_to_verify_identity,3897
What number of times can I top-up?,60,top_up_limits,2279
I can't get the ATM to give me any cash,26,declined_cash_withdrawal,5080
Where do I find the auto top- up?,4,automatic_top_up,1164
Why was my account assessed a fee for an ATM transaction?,19,cash_withdrawal_charge,9364
I am unable to use my top-up on the app. Could you explain this to me?,61,top_up_reverted,3282
"I'm waiting for a transfer from the US, how much longer?",67,transfer_timing,6638
What card or currency can I use to pay?,54,supported_cards_and_currencies,2982
"I know there's money in my account, why did my account decline me?",25,declined_card_payment,5969
There is a payment showing as pending and hasn't posted for a few days.  When will it post?,45,pending_card_payment,5214
I got some cash in the ATM but its still pending,46,pending_cash_withdrawal,772
I think someone stole money from my card,20,cash_withdrawal_not_recognised,8804
Whats wrong with my currency exchange?,76,wrong_exchange_rate_for_cash_withdrawal,8340
Why wouldn't my contactless work for the metro?,23,contactless_not_working,1812
Tell me the currencies that you support.,36,fiat_currency_support,979
is there a foreign currencies charge?,31,exchange_charge,8980
What do I do if I see a transaction on my card that I don't recall making?,16,card_payment_not_recognised,3640
I lost my card. Can you help me?,41,lost_or_stolen_card,1553
"Can you tell me how long it would take, to make a transfer from France? I made one 2 days ago and its not there yet.",5,balance_not_updated_after_bank_transfer,8723
"Hey there, I just went through my most recent credit card payments and I notice the same charge for a restaurant was processed twice. There was only one meal at this place, so I would like one of the charges to be reversed and my money to be put back in the account.",63,transaction_charged_twice,6452
The transfer was accepted but now it's stuck on pending. When will it go through?,48,pending_transfer,6032
Is there any reason why my card didn't work when I tried to top up?,59,top_up_failed,8510
What documents are required for proof of identity?,69,verify_my_identity,9785
I was getting cash and the card got stuck inside,18,card_swallowed,6264
What is this direct debit in my statement?,28,direct_debit_payment_not_recognised,4663
Why would a card payment be declined?,25,declined_card_payment,5935
Why isn't my refund showing in my statement?,51,Refund_not_showing_up,5806
Tell me more about getting a virtual disposable card.,37,get_disposable_virtual_card,8443
what documents do i need to verify who i am,69,verify_my_identity,9873
"I'm having an issue with transaction. I topped up my account and saw it went through, but that was a few days ago and the money isn't in my account any more. What's up with that?",61,top_up_reverted,3251
Will you charge me if I top up by card?,57,top_up_by_card_charge,9070
I think the rate that was applied to my purchase using foreign currency is wrong. Help!,17,card_payment_wrong_exchange_rate,508
Will I be charged any fee for receiving money?,56,top_up_by_bank_transfer_charge,1837
My identity is unable to be verified.,68,unable_to_verify_identity,3929
Can I use my apple watch to top-up?,2,apple_pay_or_google_pay,9657
What is the reason my payment was not accepted?,25,declined_card_payment,5851
What identification is required to activate my card?,0,activate_my_card,9306
I would like my card activated.,0,activate_my_card,9315
Why was I charged extra when paying with card?,15,card_payment_fee_charged,2617
Can you send me a new card and block my current one. I'm in Spain and my wallet was stolen.,41,lost_or_stolen_card,1496
What is the refund procedure?,52,request_refund,5448
Do I have to go into the bank to change my PIN?,21,change_pin,6891
My app shows a direct debit that isn't mine.,28,direct_debit_payment_not_recognised,4810
I think somebody made an unauthorized copy of my card.  My account has a cash withdrawal for 500£ that I did not make.  Please help.,20,cash_withdrawal_not_recognised,8893
I noticed an extra pound charge?,34,extra_charge_on_statement,634
I have transactions that I don't recognize - I think someone is using my card.,22,compromised_card,4511
Is there a way to find an ATM around me?,3,atm_support,4572
How can I prove I am me?,69,verify_my_identity,9771
Why has my top-up been denied?,59,top_up_failed,8591
How do I transfer funds if I am paid in GBP?,50,receiving_money,7345
"Hi, can you tell me why my transfer keeps being rejected? I've been trying to send money to my friends this morning but failed every time and I have no idea why?",35,failed_transfer,7542
How do I activate and link my new card?,13,card_linking,277
Is there a way to verify a card top-up?,71,verify_top_up,7727
What is an exchange rate?,32,exchange_rate,338
How can I dispute a debit transaction?,28,direct_debit_payment_not_recognised,4690
Why did I get less from the ATM?,75,wrong_amount_of_cash_received,2387
"I need you to stop the transfer I just started as soon as possible, I just realized it's not correct!",8,cancel_transfer,2157
A direct debit appears in the app but I didn't authorize it.,28,direct_debit_payment_not_recognised,4667
Where is the refund on my statement?,51,Refund_not_showing_up,5824
Why can't I withdraw cash?,26,declined_cash_withdrawal,5063
Are all fiat currencies supported?,36,fiat_currency_support,904
Is there a top-up limit that I have to stay under during a given period of time?,60,top_up_limits,2250
The exchange rate from my card payment isn't right.,17,card_payment_wrong_exchange_rate,423
Is it possible to transfer money to my credit card?,62,topping_up_by_card,4273
In which countries can I get a card?,24,country_support,9965
When will my transfer come through?,5,balance_not_updated_after_bank_transfer,8699
I used my card and there was a fee,15,card_payment_fee_charged,2570
"Ive been trying to use my card for two weeks now to purchase somethings online but nothing is going through. It keeps returning my payment to my account. There shouldn't be anything wrong with my account, is it the card?",53,reverted_card_payment?,6779
Can my account be topped up by my friends?,62,topping_up_by_card,4307
How do I order a card?,43,order_physical_card,8121
can usa residents get a card?,24,country_support,9909
Where is my recent refund in the my statement?,51,Refund_not_showing_up,5695
How to activate Google Pay for top up?,2,apple_pay_or_google_pay,9745
How do i receive a physical card?,43,order_physical_card,8142
My purchase from this morning still is pending.,45,pending_card_payment,5170
I have an unknown direct debit payment on my account,28,direct_debit_payment_not_recognised,4804
When will my deposit be processed?,6,balance_not_updated_after_cheque_or_cash_deposit,3444
Please help me unblock my pin which I put the wrong one too many times.,49,pin_blocked,1669
Did you deactivate my card it's not working anymore,14,card_not_working,1323
What do I do if I do not recognise a cash withdrawal?,20,cash_withdrawal_not_recognised,8850
Can I cancel a transfer I made,8,cancel_transfer,2206
How do I take a block off my card?,49,pin_blocked,1700
My card no longer works.,14,card_not_working,1335
Why am I charged a fee for withdrawing cash?,19,cash_withdrawal_charge,9351
"I just received a new card, where do I go to link it to my account?",13,card_linking,281
what is the most money i can top up?,60,top_up_limits,2245
can I use it in any country?,24,country_support,9937
i need a virtual card,40,getting_virtual_card,3004
What is the amount of time transfers usually take from the UK? I had just completed a transfer and nothing seems to be showing up so I need to be sure things are alright.,5,balance_not_updated_after_bank_transfer,8783
Why can't you allow my beneficiary?,7,beneficiary_not_allowed,7125
I can't log in,44,passcode_forgotten,4878
my top up isnt there yet where do i find it,62,topping_up_by_card,4319
Why did you cancel my card payment?,53,reverted_card_payment?,6807
What is the reason a transfer shows as pending?,48,pending_transfer,6002
My salary is deposited in GBP. Do I need to choose the currency?,50,receiving_money,7354
I requested a refund for a large order the other day and don't think I received the funds. Can you tell me if you see them or not?,51,Refund_not_showing_up,5763
"Hello,  I noticed the money for an item I purchased online and have already received has been returned to my checking account. Was there an issue with the merchant accepting my payment? Or, possibly, with the bank sending it?",53,reverted_card_payment?,6746
"My new card has arrived, what's the activation procedure?",0,activate_my_card,9334
"I have not used my card all day, however, there is an unusual payment showing in my app.  I would like to have that amount reimbursed.",28,direct_debit_payment_not_recognised,4785
How do I perform identity checks?,69,verify_my_identity,9792
"Please help! I was looking at my account and saw a transaction with a seller I don't remember. Is it possible for you to track the sale, because I really don't think I made a payment to them.",28,direct_debit_payment_not_recognised,4735
Please help me with my card payments which keeps getting reverted whenever i do online shopping. I am having this problem since last two weeks.,53,reverted_card_payment?,6817
I want to know the source of my funds.,70,verify_source_of_funds,6566
What does it cost to receive a SEPA transfer?,56,top_up_by_bank_transfer_charge,1873
Could I chose the date to have it delivered?,12,card_delivery_estimate,1099
Can you please inform me of the restrictions for the disposable cards.,29,disposable_card_limits,4444
European bank card for top up will come with any extra fees?,57,top_up_by_card_charge,9165
Help me terminate and close my account.,55,terminate_account,6188
I need mastercard as well as visa,73,visa_or_mastercard,4202
"One of my card payments, I don't recognise the name of the merchant.",16,card_payment_not_recognised,3590
"I just tried to top-up and now I'm getting an additional verification message, why?",71,verify_top_up,7732
Can I use my account although my identity verification has yet to pass?,74,why_verify_identity,3793
Can you tell me why I was declined from getting cash?,26,declined_cash_withdrawal,4951
"I want to block my card or deactivate it or something, it's been stolen and I don't want it misused. I want this handled right away.",41,lost_or_stolen_card,1541
Can I dispute a debit payment that I am seeing that I didn't make from a couple of months ago?,28,direct_debit_payment_not_recognised,4782
I think my top-up has failed.,59,top_up_failed,8468
My top up was reverted. Can you help?,61,top_up_reverted,3179
I haven't received my PIN yet. Do I need to get it from you?,38,get_physical_card,4067
I can't get google pay to work right.,2,apple_pay_or_google_pay,9717
"So I've been using my account frequently to manage payments for my vacation house in a different country, and now I'm getting hit with ridiculously high fees! What's with that? Ought not I be rewarded as a frequent user?",64,transfer_fee_charged,7196
"my cash withdrawal is pending, why?",46,pending_cash_withdrawal,839
Is there a pay structure for currency exchanges?,31,exchange_charge,8971
what is this extra charge for a withdrawal?,19,cash_withdrawal_charge,9488
There is a withdrawal waiting.,46,pending_cash_withdrawal,861
When will my transfer post to my account?,67,transfer_timing,6606
Where can I check out the source of available funds in my account?,70,verify_source_of_funds,6581
"My order hasn't shown up yet, what can I do?",52,request_refund,5410
Any chance of getting the card outside the UK?,24,country_support,9916
What is my top-up limit?,60,top_up_limits,2285
Delete all of my account information and my account right now.,55,terminate_account,6196
I think someone may be using my card.,22,compromised_card,4543
I bought something online and it says there was a fee to transfer money. Isn't that free?,64,transfer_fee_charged,7197
"I tried to withdraw $100, all it gave me was $20.",75,wrong_amount_of_cash_received,2335
I can't verify identity through the app.,68,unable_to_verify_identity,3898
Why wasn't my bank balance updated?,5,balance_not_updated_after_bank_transfer,8776
"For SEPA transfers, what kind of charge will be applied?",56,top_up_by_bank_transfer_charge,1900
I tried to use the ATM with foreign currency. The conversion rate applied was wrong.,76,wrong_exchange_rate_for_cash_withdrawal,8355
The ATM did not give me as much cash as I requested.,75,wrong_amount_of_cash_received,2489
Help me with a PIN change.,21,change_pin,6933
What kind of cards an currency do you support?,54,supported_cards_and_currencies,2992
What do I do if my PIN was blocked?,49,pin_blocked,1749
Why does a payment show up twice?,63,transaction_charged_twice,6397
I need assistance addressing a direct debit that I did not do myself.,28,direct_debit_payment_not_recognised,4721
What would II do if I wanted to activate my new card,0,activate_my_card,9207
"Why does the ATM continually decline my card? I've tried multiple times on different machines with the same results. I thought I had enough funds for this, so please help me understand why this is happening.",26,declined_cash_withdrawal,5068
Can you check if my money has reached my account since it is not showing up yet?,5,balance_not_updated_after_bank_transfer,8679
Am I allowed to change my PIN anywhere?,21,change_pin,6980
"Am I able to look back at a transaction to see who with drawled some money from my account? I don't remember authorizing this a few weeks ago, but wanted to double check who took the money.",28,direct_debit_payment_not_recognised,4708
An ATM swallowed my credit card!,18,card_swallowed,6287
I found a charge on my debit that I did not make.,28,direct_debit_payment_not_recognised,4688
i bought the wrong size and would like a refund,52,request_refund,5385
How do I initiated a bank transfer to top up?,65,transfer_into_account,7630
Why isn't my topup working?,59,top_up_failed,8489
Is the 1 pound charge I can see an error or an incorrect entry?,34,extra_charge_on_statement,611
How do I reverse a transaction on my account?,52,request_refund,5439
Top up did not work on the app.,59,top_up_failed,8563
Is there a way to order a new card while in China?,9,card_about_to_expire,9563
Why am I being charged for transferring money?,64,transfer_fee_charged,7288
I set up a payment to a new payee and sent some money but the person I'm sending it to has not received it.  Can you check where the money is?,66,transfer_not_received_by_recipient,2767
How long will it take to verify my account?,68,unable_to_verify_identity,3957
How do I link my card in the app.,13,card_linking,262
My card needs to be activated.,0,activate_my_card,9186
"I used my card to top up, but now I don't see the money in my account.",62,topping_up_by_card,4263
Where do i go to receive a virtual card,40,getting_virtual_card,3068
Can I use my American Express card with Apple Pay?,2,apple_pay_or_google_pay,9655
What do I do if my phone was stolen?,42,lost_or_stolen_phone,5269
I was double charged at a restaurant can you take the second charge off?,63,transaction_charged_twice,6331
"Someone stole my account, there's a withdrawal but it wasn't me, can we put a stop to it please?",20,cash_withdrawal_not_recognised,8928
atm refused to give me money,26,declined_cash_withdrawal,5039
I need money put into this account from another one.,65,transfer_into_account,7677
"I just moved overseas and I noticed that you are charging me more fees.  I am a loyal customer, is this how you expect to keep customers?",64,transfer_fee_charged,7329
Which countries do you support?,24,country_support,9954
How long does a transfer transaction take?,67,transfer_timing,6719
I prefer to get a Mastercard.,73,visa_or_mastercard,4156
Can you tell me the status of my new card?,41,lost_or_stolen_card,1490
Why has my card been declined?  whats the deal?,25,declined_card_payment,5939
What is the $1 transaction on my account?,34,extra_charge_on_statement,576
Where do my funds originate from?,70,verify_source_of_funds,6591
Where can I get a physical card?,43,order_physical_card,8112
Can I convert money into different currencies?,33,exchange_via_app,1404
"It seems my card payment was completed twice. I paid at the store previously and the first one did not seem to go through. After a second attempt, it did go through. I now see within the app that I have been charged twice with one of them pending. Can you please remove the pending amount because it is clearly something that was declined?",63,transaction_charged_twice,6439
I found my card again. Can I put it back into the app?,13,card_linking,259
Why can't the person I sent the money transfer to see it?,66,transfer_not_received_by_recipient,2776
I added money but my top-up wasn't processed by the app.,59,top_up_failed,8539
I believe my top up was reverted.,61,top_up_reverted,3164
Does the app top up automatically?,4,automatic_top_up,1154
How do I transfer money from one bank account to another?,65,transfer_into_account,7670
My statement shows an extra fee - what is it?,34,extra_charge_on_statement,728
Why was I charged a fee when making this transfer when I shouldn't have been?,64,transfer_fee_charged,7328
What is the reason why the transfer shows as pending?,48,pending_transfer,6064
When will my account receive the money?,67,transfer_timing,6682
I have not seen any changes in my account balance(s) after making a transfer.,48,pending_transfer,6033
How long do money transfers take? My friend really needs the money i sent a couple of hours ago but it's not there yet.,66,transfer_not_received_by_recipient,2786
When will my transfer from the US get here?,67,transfer_timing,6673
what happened to the money after i put in the wrong info and it got declined,62,topping_up_by_card,4301
Are cards available in the EU?,24,country_support,10001
"There's a payment with my card that I definitely didn't do myself, never seen that name before.",16,card_payment_not_recognised,3484
What's the cost for exchanges?,31,exchange_charge,8985
I have a top up card. Where is the verification code?,71,verify_top_up,7713
A transfer could not be completed.,35,failed_transfer,7438
Why was I unable to finish this transfer?,35,failed_transfer,7431
How long will it be to get this new card?,11,card_arrival,129
I dont see my reciept,66,transfer_not_received_by_recipient,2838
Can I use a Visa or Mastercard?,73,visa_or_mastercard,4211
"Is there a fee when I get cash from an ATM? Is there a limit I can take out? If there is a fee, what is it?",19,cash_withdrawal_charge,9439
Is there a way I can have a mastercard?,73,visa_or_mastercard,4100
Are there ATM fees?,19,cash_withdrawal_charge,9437
How long is the wait for a money transfer to show up?,48,pending_transfer,6021
Can I transfer money using the SWIFT service?,56,top_up_by_bank_transfer_charge,1862
I need to know what is going on. I'm attempting to purchase a flat and need the money to pay on my initial mortgage payment. I'm only getting an error. Can you find out what's going on and help in making the transfer?,35,failed_transfer,7548
The refund isn't appearing in my account,51,Refund_not_showing_up,5705
i am under 18 and i am trying to verify my id. why wont it work?,68,unable_to_verify_identity,3992
I want to transfer some money from my other bank account into this one.,65,transfer_into_account,7663
Why isn't my balance reflecting a transfer I did?,5,balance_not_updated_after_bank_transfer,8684
I think I was charged extra on my payment on last Saturday.  Maybe the exchange rate was wrong?  I'd like a refund.,17,card_payment_wrong_exchange_rate,536
Help me verify my identification.,68,unable_to_verify_identity,3908
I am so angry right now!  I went to the ATM and did not get the correct amount of money I chose to withdraw.  How could this happen?  I need my money and want to know how I can get it ASAP!,75,wrong_amount_of_cash_received,2413
Help!  I forgot my password.,44,passcode_forgotten,4844
I requested a refund from a merchant but don't see the money in my account.  Are you able to check with the merchant or process the refund manually?,51,Refund_not_showing_up,5737
Is there a fee to add money to an international card?,57,top_up_by_card_charge,9083
How do I top up using my card?,62,topping_up_by_card,4309
Tell me why my balance did not change when I tranferred cash.,5,balance_not_updated_after_bank_transfer,8669
I am trying to transfer money and something is going wrong.,35,failed_transfer,7551
I can't do the verification.,74,why_verify_identity,3843
There is a debit transaction on my statement that I did not make,28,direct_debit_payment_not_recognised,4698
I shouldn't be charged any fee for transferring .,64,transfer_fee_charged,7167
I wasn't allowed to transfer to my account,7,beneficiary_not_allowed,7103
I was not able to use the ATM to get cash,26,declined_cash_withdrawal,4946
What should I do since my card is trapped in the ATM?,18,card_swallowed,6265
I need my purchase cancelled.,52,request_refund,5497
How do I check to see why my card payment was declined?,25,declined_card_payment,5858
Why is  my  top  up for  my  new account  not  instant,47,pending_top_up,1996
I tried to get cash at some ATM in the city centre earlier but the machine declined my card. I've seen it still shows up as pending in my account. Please cancel it immediately as I definitely have not received that money!,46,pending_cash_withdrawal,762
where is my money from this morning,6,balance_not_updated_after_cheque_or_cash_deposit,3461
My top-up appears to be pending.,47,pending_top_up,2032
Where do I need to go to change my PIN?,21,change_pin,6930
I put some cash into my account but it's not displaying that on my balance.,6,balance_not_updated_after_cheque_or_cash_deposit,3305
I cannot see a refund in my account,51,Refund_not_showing_up,5719
How's the exchange rate looking right now?,32,exchange_rate,352
I made an ATM withdrawal over the holiday and then later realized I was charged an exorbitant fee!  I never would've made this withdrawal if I'd known I'd be charged so much.,76,wrong_exchange_rate_for_cash_withdrawal,8357
I transferred some money but the balance stayed the same.,5,balance_not_updated_after_bank_transfer,8745
"I thought I lost my card so I cancelled it, but recently I found it in my jacket and I would like to re-establish the card.",13,card_linking,228
When does a UK transfer show up?,5,balance_not_updated_after_bank_transfer,8719
Why hasn't my cash arrived from a deposited check?,6,balance_not_updated_after_cheque_or_cash_deposit,3383
"Hi, i found a large amount payment in my old statements which i am sure was not made by me. I am aware that the time has passed but is there a way to raise a dispute for this payment now?",28,direct_debit_payment_not_recognised,4632
What should I do if I think there are unauthorized transactions?,22,compromised_card,4494
I was overcharged a pound.,34,extra_charge_on_statement,647
How and where can I find the identity checks?,69,verify_my_identity,9779
"Hello. I bought an item a while ago, and have since requested a refund.  However, upon checking my online statements, it seems that I haven't been issued a refund yet.  How can this be remedied?",51,Refund_not_showing_up,5728
My card payment has not been withdrawn from my account,53,reverted_card_payment?,6837
What is delivery speed to the United States?,12,card_delivery_estimate,1110
My transfer didn't work! Help!,35,failed_transfer,7464
"I need to top up, can I use google pay?",2,apple_pay_or_google_pay,9650
"Hello, there was an error while attempting top-up with my card this morning. I was able to use the card two days ago with no issues. Could you please assist?",59,top_up_failed,8481
I see a fee that I think was charged because I paid by card.,15,card_payment_fee_charged,2650
Why can't I make a transfer?,35,failed_transfer,7468
What's the limit for disposable virtual cards?,29,disposable_card_limits,4406
Can I use my card to withdraw from my account?,3,atm_support,4560
"I need some money transferred ASAP, how long does the process take?",67,transfer_timing,6675
"I shouldn't have been charged but I see a fee, why?",15,card_payment_fee_charged,2517
Do I need to verify my top-up card?,71,verify_top_up,7698
top up for my american express card is not working,2,apple_pay_or_google_pay,9744
"My transfers keep on getting declined. My card was working fine up until now, however it has suddenly stopped working. Why is this?",27,declined_transfer,5665
What are the restrictions on the virtual cards?,29,disposable_card_limits,4386
Help!  The app says I took out cash but I didn't!,20,cash_withdrawal_not_recognised,8887
How do I get my virtual card?,40,getting_virtual_card,3036
"lost card found, want to put it back in app",13,card_linking,157
How can I investigate a missing refund?,51,Refund_not_showing_up,5711
"I was blocked by using the wrong pin too many times, can you help me?",49,pin_blocked,1772
The refund on my account hasn't shown up,51,Refund_not_showing_up,5739
Someone else used my card to withdraw cash from an ATM,20,cash_withdrawal_not_recognised,8904
I think I am a victim of fraud.  I noticed there was a charge on my account that I didn't do because I haven't touched my card today.  Can you please reverse the charge and refund my money?,28,direct_debit_payment_not_recognised,4704
I don't want to use this method to identify myself.,74,why_verify_identity,3816
The exchange rate is bad. Are you sure this is the exchange rate?,17,card_payment_wrong_exchange_rate,560
"I transferred money, why was charged for an extra fee?",64,transfer_fee_charged,7164
"When I use my card, it says decline?",25,declined_card_payment,5876
I tried doing an in country transfer earlier this week. I thought it would be there by now but I still don't see the money. Can you check the status on my transfer?,66,transfer_not_received_by_recipient,2799
"When my card expires soon, how fast is the replacement card sent and what are the costs?",9,card_about_to_expire,9557
Is there a reason why there is an extra £1 charge on my account?,34,extra_charge_on_statement,587
What countries do your accounts support?,24,country_support,9995
Seems like my top-up has failed,59,top_up_failed,8483
Someone must have found my card details as I don't recognize these transactions.,22,compromised_card,4484
"I got a message saying I made a withdrawal from the bank machine, but I did not.",20,cash_withdrawal_not_recognised,8793
Why did my transfer get declined?,27,declined_transfer,5603
Why hasn't my card payment cleared yet?,45,pending_card_payment,5140
Why haven't I gotten my payment yet?,45,pending_card_payment,5136
Are there limits with top-up?,60,top_up_limits,2286
How can I see the progress of delivery of the card that was sent?,11,card_arrival,72
"daughter needs card, how do i add her",39,getting_spare_card,7889
Why was my atm withdrawl declined,26,declined_cash_withdrawal,5060
"Please check my Card. As Withdrawal was working fine so far, but this morning suddenly got declined. Can you please check the problem?",26,declined_cash_withdrawal,5078
"I'm checking my statements and I saw a purchase from a couple weeks ago that I don't recall at all. Not only that, but I don't even know the business that charged it. I'm not sure if I did it or not, but can we check it and see if we can trace it back to make certain?",28,direct_debit_payment_not_recognised,4674
I don't know why my credit card was declined while I was trying to top-up. Was it something on my end or was there something wrong with the top-up function?,59,top_up_failed,8581
What do you use to figure out the exchange rate for the card?,32,exchange_rate,311
How long does it take for money to transfer as my balance hasn't been updated,5,balance_not_updated_after_bank_transfer,8758
I would like a  physical card sent to me.,43,order_physical_card,8118
I'm having problems making a transfer to another account. I keep getting a declined message. I know that the information I'm putting in is accurate because I have checked it more than once.,27,declined_transfer,5627
"Hi, I lost my phone yesterday, what can I do to stop someone using my account on it?",42,lost_or_stolen_phone,5346
"How long do EU transfers actually take? I bought something online a couple days ago, sent the money immediately online but the seller says it's still not there yet.",48,pending_transfer,6058
How old do you have to be to open an account?,1,age_limit,1592
I need to know where I can withdraw money.,3,atm_support,4623
"On my transfer there was a ""decline"" message",27,declined_transfer,5580
What do I do when a charge has been made that I did not make?,20,cash_withdrawal_not_recognised,8913
"I need to get a card, how do I do that?",43,order_physical_card,8138
I have multiple of the same transaction,63,transaction_charged_twice,6436
Can you refund my purchase?,52,request_refund,5505
My money is back in my account after a seller contacted me stating they never received payment. I am positive it was deducted out of my account. Please get this sorted out right away.,53,reverted_card_payment?,6770
I entered the pin incorrectly too many times and now it is blocked. Can you help?,49,pin_blocked,1775
I saw a fee on my app from one of my payments and I wasn't sure where it came from. Is there a way you can tell me when there's an additional fee for my payments?,15,card_payment_fee_charged,2566
"I topped up last night but don't have any funds, why not?",47,pending_top_up,2053
"I made a bank transfer from my UK account today, but it's not showing.  Can you check status?",5,balance_not_updated_after_bank_transfer,8685
How do I link my new card?,13,card_linking,224
I'd like like to know where I can order a virtual card?,40,getting_virtual_card,3088
Do you have an age limit?,1,age_limit,1594
How long will a transfer from China take? I need to transfer something from there.,67,transfer_timing,6684
I don't have the means to prove my identity.,68,unable_to_verify_identity,3959
"I had everything lined up to make a transfer, and then it rejected it.",27,declined_transfer,5618
I really was trying to complete this exhange. I was trying to purchase some crypto but the app won't allow me to do it. Can you tell me what's going on here?,7,beneficiary_not_allowed,7070
"I tried to withdraw cash and got declined, why is that?",26,declined_cash_withdrawal,4919
I want to top up my account. Can I do it with Google Pay?,2,apple_pay_or_google_pay,9688
I have to verify my source of funds.,70,verify_source_of_funds,6488
Please cancel the latest ATM charge on my card as my card was declined earlier today and I did not receive that cash.,46,pending_cash_withdrawal,851
If I need to top up with cash where should I look?,58,top_up_by_cash_or_cheque,8008
My account is  new  why can I  not top up,47,pending_top_up,1969
Where are the cards transported to?,43,order_physical_card,8163
Can you explain more about why should I verify my identity?,74,why_verify_identity,3846
"Card payment was declined, do you know why?",25,declined_card_payment,5980
What do I need to do in order to use my card I just got?,0,activate_my_card,9333
I  see an extra 1£ charge on my app. Why did It charge me extra?,34,extra_charge_on_statement,712
can i get a physical card online,43,order_physical_card,8100
Why do I need to verify my identity?,74,why_verify_identity,3804
How many times can I auto top-up?,4,automatic_top_up,1210
Why is checking my identity important?,74,why_verify_identity,3855
Where can I find information about where my money came from?,70,verify_source_of_funds,6506
My contactless payments don't work.,23,contactless_not_working,1785
Fix my top up,59,top_up_failed,8547
How do I tell if my top up was reverted?,61,top_up_reverted,3232
I see cash in my app but I did not get it.,20,cash_withdrawal_not_recognised,8829
im worried about fraud how do you protect my account,69,verify_my_identity,9842
My money transfer hasn't appeared yet.,48,pending_transfer,6038
"How long do tranfers from a UK account usuallt take for you? I just made a transfer and nothing shows up, so just wondering if things went ok",5,balance_not_updated_after_bank_transfer,8751
How long does it take for my id to verify?,68,unable_to_verify_identity,3946
I forgot the passcode on my app.,44,passcode_forgotten,4835
"I've been waiting for 3 days, why is my withdrawal still pending?",46,pending_cash_withdrawal,841
I did not get the cash that is showing up in my app.,20,cash_withdrawal_not_recognised,8871
The amount of exchange was not correct for the item i bought.,17,card_payment_wrong_exchange_rate,422
I'm confused as to why my transfer is still listed as pending on the website.,48,pending_transfer,6016
When will I be able to see the refund,51,Refund_not_showing_up,5796
Why do you keep declining my payment? I tried several times already with this card and it is just not working.,25,declined_card_payment,5922
"My card got trapped inside an ATM, what should I do?",18,card_swallowed,6248
How long should I wait for the card to arrive?,12,card_delivery_estimate,1047
I am planning activating my card was it possible?,0,activate_my_card,9310
why don't you accept american express for adding money to my account,54,supported_cards_and_currencies,2896
Cash withdrawal was incorrect at ATM.,75,wrong_amount_of_cash_received,2449
Do you take checks?,58,top_up_by_cash_or_cheque,7952
Will I know which exchange rate I will get?,32,exchange_rate,365
"I had a duplicate card and bought something and it showed up twice. I canceled my card, how do I get my money back?",63,transaction_charged_twice,6344
"The service here is horrible, I want to delete my account.",55,terminate_account,6236
How can I get a card sent to China?,9,card_about_to_expire,9595
"It seems you keep declining my transfers. Before, it's always worked very well.Just now when I tried to buy something the card was declined. I tried more than once and it was the same thing each time.",27,declined_transfer,5577
What are your exchange rates calculated from?,32,exchange_rate,337
What countries can I use my account in?,24,country_support,9910
What do I need for the identity check?,69,verify_my_identity,9834
Visa or Mastercard?,73,visa_or_mastercard,4148
The money disappeared after I topped up my account.,62,topping_up_by_card,4276
Can I convert currency with the app?,33,exchange_via_app,1400
I think that the exchange rate for the withdrawal of my cash is not right.,76,wrong_exchange_rate_for_cash_withdrawal,8278
Why is my ATM cash withdrawal not working?,26,declined_cash_withdrawal,4953
My phone is missing.,42,lost_or_stolen_phone,5348
I am still waiting on my bank transfer,5,balance_not_updated_after_bank_transfer,8676
I tried using my card at multiple vendors and now it's not working.,14,card_not_working,1318
I could not use my card in a store.,25,declined_card_payment,5840
I don't have a password.,44,passcode_forgotten,4871
Can I check to see where the funds came from?,70,verify_source_of_funds,6483
I can't get the top-up to work! What's going on here.,59,top_up_failed,8527
Why did you charge me more for my purchase? It was a foreign currency and you didn't offer market rate,17,card_payment_wrong_exchange_rate,454
When will my returned transaction show up on my account?,51,Refund_not_showing_up,5700
Why did I get a different card then requested?,73,visa_or_mastercard,4210
"My phone was taken yesterday, is there something that I need to do?",42,lost_or_stolen_phone,5354
I ordered a virtual card but it hasn't come through yet,40,getting_virtual_card,3071
Can you make exchanges with the EUR?,36,fiat_currency_support,936
What is happening?  I have tried to transfer money 5x already.  Is the system down?  This shouldnt be happening as this is a basic transfer.,35,failed_transfer,7428
Why is there a pending hold on one pound on my statement?,34,extra_charge_on_statement,663
I'm interested in what your exchange rates are based on.,32,exchange_rate,322
Why didn't my card payment work?,25,declined_card_payment,5890
Can I get money out of any machine?,3,atm_support,4588
I made a transfer and was charged extra. Why?,64,transfer_fee_charged,7211
Why is there an uknown charge showing on my account?,16,card_payment_not_recognised,3602
Can the exchange rate change while I am in the process of making a withdrawal?,76,wrong_exchange_rate_for_cash_withdrawal,8289
"I need my card topped up,",62,topping_up_by_card,4330
What is the average pending time for a transaction?,48,pending_transfer,6087
Please help my find out why there is an odd direct debit in my records.,28,direct_debit_payment_not_recognised,4634
"For adding money, which currencies do you accept?",54,supported_cards_and_currencies,2970
What cards and currencies can I use to top up my account?,54,supported_cards_and_currencies,2952
How old do my kids need to be to open an account?,1,age_limit,1634
How much does a transfer cost?,56,top_up_by_bank_transfer_charge,1847
Do you provide currency exchange to Euros?,36,fiat_currency_support,957
I've been waiting for a refund where is it?,51,Refund_not_showing_up,5716
When I tried to pay in a store my card din't work,25,declined_card_payment,5949
i disagree with a charge,16,card_payment_not_recognised,3582
"My transfer failed, why?",35,failed_transfer,7513
I need more assistance with how to activate my card.,0,activate_my_card,9279
I forgot my PIN number.,49,pin_blocked,1696
Is there a fee for sending additional cards?,39,getting_spare_card,7910
How long should a cheque deposit take to show? My account hasn't updated and I want to make sure everything is okay.,6,balance_not_updated_after_cheque_or_cash_deposit,3424
Why is there a $1 charge on my statement?,34,extra_charge_on_statement,585
"I think my card is broken or something. I tried using it and it wouldn't go through, please help.",14,card_not_working,1332
Can I exchange from USD to GBP?,33,exchange_via_app,1416
How do I use the disposable cards?,37,get_disposable_virtual_card,8453
I tried to charge my card but it was declined. A couple days ago I was able to charge it and it was accepted. Is something wrong? Will you double check for me please?,59,top_up_failed,8592
"I checked my statement and saw a charge of one pound, where is this charge coming from?",34,extra_charge_on_statement,702
I don't have a virtual card - how do I get one?,40,getting_virtual_card,3011
Why did I only get $20 now the full amount I wanted?,75,wrong_amount_of_cash_received,2377
I'm sure I have enough money so why didn't the store accept my card?,25,declined_card_payment,5871
Can you tell me what cards and currencies you support?,54,supported_cards_and_currencies,2897
Is there a money transfer fee?,64,transfer_fee_charged,7219
I requested a refund from Next because the dress I purchased had three arm holes. They said they sent the refund last Wednesday which is nearly a week ago and I still don't have it.  Why not?,51,Refund_not_showing_up,5759
"The transfer finally worked, but how long does it stay pending?",48,pending_transfer,6093
Can you tell my why my funds transfer did not work properly?,35,failed_transfer,7473
My credit card has been declined.,25,declined_card_payment,5901
"I have tried to submit a transfer a couple of times now, and for some reason, it continues to be unsuccessful. Do you know why this may be?",7,beneficiary_not_allowed,7121
Why are you charging me a transfer fee?,64,transfer_fee_charged,7200
How would I use a bank transfer for topping my account?,65,transfer_into_account,7605
I'm worried that my card has been compromised because I see a payment that I didn't make.,16,card_payment_not_recognised,3613
Why was money taken for a transfer?,64,transfer_fee_charged,7281
Why isn't my cash deposit showing up in my account?,6,balance_not_updated_after_cheque_or_cash_deposit,3341
I'm getting concerned here.  I sent a friend some money and she isn't seeing it.  What's going on?,66,transfer_not_received_by_recipient,2778
Why is it necessary to verify the top up?,71,verify_top_up,7768
When my card expires what is the cost of a replacement and how fast?,9,card_about_to_expire,9569
My card arrived but I don't know how to get my PIN.,38,get_physical_card,4023
What is the charge for exchanging currencies?,31,exchange_charge,8973
Can you tell me why I was charged $1 for a transaction?,34,extra_charge_on_statement,676
Can you tell me why a refund I'm owed is not showing on my statement?,51,Refund_not_showing_up,5750
Can you tell me about these disposable virtual cards?,37,get_disposable_virtual_card,8379
When will I be able to see my refund?,51,Refund_not_showing_up,5831
Will I get charged on a foreign currencies exchange?,31,exchange_charge,8991
Where does the exchange rate stand right now?,32,exchange_rate,361
Where can I see where my funds came from?,70,verify_source_of_funds,6537
I have a contactless that's broken.,23,contactless_not_working,1805
What is the fee if I use a European bank for a top up?,57,top_up_by_card_charge,9089
How long does a payment show as pending before i should worry about it?,45,pending_card_payment,5146
How can I fix my contactless?,23,contactless_not_working,1803
As my kids get older are they able to get set up with their own accounts?,1,age_limit,1635
My card was refused,25,declined_card_payment,5914
When can I expect a transfer from Europe to go through?,67,transfer_timing,6714
I don't understand why my card payment is pending.  It has been pending for too long.  Why is this and when might it go through?,45,pending_card_payment,5157
"I've been waiting for something that i've ordered for months now and it still hasn't arrived. I genuinely don't know what this company is doing, but put plainly, i've had enough. Please issue a refund immediately, i would not like to waste anymore of my time on these people.",52,request_refund,5490
What retailers accept my card?,10,card_acceptance,3104
Not sure what my password is.,44,passcode_forgotten,4840
"I am getting charged fees on some payments.  Please help me understand, where are these fees disclosed?",15,card_payment_fee_charged,2619
Is it possible for me to change my PIN number?,21,change_pin,6883
What exchange rates do you use?,32,exchange_rate,358
My address is incorrect on my file.,30,edit_personal_details,3655
I see a charge for a direct debit that was not me.,28,direct_debit_payment_not_recognised,4746
"I have used my account abroad for a while without any fees, why am I being charged additional fees all of a sudden?",64,transfer_fee_charged,7273
I think that there is a payment on my card that I did not authorize.  I don't recognize the name attached to the transaction.,16,card_payment_not_recognised,3603
This card payment isn't is recognition.,16,card_payment_not_recognised,3554
How do i find my top-up card's verification code?,71,verify_top_up,7715
Why was the wrong rate applied when I bought something in a different currency?,17,card_payment_wrong_exchange_rate,505
I paid with card and I was charged a fee,15,card_payment_fee_charged,2629
what are the reasons why you would not be able to process a payment,7,beneficiary_not_allowed,7035
how can i get it to add money automatically while travelling,4,automatic_top_up,1224
where to i get my funds from?,70,verify_source_of_funds,6496
I have a trasnger that is pending and wondered about it.,48,pending_transfer,6082
I need to delete my account.,55,terminate_account,6145
"i didnt make these transactions, i think my card details might be stolen",22,compromised_card,4510
"I'd like to get a refund for something I bought, is that possible?",52,request_refund,5475
I see my transfer was declined.,27,declined_transfer,5554
What do I need to do to perform identity checks?,69,verify_my_identity,9781
Why am I charged an extra fee on my card?,15,card_payment_fee_charged,2662
Why isn't my card working? I was pumped to use my new card but it keeps getting declined. Help please.,25,declined_card_payment,5839
Why has my new card still not come?,11,card_arrival,10
My card is almost going to expire.,9,card_about_to_expire,9618
What does it mean if it says my card payment has been cancelled?,53,reverted_card_payment?,6796
Can someone help me unblock my pin?,49,pin_blocked,1676
Why did you charge a fee when I withdrew from an ATM?,19,cash_withdrawal_charge,9502
Can I get a Visa or does it have to be something else.,73,visa_or_mastercard,4173
It appears my top-ups have been canceled.,61,top_up_reverted,3286
I have double-checked all of my recipient details but for some reason all of my transfers keep getting declined. I have no clue as to why.,27,declined_transfer,5659
My cash withdrawal isnt showing on my account,46,pending_cash_withdrawal,782
The app is saying I made a withdrawl but I didn't.,20,cash_withdrawal_not_recognised,8828
Why was the payment on my card declined?,25,declined_card_payment,5952
Explain the activation method for this card,0,activate_my_card,9262
I have a card payment that has been pending for some time and would like to know when it is going to go through.,45,pending_card_payment,5165
Where do I get a virtual card?,40,getting_virtual_card,3021
"I put money into my account in the form of a cheque, but my balance did not change.",6,balance_not_updated_after_cheque_or_cash_deposit,3407
"If you are waiting for verification, it can take 10 minutes to 60 minutes to get results.You will hear from us once we have it.  Please make sure your images are clear and photos of documents are readable. you have to be at least 18 years old and live withing the Economic Area of Europe or in Switzerland in order to open an account.",68,unable_to_verify_identity,3932
I want to add money automatically when I travel.,4,automatic_top_up,1200
"My account says there are pending funds right now from withdrawing from an ATM, but my card was declined and I never took out any money. When will that money be deposited back into my account?",46,pending_cash_withdrawal,794
"Hello,  I have recharged topup but account is not credited. Please help me in this, i guess there is some defect in system.",61,top_up_reverted,3296
I requested a refund but can't see it.,51,Refund_not_showing_up,5774
"I want to use my card, how would I activate it?",0,activate_my_card,9323
Is verifying my identify important?,74,why_verify_identity,3886
"I deposited cash into my account, why do I not see it?",6,balance_not_updated_after_cheque_or_cash_deposit,3419
Do I have to pick a creditcard brand?,73,visa_or_mastercard,4146
I would like to know if you use Visa or Mastercard.,73,visa_or_mastercard,4230
I want to use my account before identity verification,74,why_verify_identity,3814
Do I get charged if I get money?,56,top_up_by_bank_transfer_charge,1857
I can't see the transfer that I put in.,5,balance_not_updated_after_bank_transfer,8779
"I purchased something abroad, and the exchange rate that was applied was wrong.",17,card_payment_wrong_exchange_rate,446
Which countries are you available in?,24,country_support,9874
My latest transfer seems to be missing.,5,balance_not_updated_after_bank_transfer,8645
It has been forever ago that I made an order online. The product simply is not coming. Just give me back my money because I'm not paying these people.,52,request_refund,5466
"Hi, Today i have withdrawn cash from ATM but i got wrong amount and in the app it is showing much more amount than that.",75,wrong_amount_of_cash_received,2487
"I have the cash already, my account still shows up as pending.  How can my account be still pending?",46,pending_cash_withdrawal,739
I am unable to get cash from the ATM,26,declined_cash_withdrawal,5081
Will this card work all over the world?,10,card_acceptance,3106
At what cash machines can I change my PIN?,21,change_pin,6957
"I put my check in the bank, but I haven't gotten my cash yet?",6,balance_not_updated_after_cheque_or_cash_deposit,3423
How do I get refills to my card when I'm traveling?,4,automatic_top_up,1173
How long does a European transfer take?,67,transfer_timing,6607
Do you have a tracking number for the card I was sent?,11,card_arrival,115
I got an cancellation error when I was topping up.,61,top_up_reverted,3242
What do I do to close my account?,55,terminate_account,6201
The atm wouldn't give out cash,26,declined_cash_withdrawal,5032
What does it mean to have a pending cash withdrawal?,46,pending_cash_withdrawal,792
The amount of cash i have received is not correct.,75,wrong_amount_of_cash_received,2485
The exchange rate applied is wrong for my international purchase.,17,card_payment_wrong_exchange_rate,479
Are there any reasons that my identity wouldn't be accepted even though everything I've provided is factual?,68,unable_to_verify_identity,3894
Somebody stole my wallet and is using my card! Can you do something so they can't keep taking my money?,20,cash_withdrawal_not_recognised,8809
Are there any ATM's near me that accept this card?,3,atm_support,4609
What should I do if I can't use my card?,14,card_not_working,1305
I transferred some money but it is not here yet,66,transfer_not_received_by_recipient,2762
My client was converting their Russian ruble into UK pound currency when they noticed their bill was much too high for the exchange. What happened?,17,card_payment_wrong_exchange_rate,487
Can i get money back in my home currency at  ATM? As I am on holiday and bit concerned because i do not have any cash with me . Is it possible to withdraw without any additional cost.,76,wrong_exchange_rate_for_cash_withdrawal,8260
How long is a delivery to the US?,12,card_delivery_estimate,1037
"I am worried about the amount of my cheque, which should be credited to my account few days before. As i have already sent you the cheque.",6,balance_not_updated_after_cheque_or_cash_deposit,3349
Why has my top-up been reverted?,61,top_up_reverted,3178
What do I have to do to prove my identity?,68,unable_to_verify_identity,3941
Where is the tracking number for the card?,11,card_arrival,136
Why am I charged to get money from the ATM?,19,cash_withdrawal_charge,9343
Why would my card payment be cancelled?,53,reverted_card_payment?,6753
Hi i received an error message informing me about the transaction failure. I have done the money transfer before and it never failed. Please let me know what is the issue this time.,7,beneficiary_not_allowed,7148
How do I find out my source of funds?,70,verify_source_of_funds,6575
i want to get a card but i live in the US,24,country_support,9969
Can I exchange currency to Europe?,36,fiat_currency_support,962
How do your exchange rates factor in?,32,exchange_rate,364
I did a transfer and was charged a fee that I shouldn't have been!,64,transfer_fee_charged,7199
The ATM cancelled a transaction on me when I was trying to get some cash out.,26,declined_cash_withdrawal,5037
Can you tell me where to find my top-up verification code?,71,verify_top_up,7761
The ATM keeps rejecting my Payment. I tried two different ATMs but did not work .Can you please check if everything is okay with my account?,26,declined_cash_withdrawal,4994
A payment that I didn't make appears in my app.,16,card_payment_not_recognised,3648
Can I track the card you sent to me?,11,card_arrival,63
how come when i got cash the exchange rate was different than it should be,76,wrong_exchange_rate_for_cash_withdrawal,8291
Will I get a Visa card or Mastercard?,73,visa_or_mastercard,4203
Please tell me how to get a refund for something I bought.,52,request_refund,5373
Will I be charged for adding money by transfer?,56,top_up_by_bank_transfer_charge,1881
I purchased something overseas and the incorrect exchange rate was applied.,17,card_payment_wrong_exchange_rate,429
I have foreign currency i would like to change how much will it cost me?,31,exchange_charge,9016
I have been double charged,63,transaction_charged_twice,6330
I withdrew cash and I think the exchange rate is wrong.,76,wrong_exchange_rate_for_cash_withdrawal,8345
A card payment on my account is shown as pending.,45,pending_card_payment,5128
I am travelling and I was wondering what your exchange rates are,32,exchange_rate,391
Can you tell me if I can track the card you sent me?,11,card_arrival,139
Is there a reason my top-up has not gone through?,47,pending_top_up,2055
My credit card was declined for top-up. Can you see if there is enough funds in my account?,59,top_up_failed,8479
I was charged extra. Was the exchange rate for my payment last Saturday wrong?,17,card_payment_wrong_exchange_rate,564
Is it possible for me to top up with cash?,58,top_up_by_cash_or_cheque,7993
Why is it important to verify my identity?,74,why_verify_identity,3884
I think my top up was reversed.,61,top_up_reverted,3222
You applied the wrong exchange rate while I was traveling outside the country.,76,wrong_exchange_rate_for_cash_withdrawal,8368
Where do my fund come from?,70,verify_source_of_funds,6565
Where can i find my top-up verification code?,71,verify_top_up,7742
I have forgotten my passcode,44,passcode_forgotten,4886
Where is a ATM that accepts Mastercard?,3,atm_support,4592
I have a canceled top-up and wanted to know about it.,61,top_up_reverted,3253
Please check to see if the band transfer I made a while ago from my UK account has safely arrived.,5,balance_not_updated_after_bank_transfer,8681
The ATM ate my card; how do I get a new one?,18,card_swallowed,6299
What are my bank details so I can do a transfer?,65,transfer_into_account,7604
"I used my card to make a payment a while ago and its still pending, Why is it taking so long?",45,pending_card_payment,5245
Which cards are accepted for topping up?,54,supported_cards_and_currencies,2958
I think there has been a mistake with my transfer,27,declined_transfer,5658
My statement contained a one pound extra fee,34,extra_charge_on_statement,597
I need to transfer to my account and cant.,7,beneficiary_not_allowed,7033
Can I change my card PIN?,21,change_pin,6994
"stolen phone, what should i do",42,lost_or_stolen_phone,5279
Why is there a charge for $1 on my account?,34,extra_charge_on_statement,629
My card payment has been stuck on pending. What is the problem? It should have gone through by now.,45,pending_card_payment,5161
I want to op up my account by using bank transfer. How do I go about it?,65,transfer_into_account,7573
My top-up was reverted by the app.,61,top_up_reverted,3230
"I need your help to get a refund for an item I just bought, can you cancel the payment since what I bought hasn't arrived yet.",52,request_refund,5438
Why are my transfers getting declined?  I havent had a problem in the past.,27,declined_transfer,5660
How can I activate the new card i got?,0,activate_my_card,9245
I'd like to use my American Express to place money into my account.,54,supported_cards_and_currencies,2928
I don't want to verify my identity,74,why_verify_identity,3863
What forms of payment do you accept?,54,supported_cards_and_currencies,2945
Do the disposable cards have restrictions?,29,disposable_card_limits,4434
My transfer has not arrived.,66,transfer_not_received_by_recipient,2770
"I am wanting to refill my card, is there a charge?",57,top_up_by_card_charge,9082
what is a virtual and how do i get one,40,getting_virtual_card,3089
How do I top up my account using transfer?,65,transfer_into_account,7624
"I want to do a bank transfer to this bank, from an account at another bank.",65,transfer_into_account,7603
How do I see my source of funds?,70,verify_source_of_funds,6563
"help, I see money missing I didn't take out.",20,cash_withdrawal_not_recognised,8795
"My card payment is just showing up as pending and it has been a while , what's going on with that, it should be going through at some point?",45,pending_card_payment,5249
It seems that the rate I got is incorrect.,17,card_payment_wrong_exchange_rate,483
I entered in the wrong PIN.  Please help me unlock my account.,49,pin_blocked,1707
"My ID verification hasn't gone through yet, but can I use my account anyway?",74,why_verify_identity,3812
I need to make multiple disposable cards in a day.,29,disposable_card_limits,4392
"How do I get money from an ATM using my card? I can't seem to get it to work? I used the pin I had, but maybe it's wrong? What do I need to do to fix this?",26,declined_cash_withdrawal,5008
"My withdrawal is pending, why?",46,pending_cash_withdrawal,852
"I thought I lost my card but I found it today, so I would like to reactivate it.",13,card_linking,267
What form of identification is accepted?,69,verify_my_identity,9871
I made a cash deposit to my account but i don't see it,6,balance_not_updated_after_cheque_or_cash_deposit,3459
I can't find the money I just added to my account.,47,pending_top_up,1963
I got cash and was charged a fee that shouldn't be there!,19,cash_withdrawal_charge,9410
I just found a payment from a while back in my account that I didn't make.  Can I still dispute it even though it was a couple of months ago?,28,direct_debit_payment_not_recognised,4796
I tried to pull cash from an ATM but it wouldn't let me.,26,declined_cash_withdrawal,5005
I hope you can help me. My account has been compromised from a different town that I haven't been to. Can you please place a hold on my account until I can make it to the bank?,20,cash_withdrawal_not_recognised,8864
Why didn't I get the amount I requested at the ATM?,75,wrong_amount_of_cash_received,2432
I just got my card.  It's not linked yet--how do I do that?,13,card_linking,156
What happened to my Top-Up? It's not reflected.,47,pending_top_up,1971
My statement does not reflect that a refund has been issued,51,Refund_not_showing_up,5794
Can you explain the transfer fee that I was charged?,64,transfer_fee_charged,7287
Will there be a fee to receive a physical card?,43,order_physical_card,8160
"I bought a product a week ago, but may need to return it.",52,request_refund,5459
In which stores can I shop with this card?,10,card_acceptance,3097
I notice there's a pending payment on my card.,45,pending_card_payment,5121
Am I charged a fee to transfer funds?,64,transfer_fee_charged,7251
I transferred some money to a friend of mine who urgently needs some money right now. How long will it take to get to her?,66,transfer_not_received_by_recipient,2842
need to verify source of funds,70,verify_source_of_funds,6539
I tried to make a transfer but it failed. will you tell me why?,35,failed_transfer,7445
How do I use cash to top up my account?,58,top_up_by_cash_or_cheque,8012
"Hello, I went ahead and checked my account details to be sure, and they are definitely correct.  I've had a transfer pending for a while, and I can't understand why it hasn't gone through yet.",48,pending_transfer,6108
Why did I not get my refund yet?,51,Refund_not_showing_up,5809
Where do I go to add a new card?,13,card_linking,183
what is this extra charge with my purchase?,15,card_payment_fee_charged,2682
Is there a charge for sending out more cards?,39,getting_spare_card,7813
what can I do if I got my American Express in Apple Bay but top up is not working?,2,apple_pay_or_google_pay,9701
Why am I being charged again?,63,transaction_charged_twice,6387
Could I open an account for children?,1,age_limit,1579
How can I find an ATM that accepts this card?,3,atm_support,4582
"After inputting the wrong pin too many times, can you now help me unblock my pin?",49,pin_blocked,1674
what is the status of my refund,51,Refund_not_showing_up,5780
How much for an actual card?,43,order_physical_card,8113
"I'm not sure what is going on here. I've received payment back into my account  for an item I've already received, from about 2 weeks ago.",53,reverted_card_payment?,6860
When do i activate auto top-up?,4,automatic_top_up,1123
I would like my refund for this item I bought.,52,request_refund,5527
Is there a charge for exchanging foreign currency?,31,exchange_charge,9017
"I transferred money to a receiver within the EU and they received a lesser amount than expected.  Now I will have to send additional money to the receiver in order to make up the difference.  I'm not sure what went wrong, can you please advise?",64,transfer_fee_charged,7306
"My PIN has been blocked, what should I do?",49,pin_blocked,1768
I couldnt get cash in an ATM,26,declined_cash_withdrawal,4933
My payment was declined,25,declined_card_payment,5951
Is auto top up a provided service?,4,automatic_top_up,1177
How do I reactivate my card?,13,card_linking,265
I was just going over my transactions for the past couple of months and noticed a large type charge that I know I did not make. Even though it's been a while can I please still dispute this?,28,direct_debit_payment_not_recognised,4660
I think I lost my phone.  Is there a way to prevent anyone from getting into my account on it?,42,lost_or_stolen_phone,5255
Why do I need to verify a top-up?,71,verify_top_up,7766
I have made a card payment but it did not completed still showing as pending. Please tell me when it will be completed.,45,pending_card_payment,5185
How do you decide what the exchange rates are?,32,exchange_rate,323
How do you come up with your exchange rate,32,exchange_rate,370
Where do we mail the card?,43,order_physical_card,8128
I would like to transfer money from my checking account to my savings account.,65,transfer_into_account,7614
Is it possible to top-up automatically?,4,automatic_top_up,1242
what cards and currencies are accepted?,54,supported_cards_and_currencies,2879
How long will a transaction to a friend take?,66,transfer_not_received_by_recipient,2860
What is the process for activating my card and using it?,0,activate_my_card,9291
"I have moved to a new house and set up a rent payment to my landlord, it was supposed to be in her account a few days ago but it hasn't arrived.  I definitely sent it to the right place, can you confirm where the money is?",66,transfer_not_received_by_recipient,2736
Why do you need me to do an identity check?,74,why_verify_identity,3842
Are there certain cards and currencies you support?,54,supported_cards_and_currencies,2916
"I am traveling, what can I do to set up auto top-up?",4,automatic_top_up,1185
I transferred money from one account to another account and I charged a fee for it. Why is that?,64,transfer_fee_charged,7170
"I'm waiting for a money transfer to show, still.",48,pending_transfer,6084
Is there a reason why a recipient might not see my money transaction,66,transfer_not_received_by_recipient,2712
Will you charge me for topping up with a European card?,57,top_up_by_card_charge,9115
I can't get any money from my account.,26,declined_cash_withdrawal,5056
Why isn't my refund on my statement?,51,Refund_not_showing_up,5795
The amount of cash I received did not match the amount I requested,75,wrong_amount_of_cash_received,2353
During the last month I used this account to make payments for my place abroad. I noticed the fees have increased and I wonder why. Shouldn't frequent users have less fees as incentive to keep using instead of increasing them out of nowhere?,64,transfer_fee_charged,7172
I was charged twice.,63,transaction_charged_twice,6375
I entered my pin wrong  too many times.,49,pin_blocked,1745
What should I do if my phone is lost or stolen?,42,lost_or_stolen_phone,5325
My salary comes in GBP can I change my options somewhere?,50,receiving_money,7399
Are there any charges for topping up my card?,57,top_up_by_card_charge,9131
I can't access my account.,44,passcode_forgotten,4888
Was I charged extra for using my card?,15,card_payment_fee_charged,2625
Is there any amount in which I would get cut off from topping up?,60,top_up_limits,2325
What is this extra fee on my statement.,34,extra_charge_on_statement,687
"I found my card, how can I use it again?",13,card_linking,280
what are the locations i can withdraw money,3,atm_support,4611
I got charged in double and want a refund,63,transaction_charged_twice,6435
Can you please assist me in completing a transfer? I'm trying and I keep getting an error. I'm trying to purchase a flat and pay the initial mortgage payment. All I keep getting is an error. Can you find out what's happening here?,35,failed_transfer,7484
Why  am I being told this  transfer will not  go thru,7,beneficiary_not_allowed,7136
I seem to have lost my card.,41,lost_or_stolen_card,1526
Please tell me why I was charged additionally when I used the card.,15,card_payment_fee_charged,2556
How do you top-up using cash?,58,top_up_by_cash_or_cheque,8034
I just checked my account on the App and there is a payment on there that I did not make.,16,card_payment_not_recognised,3597
Why has my beneficiary been denied?,7,beneficiary_not_allowed,7032
Can I withdraw money in my hometown currency while on holiday without any additional fees?,76,wrong_exchange_rate_for_cash_withdrawal,8283
Why do the top-ups need to be verified?,71,verify_top_up,7692
where is my new card?,11,card_arrival,24
The amount of money I pushed at the atm machine did not come out of the machine.,75,wrong_amount_of_cash_received,2507
"i need help, i lost my card",41,lost_or_stolen_card,1507
Why do I get a fee every time I transfer?,64,transfer_fee_charged,7322
The exchange rate was incorrect for this item I bought.,17,card_payment_wrong_exchange_rate,428
How long will my ATM withdrawal be pending?,46,pending_cash_withdrawal,843
"If I am in China, can I still order a new card and if so, how?",9,card_about_to_expire,9531
"Which card would I get, Visa or Mastercard?",73,visa_or_mastercard,4186
I'm not able to activate my card how do I fix this problem?,0,activate_my_card,9243
"If I exchange currencies on a regular basis, is there a discount?",31,exchange_charge,8982
I received my salary in the wrong currency. How do I change this?,50,receiving_money,7359
Do I have a limit to the number of top-ups per day?,60,top_up_limits,2240
How much is it to buy another card? I was hoping to buy another one.,39,getting_spare_card,7860
I think the bank made a mistake on the exchange rates,76,wrong_exchange_rate_for_cash_withdrawal,8257
What is this extra €1 fee about?,34,extra_charge_on_statement,646
Can you convert to EUR?,36,fiat_currency_support,896
I want to link my new card. Can you help?,13,card_linking,213
A transfer is pending.,48,pending_transfer,6050
How can I stop someone from using my card after I lost it yesterday.,42,lost_or_stolen_phone,5363
use my credit to add money,54,supported_cards_and_currencies,2881
Can you please explain how bank transfers work?,65,transfer_into_account,7673
I have a question regarding the PIN of the card?,38,get_physical_card,4073
I do not know where the transaction is.,66,transfer_not_received_by_recipient,2706
I need some help now please! There are some transactions on my account that I do not remember purchasing. Can they be reversed? Can you please cancel or freeze my card so I don't keep getting charged?!,16,card_payment_not_recognised,3501
Can I order a new card with the app?,9,card_about_to_expire,9588
Why can't a beneficiary receive a money transfer from me?,7,beneficiary_not_allowed,7047
What does a transfer cost?,56,top_up_by_bank_transfer_charge,1878
How long will my top-up be pending?,47,pending_top_up,1993
"I don't understand what a disposable virtual card is, can you help?",37,get_disposable_virtual_card,8446
can I have multiple currencies?,36,fiat_currency_support,972
How can I find the source for my available funds and money?,70,verify_source_of_funds,6541
What is my identification used for?,74,why_verify_identity,3867
I must make a transfer from China and it is urgent. How long before the transfer is complete?,67,transfer_timing,6681
Will I receive a new card when mine expires?,9,card_about_to_expire,9528
I left my phone at the hotel I was staying at so I can't use the app!,42,lost_or_stolen_phone,5300
How can I transfer money to this account from another bank?,65,transfer_into_account,7668
Why did I have to pay an additional amount when using my card to pay?,15,card_payment_fee_charged,2610
Why won't my transfer to another account work?,7,beneficiary_not_allowed,7048
How long do transfers typically take? Is there a way of speeding the process up? My friend needs the money I sent her desperately.,66,transfer_not_received_by_recipient,2738
Someone else accessed my account and made a payment.,16,card_payment_not_recognised,3625
Is there any limits I should know about if I'm going to use a disposable virtual card?,29,disposable_card_limits,4377
i need to expedite my card,12,card_delivery_estimate,1012
What fiat currencies are supported?,36,fiat_currency_support,984
"I got cash from an ATM earlier but it shows up as pending in the app. How can this still be pending, I already received the cash?",46,pending_cash_withdrawal,789
What are the age requirements for service?,1,age_limit,1599
Which countries are represented?,24,country_support,10002
i dont recognize a charge on my card,16,card_payment_not_recognised,3646
How can I exchange currencies with this app?,33,exchange_via_app,1432
What's taking so long for this payment to go through?,45,pending_card_payment,5135
How do I top-up my card with a cheque?,58,top_up_by_cash_or_cheque,8013
I transferred some money but it hasn't arrived.,66,transfer_not_received_by_recipient,2802
What is this fee for transferring money?,64,transfer_fee_charged,7266
"On my last trip, I received the incorrect exchange rate.",76,wrong_exchange_rate_for_cash_withdrawal,8337
Is there a way to get a virtual card?,40,getting_virtual_card,3072
why have i not got my new card?,11,card_arrival,132
Could you help my figure out the exchange fee?,31,exchange_charge,8965
There is a payment made with my card that I don't recognize at all.,16,card_payment_not_recognised,3567
My card will not work,14,card_not_working,1261
I need more physical cards.,39,getting_spare_card,7872
What is the maximum top up?,60,top_up_limits,2276
My card isn't here yet.,11,card_arrival,23
I received a transfer in GBP how do I change it to a different currency?,50,receiving_money,7340
When I add money to my international card do you charge a fee to do so?,57,top_up_by_card_charge,9101
Looks like my top-up has been cancelled,59,top_up_failed,8597
What do I do now my credit card has been swallowed by the ATM?,18,card_swallowed,6246
Why was I charged an extra pound?,34,extra_charge_on_statement,656
Why is there a payment showing twice?,63,transaction_charged_twice,6475
How can I get my money back for a payment i didnt make,28,direct_debit_payment_not_recognised,4665
Can I transfer money to my card via bank-transfer?,65,transfer_into_account,7619
"I want to get a new card before my current one expires, how much will it cost me and how long will it take to get here.",9,card_about_to_expire,9598
I made a payment and it is showing up twice,63,transaction_charged_twice,6368
How long does it take for money to transfer?,5,balance_not_updated_after_bank_transfer,8732
I can't seem to get my virtual card to work.,72,virtual_card_not_working,8180
What do I do if my card is not working?,14,card_not_working,1354
There is a duplicate payment on my card. Why?,63,transaction_charged_twice,6424
Can you find out why my credit card didn't process payment? It was declined for top up so what's the deal?,59,top_up_failed,8508
How can I delete my account?,55,terminate_account,6185
"I blocked my card by mistake, how do I unblock it?",49,pin_blocked,1734
I made a payment that seems to be stuck. It's been a couple of days already. Can you tell me how long it will take?,45,pending_card_payment,5223
Will I be charged for receiving money?,56,top_up_by_bank_transfer_charge,1842
How can I request cash back? The ATM just gave me the wrong amount that I've been charged though...,75,wrong_amount_of_cash_received,2356
How can I get another card?,39,getting_spare_card,7827
Account topping up bank transfers to my account assistance please?,65,transfer_into_account,7625
"Hello, I noticed there is a payment from my card to a business that I am not familiar with. I definitely did not make this payment.",16,card_payment_not_recognised,3591
Tell me what I need to do to activate my card.,0,activate_my_card,9254
What sort of restrictions are there for the disposable cards?,29,disposable_card_limits,4358
Is there a limit on how much I can top up?,60,top_up_limits,2252
What is the cost for physical cards?,43,order_physical_card,8130
"I'm expecting a large refund from a store I returned merchandise to recently.  They say they have sent the money but I don't see it in my account, can you help.",51,Refund_not_showing_up,5744
Can I activate my card with the app?,0,activate_my_card,9221
The ATM I used for foreign currency provided the wrong exchange rate.,76,wrong_exchange_rate_for_cash_withdrawal,8305
Under what condition will my payment revert?,53,reverted_card_payment?,6763
How long does it take for a top up to be approved?,47,pending_top_up,2046
"With my new card, how may I activate it?",0,activate_my_card,9301
Are top-ups unlimited?,60,top_up_limits,2235
After transfering some money my balance hasn't changed.,5,balance_not_updated_after_bank_transfer,8696
How can I cancel my transfer?,8,cancel_transfer,2143
where can I find the auto-top up option?,4,automatic_top_up,1230
I cancelled my card payment,53,reverted_card_payment?,6778
Why is there extra cash in my account?,20,cash_withdrawal_not_recognised,8816
What systems do you have in place for my security when using my card for everyday purchases?,37,get_disposable_virtual_card,8376
"If I were to use a European bank card for a top up, will I incur a charge?",57,top_up_by_card_charge,9167
I am not able to make a purchase because there is an issue with my card,53,reverted_card_payment?,6852
Why did my exchange rate change?,76,wrong_exchange_rate_for_cash_withdrawal,8216
I tried to buy something online yesterday but it kept saying declined. Tried again today but same thing happened. What's wrong?,27,declined_transfer,5642
I'm interested in learning more about disposable virtual cards.,37,get_disposable_virtual_card,8460
I think my phone was stolen. What can I do?,42,lost_or_stolen_phone,5293
Help me figure out how to link the new card.,13,card_linking,194
What amount can I top-up?,60,top_up_limits,2312
My app shows a money withdrawal that I did not do.,20,cash_withdrawal_not_recognised,8857
Can I top up any amount?,60,top_up_limits,2309
Rates were applied wrong while using foreign currency at an ATM.,76,wrong_exchange_rate_for_cash_withdrawal,8348
I could not access my money at the ATM,26,declined_cash_withdrawal,4921
Give me a refund now!! I am still waiting.,51,Refund_not_showing_up,5720
I haven't used my card all day but there is a payment showing in the app. Please cancel it!,28,direct_debit_payment_not_recognised,4811
Is it acceptable to use either Visa or Mastercard?,73,visa_or_mastercard,4231
I received an extra charge for using the card. Why?,15,card_payment_fee_charged,2544
Unknowingly to me the payment sent to seller has been redeposied back in my account. I do not know why it would take out the payment and then put it back in my account. Can you resolve this as soon as possible?,53,reverted_card_payment?,6810
Did you revert my top up?,61,top_up_reverted,3183
What is taking so long with my refund?,51,Refund_not_showing_up,5749
My automatic top-up was unsuccessful,61,top_up_reverted,3263
why hasn't my virtual card arrived?,40,getting_virtual_card,3074
Why is a transfer I have still pending?,48,pending_transfer,5996
I keep checking my statements but no progress.I requested a refund but seems it's not reaching my account for some reason. Can you please help me get the money back from the seller for me,51,Refund_not_showing_up,5792
My card payment doesn't work.,25,declined_card_payment,5943
"There is a fee for a transfer, please explain that to me.",64,transfer_fee_charged,7162
There is a charge for an additional pound.,34,extra_charge_on_statement,697
"I was supposed to receive my new card by now, but it hasn't came in.",11,card_arrival,143
I made a cash withdraw and it shows up as pending why is that?,46,pending_cash_withdrawal,866
How do I reset my password?,44,passcode_forgotten,4897
Is there a reason my payments are pending?,45,pending_card_payment,5116
I want to revert this mornings transaction.,8,cancel_transfer,2211
Why is my last transfer pending?,48,pending_transfer,6103
"My phone was stolen, help!",42,lost_or_stolen_phone,5287
"I want to transfer money to a beneficiary, but I couldn't.",7,beneficiary_not_allowed,7078
Why didn't my friend's transaction arrive yet?,66,transfer_not_received_by_recipient,2760
I can't use the app because I got mugged yesterday and they took everything. I need some help.,42,lost_or_stolen_phone,5324
I thought I would have received my new card at this point.,11,card_arrival,124
Where is my PIN?,38,get_physical_card,4054
"I just transferred my friend money, but she hasn't received it yet, and it's been a few hours. Can you tell me when to expect it to go through?",66,transfer_not_received_by_recipient,2851
Can I use the apple watch to make a top-up?,2,apple_pay_or_google_pay,9672
"I would like to top up via credit card, which credit cards do you support?",54,supported_cards_and_currencies,2974
Why am I being charged more on exchange with things I bought abroad?,17,card_payment_wrong_exchange_rate,567
What currences are available for exchange?,33,exchange_via_app,1418
"I made a payment a while ago and it is still showing as ""pending"" in the account. How long will this payment take to complete?",45,pending_card_payment,5166
Why didn't my transfer to a beneficiary go through?,7,beneficiary_not_allowed,7030
How can I update my personal information after moving?,30,edit_personal_details,3744
How can I make my card show up in the app?,13,card_linking,172
Is there a charge for exchanging foreign currencies?,31,exchange_charge,9001
Where do I order a disposable virtual card?,37,get_disposable_virtual_card,8428
What are your supported countries?,24,country_support,9970
Why has my payment not transferred?,35,failed_transfer,7536
I would like to exchange currency  What types are there?,33,exchange_via_app,1453
Is there an issue with my account?  I don't see a cheque deposit that I made yesterday.  Please assist.,6,balance_not_updated_after_cheque_or_cash_deposit,3414
I deposited cash but it isn't showing up in my account,6,balance_not_updated_after_cheque_or_cash_deposit,3304
"Bank transfer to account did not show up, please help?",5,balance_not_updated_after_bank_transfer,8731
How do I get a new card sent to China?,9,card_about_to_expire,9538
What is taking so long on my transfer from the US?,67,transfer_timing,6717
I ordered my card but it still isn't here,11,card_arrival,9
I bought something and already paid for it but now I don't see it.,53,reverted_card_payment?,6737
My money I added isn't on my card.,59,top_up_failed,8477
How come there is a duplicate charge on my card?,63,transaction_charged_twice,6441
I was charged a fee for a transfer.,64,transfer_fee_charged,7238
I have a cash withdrawal on my statement that I am unsure of.,20,cash_withdrawal_not_recognised,8805
How do I link one of your card that I already have?,13,card_linking,168
I lost my phone.  What do I do to block someone else from using my account?,42,lost_or_stolen_phone,5370
I need to check status as my friend hasn't got money I sent.,66,transfer_not_received_by_recipient,2737
Is there anywhere  In the  Eu  this card can not be delivered in,24,country_support,9963
How do I activate my card so I can start using it?,0,activate_my_card,9261
I wanna revert a transaction i did this morning.,8,cancel_transfer,2119
My wallet got stolen a couple hours ago and now I've seen there already is a withdrawal. Help this is absolutely urgent I don't want to loose more money,20,cash_withdrawal_not_recognised,8898
I left my card at a restaurant and now its missing.,41,lost_or_stolen_card,1551
show me how to transfer to my account,65,transfer_into_account,7657
My card did not work at store.,25,declined_card_payment,5918
I have been travelling overseas and I need to change my PIN. Can you tell me how this is done?,21,change_pin,6921
"Apple watch top up help, please?",2,apple_pay_or_google_pay,9665
I think there's a purchase at a store that I didn't go to.,16,card_payment_not_recognised,3587
The item i bought exchanged rate was incorrect.,17,card_payment_wrong_exchange_rate,431
Why is the exchange rate so high? This should have been a much higher amount of cash for that to apply.,76,wrong_exchange_rate_for_cash_withdrawal,8266
Why are you asking so many questions about who I am,74,why_verify_identity,3784
Do you have a list of businesses that accept this card?,10,card_acceptance,3102
How can I verify my top-up card?,71,verify_top_up,7684
I want to inactivate my account.,55,terminate_account,6206
I have heard about these disposable virtual cards but don't understand how they work.,37,get_disposable_virtual_card,8466
What is the maximum transactions I can use on a disposable card?,29,disposable_card_limits,4395
"My card was declined and I did not receive money from the ATM earlier, yet it show on my account that it is pending.",46,pending_cash_withdrawal,874
Can I choose when my card is delivered?,12,card_delivery_estimate,1019
Do you have charges now when you pay with a card?,15,card_payment_fee_charged,2691
I need some help figuring out what this strange payment is on my account. It's stays pending and won't go away.,34,extra_charge_on_statement,664
Should my cash withdrawal still be pending?,46,pending_cash_withdrawal,754
I still want to use my account but haven't verified is that OK?,74,why_verify_identity,3823
"I'm not sure what to do about the PIN, because I don't have one yet.",38,get_physical_card,3994
Can I verify my identity?,69,verify_my_identity,9839
how come my withdrawal rate is wrong for my cash withdrawal,76,wrong_exchange_rate_for_cash_withdrawal,8300
Please help.  There is a payment in the app that isn't mine.,16,card_payment_not_recognised,3526
Can I use American Express?,54,supported_cards_and_currencies,2904
Why is my transaction taking so long to complete?,66,transfer_not_received_by_recipient,2803
My top-up is taking a while to process!,47,pending_top_up,1950
What time will a transfer from the US take?,67,transfer_timing,6596
I can't see my cash deposit in my account.,6,balance_not_updated_after_cheque_or_cash_deposit,3321
Why has my card payment been reversed?,53,reverted_card_payment?,6727
I need to terminate my account.,55,terminate_account,6193
How come the money from the merchant appeared back into my account?,53,reverted_card_payment?,6730
What is the age limit for an account?,1,age_limit,1582
There is a transaction showing up several times.,63,transaction_charged_twice,6345
How can I Use thereto-top option?,4,automatic_top_up,1161
Shopping on line I was declined when trying to buy something.,27,declined_transfer,5591
Who is giving me my money?,70,verify_source_of_funds,6508
"If I want to send out more cards, do you charge extra for that?",39,getting_spare_card,7881
My transaction is showing several times.,63,transaction_charged_twice,6456
What do you do to transfer money to my account?,65,transfer_into_account,7590
Someone stole my wallet with my card in it while vacationing in Spain. I really need my card blocked and a new one ordered.,41,lost_or_stolen_card,1520
"I asked for a certain amount of money from the ATM, but it gave me a different amount. Less than what I asked for.",75,wrong_amount_of_cash_received,2430
"After my checque or cash deposit, my balance didn't update.",6,balance_not_updated_after_cheque_or_cash_deposit,3477
Could I get a MasterCard and Visa from you?,73,visa_or_mastercard,4187
Can I order a card?,43,order_physical_card,8107
What does pending mean on a cash withdrawal?,46,pending_cash_withdrawal,783
cash and check deposit has not gone thru,6,balance_not_updated_after_cheque_or_cash_deposit,3311
Can you tell me why my card keeps getting declined every time I try to use it?,25,declined_card_payment,5854
There is a card payment that I'm not recognizing.,16,card_payment_not_recognised,3649
Why was there an additional fee on the payment I just made? I don't usually have additional fees applied to my payments.,15,card_payment_fee_charged,2681
It kept my cash,75,wrong_amount_of_cash_received,2368
Do you have a return policy?,52,request_refund,5487
What am I supposed to do if the funds haven't show up from a transfer completed this morning?,48,pending_transfer,6006
what amount of time does it take for a transfer to reflect and be available,5,balance_not_updated_after_bank_transfer,8742
When will my virtual card arrive?,40,getting_virtual_card,3035
"how many virtual cards can i have, i want 8",40,getting_virtual_card,3043
what is the price of a transfer?,56,top_up_by_bank_transfer_charge,1855
Will I need a new card or can I put my old card back into the app?,13,card_linking,196
The ATM didn't give me enough money.,75,wrong_amount_of_cash_received,2336
I need help as fast as possible! I made a mistake on my most recent transfer; can you please stop it before it goes through?,8,cancel_transfer,2225
"I must quickly transfer something from China, and I need to know how long it will take.",67,transfer_timing,6689
Why is my transfer more expensive than I thought?,64,transfer_fee_charged,7181
Is there a transaction limit for a disposable card?,29,disposable_card_limits,4411
What could possibly be the cause of my failed transfer?,35,failed_transfer,7465
Why would the app show a withdrawal that I did not make?,20,cash_withdrawal_not_recognised,8923
Can you tell me what the cash withdrawal is in my statement?,20,cash_withdrawal_not_recognised,8876
How long does it take to verify a person's identity?,68,unable_to_verify_identity,3964
I tried taking out 30 pounds from the ATM just now and it only gave me 10. Why would it do that? I need the 30 pounds now!,75,wrong_amount_of_cash_received,2371
I need to cancel a transaction.,8,cancel_transfer,2132
How do I activate auto top-up when traveling?,4,automatic_top_up,1207
Why was I charged for withdrawing cash?,19,cash_withdrawal_charge,9379
I want to get a virtual card!,40,getting_virtual_card,3065
"If there isn't much money left over, will it top-up automatically?",4,automatic_top_up,1134
Why is there a fee on my money transfer?,64,transfer_fee_charged,7264
"Hi, I sent a payment to the wrong account number - can you cancel it as soon as possible?",8,cancel_transfer,2082
What currencies are approved to add money?,54,supported_cards_and_currencies,2900
Why did I get less cash than what I asked in the ATM?,75,wrong_amount_of_cash_received,2439
The app failed to verify my id.,68,unable_to_verify_identity,3916
Why hasn't the transfer shown up in my account yet?,67,transfer_timing,6660
Do I need to do anything special for my friend to send money to my account?,50,receiving_money,7418
What are the auto top-up policies?,4,automatic_top_up,1211
"I accidentally chose to exchange GBP, but I need to pick AUD. How can I change it?",33,exchange_via_app,1445
"When I tried to transfer funds to my friend today I was unable to do so, why?",35,failed_transfer,7558
why verify the top up? it doesnt make sense,71,verify_top_up,7730
Why is it taking so long for my money to appear in my account? I have been waiting a week!,6,balance_not_updated_after_cheque_or_cash_deposit,3462
What is the verification process used for?,71,verify_top_up,7740
My payment has been declined several times.  Can you help me?,25,declined_card_payment,5947
What's the web address to unblock my pin?,49,pin_blocked,1687
"extra fees on a cash withdrawal, not cool.",19,cash_withdrawal_charge,9460
How can I verify my identity?,69,verify_my_identity,9790
How can I get a virtual card for a one-time transaction?,37,get_disposable_virtual_card,8444
I recently made a transfer but I need to cancel it as soon as possible.  Please let me know when this happens.,8,cancel_transfer,2200
Does the fee for exchange change?,17,card_payment_wrong_exchange_rate,472
Are physical card available?,43,order_physical_card,8074
How long will it take to get to the US?,12,card_delivery_estimate,1063
Why do I have to give you my drivers license,74,why_verify_identity,3849
What's going on with my card? I've tried multiple times and it never goes through.,14,card_not_working,1352
Will I get charged fees when I add money with an international card?,57,top_up_by_card_charge,9130
How much does it cost to do a transfer?,56,top_up_by_bank_transfer_charge,1918
What is wrong with the exchange rate? This should have been a much higher amount of cash for that to apply.,76,wrong_exchange_rate_for_cash_withdrawal,8328
Can top ups be done from an apple watch.,2,apple_pay_or_google_pay,9752
Do I have to pay extra if I use an international card to top up my account?,57,top_up_by_card_charge,9075
The balance does not appear to have updated.,5,balance_not_updated_after_bank_transfer,8693
"Can I get a physical card for free, or is there a charge?",43,order_physical_card,8094
What information do I need to see my source of money?,70,verify_source_of_funds,6498
Can I receive payment in another currency?,50,receiving_money,7411
I purchases several items today. Why are they still showing pending?,45,pending_card_payment,5213
My credit card for was not approved for a top-up transaction.  What happened?,59,top_up_failed,8488
"After I deposited my cash, I still don't see it in my account.",6,balance_not_updated_after_cheque_or_cash_deposit,3397
A payment in my account was made by someone I don't know,16,card_payment_not_recognised,3513
My card is not working when I try to use it.,14,card_not_working,1273
how to get virtual card,40,getting_virtual_card,3037
"that fee should not be there, you charged my cash for an unnecessary thing.",19,cash_withdrawal_charge,9500
Why is there a direct debit to my account? I didn't do that.,28,direct_debit_payment_not_recognised,4813
I think that the card is stolen.  What are my next steps?,41,lost_or_stolen_card,1509
Who should I talk to or go to resolve a duplicate charge on my statement?,63,transaction_charged_twice,6470
Which countries do you operate in,24,country_support,9888
I don't see my card anywhere in the app.,13,card_linking,285
Why was I charged extra on my last UK pound to Russian ruble exchange?,17,card_payment_wrong_exchange_rate,503
how do i set up my apple pay watch to connect to my account,2,apple_pay_or_google_pay,9695
What on earth is up with the exchange rate! This should have been a much higher amount of cash,76,wrong_exchange_rate_for_cash_withdrawal,8288
Can you tell me the limit for top ups?,60,top_up_limits,2313
Do I have to use bank approved ATM's,3,atm_support,4565
I have a direct debit that I did not set up,28,direct_debit_payment_not_recognised,4744
I should not have been charged a fee for cash withdrawal.,19,cash_withdrawal_charge,9404
Can you make sure I get a MasterCard and not a Visa?,73,visa_or_mastercard,4223
Can I use my Apple Watch to pay for gas?,2,apple_pay_or_google_pay,9691
What currency is supported for exchanges and holding?,36,fiat_currency_support,954
Can you help me with proving my identity?,68,unable_to_verify_identity,3892
Is there a charge for topping up by card?,57,top_up_by_card_charge,9068
The exchange rate you are using is really bad. This can't possibly be the official interbank exchange rate.,17,card_payment_wrong_exchange_rate,517
My transfer has been declined.,27,declined_transfer,5628
"I just did a transfer, but don't see the money in my account. What's up?",67,transfer_timing,6664
How did you guys get your exchange rate?,32,exchange_rate,384
There is a refund missing.,51,Refund_not_showing_up,5701
can i get a card if i live in the US?,24,country_support,9925
They said I would get a refund but I don't see it on my statement.,51,Refund_not_showing_up,5684
What is the way to go about getting a virtual card?,40,getting_virtual_card,3033
"I tried to withdraw money, but was unable to. Still says that the transaction is pending? Will this money disappear??",46,pending_cash_withdrawal,860
Where is my money transfer?,67,transfer_timing,6615
I'm pretty sure my top up is still pending.,47,pending_top_up,2023
Why can't I see my funds after I topped up?,47,pending_top_up,2021
I have been trying unsuccessfully to top-up my card.  Is the system down or not working properly?,59,top_up_failed,8569
Help me verify my identity.,68,unable_to_verify_identity,3988
Have you sent out my card yet?,11,card_arrival,22
What steps can I take if someone else is using my card?,22,compromised_card,4499
Explain to me why a transfer would be declined.,27,declined_transfer,5555
Why do you need to check my identity?,74,why_verify_identity,3874
How do I sign up for a card if I'm in America?,24,country_support,9932
What do I do if I can't access my passcode?,44,passcode_forgotten,4866
Tell me what I should do after my card expires.,9,card_about_to_expire,9544
The cash I got at the ATM is still in my account.,46,pending_cash_withdrawal,816
I'm at the ATM right now and it only allowed me to withdraw 10 pounds instead of my requested 30. What's going on? How can I fix this?,75,wrong_amount_of_cash_received,2362
Why would the app revert my payment?,53,reverted_card_payment?,6831
Why is your exchange rate different on different days?,32,exchange_rate,330
How do I get unblocked?,49,pin_blocked,1733
"I would like to top up my account with a bank transfer, is that allowed?",65,transfer_into_account,7633
Why has my transfer been declined?,27,declined_transfer,5556
How do I report my card as lost or stolen?,41,lost_or_stolen_card,1548
What should I do if the atm eats my card?,18,card_swallowed,6283
My card payment might have been reverted.,53,reverted_card_payment?,6873
Can I change my PIN if I want to?,21,change_pin,6989
What if I need my salary in another currency?,50,receiving_money,7403
"I bought something online a couple days ago, sent the money immediately online but the seller says it's still not there yet. How long do EU transfers actually take?",48,pending_transfer,6031
I'm not satisfied with the services that you are providing.  I would like to end my services and delete my account.,55,terminate_account,6241
My money transfer has not yet occurred,48,pending_transfer,6025
My account is showing a double charge.,63,transaction_charged_twice,6385
"Hi, would you please activate my card?",0,activate_my_card,9224
What is this fee debit on my account?,34,extra_charge_on_statement,644
What's the deal? Money has just disappeared out of my account. I thought you offered crypto top up and it doesn't seem to working.,61,top_up_reverted,3276
I think I was charged a different exchange rate than what was posted at the time.,76,wrong_exchange_rate_for_cash_withdrawal,8224
I am still waiting to find out the status of my refund. I have made previous attempts to find out what the status is to no avail. Will you please look into this for me?,51,Refund_not_showing_up,5783
Can my children get an account?,1,age_limit,1581
Why is a transfer to a beneficiary not possible?,7,beneficiary_not_allowed,7113
What are the rules for a top-up?,60,top_up_limits,2269
Report stolen card,41,lost_or_stolen_card,1513
Why am I unable to transfer money when I was able to before?,7,beneficiary_not_allowed,7111
I made a cash deposit a few days ago and it's still not reflected in my account. Do you know what might have happened?,6,balance_not_updated_after_cheque_or_cash_deposit,3356
I want to use auto top-up. Is there a limit?,4,automatic_top_up,1205
I wanted to know why i got an additional fee when i use my card.,15,card_payment_fee_charged,2666
"I have made a withdraw from an ATM this last holiday, why is there such a high charge from this transaction?",76,wrong_exchange_rate_for_cash_withdrawal,8219
Why is my purchase showing as pending?,45,pending_card_payment,5112
I could not transfer funds to a beneficiary; is there a problem with your software?,7,beneficiary_not_allowed,7123
"I just looked at my app and it seems I was charged extra, why is that?",34,extra_charge_on_statement,602
Can you tell me what countries you offer support for?,24,country_support,9922
Will you charge an extra fee for top ups?,57,top_up_by_card_charge,9151
How can I check on the delivery status of my card?,11,card_arrival,69
What's the process for topping up by card?,62,topping_up_by_card,4244
Can I put my found card back into the app on my phone?,13,card_linking,256
how do I get top up to work for my card,2,apple_pay_or_google_pay,9693
What does it mean if my cash withdrawal does not show up properly?,46,pending_cash_withdrawal,742
What are the reasons why a card payment would be declined?,25,declined_card_payment,5846
My address needs to be changed.,30,edit_personal_details,3738
tell me how to get a refund for something I bought.,52,request_refund,5473
With one disposable card how many transactions can i do?,29,disposable_card_limits,4376
"I was under the impression that you offer crypto top up; however,  it doesn't appear to be working. The money has now disappeared from my account so I need to know what the deal is?",61,top_up_reverted,3234
An incorrect exchange rate was applied to an item I bought.,17,card_payment_wrong_exchange_rate,416
Google Pay isn't working. What is wrong?,2,apple_pay_or_google_pay,9757
My account statements show a debit payment that I didn't make it's from some time ago I need to know if it is disputable.,28,direct_debit_payment_not_recognised,4697
Can you explain why I was charged extra when I used the card?,15,card_payment_fee_charged,2689
When can I expect the transfer to be complete?,67,transfer_timing,6658
auto-top up option can be found where?,4,automatic_top_up,1235
How many transactions can I do with a disposable card?,29,disposable_card_limits,4420
How can you assist on verifying my identity?,69,verify_my_identity,9858
How does a disposable virtual card work?,37,get_disposable_virtual_card,8386
Why is my money not in my account. I have already sent it out.,6,balance_not_updated_after_cheque_or_cash_deposit,3314
what are the exchange rates for foreign currency ATMs,76,wrong_exchange_rate_for_cash_withdrawal,8333
My top up isn't in my wallet.,62,topping_up_by_card,4258
How can I know where did my funds come from?,70,verify_source_of_funds,6558
"I tried to make a transfer, but it didn't work.",35,failed_transfer,7509
why was my payment reverted on the app,53,reverted_card_payment?,6850
"I'm supposed to be getting a refund but it hasn't shown up, now what?",51,Refund_not_showing_up,5815
What is the cost of a transfer?,56,top_up_by_bank_transfer_charge,1885
What do I need to do to get cash back? The ATM gave me the wrong amount that I requested but the app is showing the amount to be correct.,75,wrong_amount_of_cash_received,2379
Why do you ask for top-up verification?,71,verify_top_up,7695
How do I get selected for a visa card?,73,visa_or_mastercard,4217
"the product is not working, can I get a refund?",52,request_refund,5492
What process should I use to transfer money into my account?,65,transfer_into_account,7586
What are my limits on disposable cards?,29,disposable_card_limits,4448
Is it free for top ups?,57,top_up_by_card_charge,9127
how to get card pin?,38,get_physical_card,4095
In my account I noticed my ATM withdrawal is still pending,46,pending_cash_withdrawal,850
"For the identity check, do I need any kind of documentation?",69,verify_my_identity,9849
"I'm really concerned because I only made one transaction, but it's appearing multiple times.",63,transaction_charged_twice,6354
Are there any places that won't take my card?,10,card_acceptance,3131
How come I didn't get a virtual card yet?,40,getting_virtual_card,3057
What are the current exchange rates?,32,exchange_rate,314
Could you please tell me how to activate my new card?,0,activate_my_card,9312
After looking at the app I noticed a couple of payments I know I did not make. Is it possible someone has accessed my card? What is actually going on?,16,card_payment_not_recognised,3575
Is there a limit to the number of disposable cards per day?,29,disposable_card_limits,4440
what currencies do you accept?,36,fiat_currency_support,919
How can I transfer some money into a foreign account?,65,transfer_into_account,7620
I am seeing in the App a some cash withdrawal that I did not do,20,cash_withdrawal_not_recognised,8892
How long does it take for a purchase to go from pending to authorised?,45,pending_card_payment,5246
I was charged a fee with my cash withdrawal that I shouldn't have been charged.,19,cash_withdrawal_charge,9474
Are you sure this is the interbank exchange rate? This rate is really bad.,17,card_payment_wrong_exchange_rate,516
Why did the ATM swallow my card?,18,card_swallowed,6277
"Hi, I used an ATM today to take money out of my account, but the amount it gave me is not the amount I requested. What should I do?",75,wrong_amount_of_cash_received,2340
Why is my beneficiary not working?,7,beneficiary_not_allowed,7124
tell me why I was charged more with my card?,15,card_payment_fee_charged,2598
What is my source of funds?,70,verify_source_of_funds,6495
What is the source of the money in my account?,70,verify_source_of_funds,6592
How long will it be  before the person I sent money to is able to see it?,66,transfer_not_received_by_recipient,2835
"I was using foreign currency at an ATM, but the rate was typed in wrong.",76,wrong_exchange_rate_for_cash_withdrawal,8336
Can I transfer my payroll to the bank?,50,receiving_money,7360
can you share card tracking number?,11,card_arrival,100
Is it possible to get a physical card?,43,order_physical_card,8057
I have used this account overseas recently. Has there been an increase in fees that I am unaware of?,64,transfer_fee_charged,7267
What do I need for the identity verification?,69,verify_my_identity,9793
Is there a fee for adding funds with a credit card?,57,top_up_by_card_charge,9173
"If my PIN number is rejected, how do I solve it?",49,pin_blocked,1708
why and how soon do I have to have proof of identity to you?,74,why_verify_identity,3887
How do i request more physical cards?,39,getting_spare_card,7854
Why is there a fee added to my statement?,34,extra_charge_on_statement,713
"help, lost my card",41,lost_or_stolen_card,1544
What should I do?  My card has been stolen!,41,lost_or_stolen_card,1554
How can I add a new card?,13,card_linking,269
"I have been waiting for my transfer, shouldn't it be here already?",67,transfer_timing,6625
my pin hasn't arrived in the post! How do I cancel it or get a new one?,38,get_physical_card,3997
The virtual card won't work.,72,virtual_card_not_working,8177
"If I need to cash foreign transfers, how does that work?",32,exchange_rate,300
I made a top up yesterday but it's still pending.,47,pending_top_up,2071
We want to start a college fund for my daughter.,1,age_limit,1564
What is the process for activating my new card?,0,activate_my_card,9264
can you assist me in activating my card?,0,activate_my_card,9230
I've been trying to make a transfer and it hasn't gone through. Now I am receiving an error message.  What is the problem?,7,beneficiary_not_allowed,7156
I ordered online weeks ago and I never received my package in the mail and I don't want to wait any more. So if I could get my money back now that would be great.,52,request_refund,5463
I want to change the wrong exchange rate.,17,card_payment_wrong_exchange_rate,510
How long does it take to make an urgent transfer from China?,67,transfer_timing,6720
Why is my exchange rate wrong?,17,card_payment_wrong_exchange_rate,440
How can I change my PIN?  Help.,21,change_pin,6985
Why hasn't my card arrived yet?,11,card_arrival,123
What are the reasons for a declined transfer?,27,declined_transfer,5649
Please help me with my card. As i have tried to use my card in two different ATMs but repeatedly it was declining by ATM.,26,declined_cash_withdrawal,5045
What steps are taken to transfer money into my account?,65,transfer_into_account,7671
I wanted to top up my account and it doesn't look like it worked,59,top_up_failed,8560
In regards to the PIN of the card?,38,get_physical_card,4068
Can i receive transfers from my employer this way?,50,receiving_money,7361
Does auto top-up have a limit?,4,automatic_top_up,1157
What method do you use for the exchange rate?,32,exchange_rate,326
How much would it cost me for a bank transfer to top up my account?,56,top_up_by_bank_transfer_charge,1896
Why would my card payment be reverted?,53,reverted_card_payment?,6845
Why was a payment I made reverted?,53,reverted_card_payment?,6789
Do I have to go somewhere to activate my card?,0,activate_my_card,9293
When can I expect my card?,12,card_delivery_estimate,1041
What fiat money can I used in the exchange and holding?,36,fiat_currency_support,955
Currently I can't get my card to work.,14,card_not_working,1310
I got married and need to change my name.,30,edit_personal_details,3683
I lost track of my card,41,lost_or_stolen_card,1512
i do not know what this charge is for,28,direct_debit_payment_not_recognised,4702
Can I set the account to auto top-up?,4,automatic_top_up,1183
"My card arrived but I need to make it work in the app, how do I do that?",13,card_linking,257
I would like a Visa card.,73,visa_or_mastercard,4120
Why hasn't the money transfer arrived yet?,66,transfer_not_received_by_recipient,2787
"I cannot remember my passcode, is there a way to retrieve it?",44,passcode_forgotten,4884
Is it possible to link a new card?,13,card_linking,252
I use GBP for my salary deposits. Must I set this up somewhere?,50,receiving_money,7390
What do I do if my Google pay top up isn't working?,2,apple_pay_or_google_pay,9660
Can you please tell me where my card is? I ordered it 2 weeks ago!,11,card_arrival,111
I need you to delete my account right now.,55,terminate_account,6226
What can i pay with out  fees,15,card_payment_fee_charged,2561
My card is about to expire.  How do I order another?,9,card_about_to_expire,9566
How do i access the auto top-up option?,4,automatic_top_up,1196
What is the reason for my beneficiary to be disallowed?,7,beneficiary_not_allowed,7012
Why was my payment declined? I keep trying my card but it's not working.,25,declined_card_payment,5894
I would like to change the the PIN on my card.,21,change_pin,6961
Why is top up not working for my apple pay app,2,apple_pay_or_google_pay,9677
Mastercard is preferred to me.,73,visa_or_mastercard,4196
I transferred some funds but I don't see it,5,balance_not_updated_after_bank_transfer,8662
How come I did not get a virtual card yet?,40,getting_virtual_card,3042
"My salary is in GBP, do I need to exchange it before putting it into my account?",50,receiving_money,7374
How long do deposits take to appear? I've been waiting for more than a week and need the money!,6,balance_not_updated_after_cheque_or_cash_deposit,3443
Can I use a different currency with my salary?,50,receiving_money,7423
Do you issue cards for someone living in the US?,24,country_support,9959
Is there a reason that my transfer failed?,35,failed_transfer,7429
I am having trouble to verify my identity,68,unable_to_verify_identity,3985
I no longer want to keep this account.,55,terminate_account,6207
Why is my deposit still pending?,6,balance_not_updated_after_cheque_or_cash_deposit,3325
Can I exchange USD and GBP from the app?,33,exchange_via_app,1466
Help my find the verification code on a top-up.,71,verify_top_up,7797
I cannot make a transfer to another account.,7,beneficiary_not_allowed,7058
can i transfer money i the app,65,transfer_into_account,7669
the money i transferred didnt arrive,66,transfer_not_received_by_recipient,2865
"I need to transfer something ASAP from China, how long will it take to post to my account?",67,transfer_timing,6671
Can it automatically top up my account?,4,automatic_top_up,1219
How many cards am I allowed?,39,getting_spare_card,7834
Why isn't my google pay top up working?,2,apple_pay_or_google_pay,9710
There is a payment that is not mine in the App.,16,card_payment_not_recognised,3550
Do you support changing the currency I use?,33,exchange_via_app,1403
What do I need to know about topping up?,57,top_up_by_card_charge,9152
Why has my top-up been returned to my account?,61,top_up_reverted,3248
Can I auto top if I'm low on funds?,4,automatic_top_up,1139
"The other bank confirmed a transfer I made, but this account is not reflecting it yet.",5,balance_not_updated_after_bank_transfer,8650
"Hi, I am unable to use my card in ATM. I had tried my card in two ATMs but both ATMs declined it. Could you please check my account?",26,declined_cash_withdrawal,5021
I want to use a payment card to top up my account. How can I do this?,54,supported_cards_and_currencies,2903
Is it possible for me to set up separate accounts for my kids?,1,age_limit,1666
When will my top up be applied?,47,pending_top_up,2049
I got charged for with a fee for paying with my card.,15,card_payment_fee_charged,2675
How long does it take for me to get my new card?,11,card_arrival,56
My cash transaction isn't showing on my account,66,transfer_not_received_by_recipient,2733
How long before a bank transfer shows up in the account?,5,balance_not_updated_after_bank_transfer,8635
How long do I need to wait to see an update after I make a bank transfer?,5,balance_not_updated_after_bank_transfer,8686
The app won't identify me.,68,unable_to_verify_identity,3927
A transaction shows duplicate times.,63,transaction_charged_twice,6306
I must have entered my PIN wrong.,49,pin_blocked,1742
Is there a location where I can change my PIN?,21,change_pin,6922
I hope you can help me. Someone has stolen my wallet and now I have noticed that they have been taking money from my account.,20,cash_withdrawal_not_recognised,8851
When shipped to the US how long is delivery time?,12,card_delivery_estimate,1033
Do top-ups have limits?,60,top_up_limits,2257
Transfers from the US how long will the wait be?,67,transfer_timing,6716
"I have my residency in the US, but I would love to get a card.",24,country_support,9942
I have been waiting over a week. Is the card still coming?,11,card_arrival,2
I sent a payment but it isn't showing up in the app,66,transfer_not_received_by_recipient,2724
Why is my refund not visible on my statement?,51,Refund_not_showing_up,5692
I am being charged a pound out of nowhere. What is this?,34,extra_charge_on_statement,657
"When traveling, is it possible for it to add money at specific time intervals?",4,automatic_top_up,1233
the transfer went through but now it has been pending for quite a while. i need this to go through already,48,pending_transfer,6045
Why hasn't my son received the transfer I sent to him earlier?,66,transfer_not_received_by_recipient,2785
Do you accept any card and currency?,54,supported_cards_and_currencies,2883
How do I verify my identity?,69,verify_my_identity,9773
top up is still pending,47,pending_top_up,2017
"Hello, I am a new customer, and just tried topping up for the first time. According to your information, the transaction should be instant - why does it still show as pending?",47,pending_top_up,1967
If I have a physical card can I link it?,13,card_linking,169
The exchange rate was not correct for the item I bought.,17,card_payment_wrong_exchange_rate,491
"I got some cash at an ATM earlier, but now app is showing that I withdrew more than I did.  Help!",75,wrong_amount_of_cash_received,2448
i entered my pin in wrong and got it frozen. how many tries do i have,26,declined_cash_withdrawal,5069
How old do I need to be?,1,age_limit,1561
My account seems a bit off and getting weird charges.,63,transaction_charged_twice,6478
"I didn't think my country-to-country money transfer would take so long. It still says that it's pending so I re-checked all of the account information--everything seems right, so what's the deal?",48,pending_transfer,6060
"My card is expiring, how do I get a new one?",9,card_about_to_expire,9641
How can I change the currency I'm exchanging from AUD to GBP?,33,exchange_via_app,1449
If my identy verifacation hasn't gone through can I use my account?,74,why_verify_identity,3805
Why is my payment still pending?,45,pending_card_payment,5125
Is my card ready for use or does it need activated and if so how?,0,activate_my_card,9188
How long does it take for a transfer to reach my account?,67,transfer_timing,6711
The app isn't showing my transactions,66,transfer_not_received_by_recipient,2709
When will my payment go through?,45,pending_card_payment,5144
I see a duplicate payment.,63,transaction_charged_twice,6400
What is the time frame for european transfers?,67,transfer_timing,6698
Why are my payments not working and show pending?,45,pending_card_payment,5105
Does the app allow for exchanges between currencies?,33,exchange_via_app,1472
do you have a fee for receiving a SEPA transfer?,56,top_up_by_bank_transfer_charge,1877
I can get my identification verified.,68,unable_to_verify_identity,3955
Can I change my PIN without going to a bank?,21,change_pin,6914
How much are you going to charge me if I top up my US card?,57,top_up_by_card_charge,9094
Is the card welcomed by everybody?,10,card_acceptance,3101
What fees are charged when I top up,57,top_up_by_card_charge,9067
Does it cost to add money to my card?,57,top_up_by_card_charge,9084
I am having trouble transferring money to a beneficiery.,7,beneficiary_not_allowed,7157
"My card was supposed to arrive, but hasn't?",11,card_arrival,73
Is there a limit for top ups?,60,top_up_limits,2316
Why do you need so much information about me,74,why_verify_identity,3807
There was a limited amount of money available at the time of my transaction.,75,wrong_amount_of_cash_received,2475
My cash withdrawal was declined.  Why?,26,declined_cash_withdrawal,4990
"my card was refused, why?",25,declined_card_payment,5927
What kind of security protects my money?,70,verify_source_of_funds,6513
My actual card isn't functioning.,14,card_not_working,1257
I am having problems with my contactless.,23,contactless_not_working,1814
"i put in money for vacation and its not showing. i need that money today, how long will it take",48,pending_transfer,5989
I want to make an online purchase but I don't want to use my credit card. Can you tell me how a disposable virtual card works and where I can apply for one?,37,get_disposable_virtual_card,8401
Can you unblock my account?  I entered the PIN wrong.,49,pin_blocked,1778
What is the rate for exchange fees?,31,exchange_charge,9023
I cannot view the refunded amount in my account.,51,Refund_not_showing_up,5786
"If I want to be able to give my daughter a card for my account, would I be allowed to get one for her?",39,getting_spare_card,7885
Do I need to convert my currency from GBP before transferring?,50,receiving_money,7375
can you express my card to me?,12,card_delivery_estimate,1074
I do not want a VISA card.,73,visa_or_mastercard,4102
I need assistance with understanding which fiat currencies that you support.,36,fiat_currency_support,1001
Why was I unable to complete my transfer?,35,failed_transfer,7545
I bought something and now I want a refund.,52,request_refund,5509
Can I top up online?,58,top_up_by_cash_or_cheque,8037
Where do I go to unblock my PIN?,49,pin_blocked,1747
My card is due to expire,9,card_about_to_expire,9529
"If someone in a different country sends me money, do I have to pay a fee?",31,exchange_charge,9042
Can I set my own top-up limit?,60,top_up_limits,2268
The exchange rate for my card payment doesn't seem right.,17,card_payment_wrong_exchange_rate,541
My account balance has not updated to reflect my recent transfer.,5,balance_not_updated_after_bank_transfer,8729
Please list what fiat currencies are supported for both holding and exchanging.,36,fiat_currency_support,993
When will my card be here?,12,card_delivery_estimate,1020
My transfer to my account is missing.,5,balance_not_updated_after_bank_transfer,8714
how do i cancel my account,55,terminate_account,6213
There's something wrong on my bill. A transfer fee should never have been added.,64,transfer_fee_charged,7198
What is identity check?,74,why_verify_identity,3889
"I know this very late, but I just went through my statements from the last couple months and there's one quite large-ish payment that I definitely haven't made. Is it still possible to dispute it?",28,direct_debit_payment_not_recognised,4807
I have lost my card! What is my next step?,41,lost_or_stolen_card,1516
"Hi, I'm buying my son Bertie a starter home in London.  I'm just trying to send the 5% deposit over to the agent. It's only £200,000 but seems to be throwing an error.  What is going on?  If I wait any longer the house prices might rise, can you look in to it please?",35,failed_transfer,7546
The card that I have isn't working. This is the physical card.,14,card_not_working,1356
How long does it take for pending transfer transactions to post?,48,pending_transfer,6074
What if I don't want to disclose all of my identity details?,74,why_verify_identity,3870
How long before I can see that my cash withdrawal has taken place?,46,pending_cash_withdrawal,795
How can I set a new pin.,21,change_pin,6945
Why does top-up need to be verified?,71,verify_top_up,7703
Can turn my money into another currency?,33,exchange_via_app,1373
How do I exchange currencies using this app?,33,exchange_via_app,1389
I tried to top up with my card but it was declined. I was able to a couple days ago and it worked. Is something wrong? Can you check it for me please?,59,top_up_failed,8507
"I was trying to make a transfer and got an error message telling me it was not possible to make the transfer. This has never happened before, what happened?",7,beneficiary_not_allowed,7119
"There's a €1 fee on my statement, why?",34,extra_charge_on_statement,689
Will you accept my credit card?,54,supported_cards_and_currencies,2953
Are cards available to those outside of the UK?,24,country_support,9927
How long to UK transfers usually take? I made a transfer but it didn't pop up in my history yet. I just want to make sure it went through.,5,balance_not_updated_after_bank_transfer,8655
Why is my cash deposit not in my account?,6,balance_not_updated_after_cheque_or_cash_deposit,3421
want to get a new card in china,9,card_about_to_expire,9637
Is there a fee for a cash withdrawal?,19,cash_withdrawal_charge,9423
What are the steps for changing my passcode?,44,passcode_forgotten,4861
How do I change my account details?,30,edit_personal_details,3679
"My mother deposited a cheque into my account last week, why is it still not showing up?",6,balance_not_updated_after_cheque_or_cash_deposit,3409
Is a new debit card free?,39,getting_spare_card,7879
Yikes!  I didn't get the amount of money that I requested.  What do I do now?,75,wrong_amount_of_cash_received,2423
Why has my card payment not yet been applied to my account?,45,pending_card_payment,5208
Can you tell me what the disposable cards are used for?,37,get_disposable_virtual_card,8440
Where can I deposit cash to top up?,58,top_up_by_cash_or_cheque,8003
Please tell me how I can get a virtual card.,40,getting_virtual_card,3093
I need to know what's going on. I was under the impression you offered cryto top up which doesn't seem to be working and money has just vanished from my account.,61,top_up_reverted,3257
I think someone stole my card because I can't find it.,41,lost_or_stolen_card,1535
Do you support direct deposits from my employer?,50,receiving_money,7426
Your service is bad.  Close my account.,55,terminate_account,6220
Where can money withdrawals be made?,3,atm_support,4564
What do I do if I already had a card with you guys?,13,card_linking,287
"I have one of your cards, but I don't know how to link it.",13,card_linking,205
There is a payment done with my card which i definitely did not do.Never seen that name before.,16,card_payment_not_recognised,3623
I can't recall my password.,44,passcode_forgotten,4817
Can I get a card that works in other countries like Africa and Indonesia?,24,country_support,9950
Why didn't I receive the right amount of cash?,75,wrong_amount_of_cash_received,2374
My money didnt go through after I transferred.,7,beneficiary_not_allowed,7106
What ATMs can I use my card at?,3,atm_support,4567
What is the time frame that transfers normally take from a UK account? I just completed a transfer and nothing shows up. I need to know if everything is alright.,5,balance_not_updated_after_bank_transfer,8691
What are eligible holding and exchange currencies?,36,fiat_currency_support,963
What do I need for the verification check?,69,verify_my_identity,9821
I wanted to withdraw $100 from the ATM but I only got $20,75,wrong_amount_of_cash_received,2348
The app says I got cash from an ATM but I didn't,20,cash_withdrawal_not_recognised,8806
My card didn't work at the ATM in Notting Hill.  Is my card working?,26,declined_cash_withdrawal,5010
How do I start an exchange between GBP and AUD?,33,exchange_via_app,1463
I got some items this morning but the payment says pending,45,pending_card_payment,5194
Are there any restrictions for the disposable cards that I need to be aware of?,29,disposable_card_limits,4397
I tried to buy something online but my funds were transferred back to my account. What is happening?,53,reverted_card_payment?,6828
I just initiated a transfer but I'd like to cancel it.,8,cancel_transfer,2216
my check or cash deposit has not shown up,6,balance_not_updated_after_cheque_or_cash_deposit,3380
"I've use my accounts all the time to manage my payments for my place abroad that I just got. I now see that I suddenly have new fees.I'm a frequent customer, so why are you charging me new fees instead of rewarding me?",64,transfer_fee_charged,7254
I'd prefer a Mastercard.,73,visa_or_mastercard,4215
How can my friend send money to me?,50,receiving_money,7341
How do you calculate exchange rates?,32,exchange_rate,329
How can I setup automatic top-up?,4,automatic_top_up,1218
What other currencies are available to change to?,33,exchange_via_app,1468
Is there an age limit to get an account?,1,age_limit,1602
i haven't received my order and want a refund,52,request_refund,5525
"I have to transfer money over to my mother, and I have tried numerous times and all that keeps happening is error messages.",7,beneficiary_not_allowed,7098
From which age can my kids use your service?,1,age_limit,1615
I want a physical card,43,order_physical_card,8156
"Change of location, need to change details",30,edit_personal_details,3709
I have a payment which has not been approved.,45,pending_card_payment,5205
Why was I charged for getting cash?,19,cash_withdrawal_charge,9402
A transfer has been made in my account that I need to cancel.  This was a mistake on my part and I hope we can get this resolved quickly.,8,cancel_transfer,2227
What is the exchange fee that is charged?,31,exchange_charge,9009
What are the disposable virtual card limits?,29,disposable_card_limits,4425
How do I top up on my card?,62,topping_up_by_card,4282
You shorted me money when I tried to make a withdrawal.,75,wrong_amount_of_cash_received,2446
How do I change my card PIN?,21,change_pin,6949
Can I use google play as my primary app to Top up?,2,apple_pay_or_google_pay,9762
the bank transfer was declined,27,declined_transfer,5546
How long will a transfer from Europe take?,67,transfer_timing,6618
How do I change my name?,30,edit_personal_details,3754
Will there be any fees for top ups?,57,top_up_by_card_charge,9174
My money transaction can't be seen by the person I sent it to,66,transfer_not_received_by_recipient,2700
How much does currency exchange cost?,31,exchange_charge,8986
I made a payment with my card and it hasn't changed. How long do you think this will take?,45,pending_card_payment,5102
I must verify the source of my funds,70,verify_source_of_funds,6552
My ATM withdrawal was declined.,26,declined_cash_withdrawal,4961
need to exchange currencies,33,exchange_via_app,1461
what documentation do I need for the identity check?,69,verify_my_identity,9827
How can I get my Google pay top up to work?,2,apple_pay_or_google_pay,9748
Will there be extra charges regarding to adding money into my international card?,57,top_up_by_card_charge,9171
I can't add any more money.,59,top_up_failed,8474
Which merchants accept this card?,10,card_acceptance,3138
Have you started charging for cash withdrawals? I always thought it was free until I noticed this fee. How much is the fee?,19,cash_withdrawal_charge,9462
I would like to use this cheque to top up.  Can you tell me how to do that?,58,top_up_by_cash_or_cheque,7970
I went to top up my card and it was cancelled.,61,top_up_reverted,3161
Which currencies will you exchange?,36,fiat_currency_support,948
Why was there a fee for paying by card?,15,card_payment_fee_charged,2554
Can I get a new card in China?,9,card_about_to_expire,9586
What is this fee for card payment?,15,card_payment_fee_charged,2565
You did not give me the correct exchange rate for an item that I bought.,17,card_payment_wrong_exchange_rate,449
I'd like to make some changes to my personal information.,30,edit_personal_details,3652
My wallet doesn't show my recent top up.,62,topping_up_by_card,4248
Help my prove my identity.,68,unable_to_verify_identity,3991
I moved and need to change my address.,30,edit_personal_details,3745
I tried to use my card today in the restaurant but it didn't work and just got declined. What's wrong?,14,card_not_working,1286
My thoughts were that you offered crypto top up which does not seem to be working. The money has now been taken from my account. What is the problem here?,61,top_up_reverted,3201
What is your exchange rate between UK pounds and Russian rubles for my last transaction,17,card_payment_wrong_exchange_rate,489
"I was transferring some money to a friend, which I thought would be free, but I see there is a charge.  What's up with that?",64,transfer_fee_charged,7161
The cash abroad exchange rate is applied wrong.,76,wrong_exchange_rate_for_cash_withdrawal,8304
Why won't my transfer go through?,35,failed_transfer,7467
how long until a cash withdrawal will show on my account,46,pending_cash_withdrawal,872
why was i charged a fee to transfer,64,transfer_fee_charged,7268
Why is verifaction required for my Identity?,74,why_verify_identity,3861
I've already sent the money out and still have not received money in my account.,6,balance_not_updated_after_cheque_or_cash_deposit,3344
Is my credit card supported for top-ups?,54,supported_cards_and_currencies,2871
What does it mean when a payment is pending?,45,pending_card_payment,5092
Can my account have different types of currency in it.,36,fiat_currency_support,930
is it free to add money to my card,57,top_up_by_card_charge,9121
Can I use this all over the world?,24,country_support,9883
How can I know where my card will be accepted?,10,card_acceptance,3145
Why did I get charged a fee on my card?,15,card_payment_fee_charged,2690
"I haven't received my transfer funds yet, where are they?",48,pending_transfer,6015
Somebody is taking money out of my account without my approval in another town separate from me. Please place a freeze on my account until I can make it to the bank.,20,cash_withdrawal_not_recognised,8874
"How long does it take for transfers to process?  I sent funds to a friend, and she says that she has not yet received anything.",66,transfer_not_received_by_recipient,2729
I need to cancel my recent transfer as soon as possible. I made an error there. Please help before it goes through.,8,cancel_transfer,2167
Why is there a direct debit payment on my statement that I didn't do?,28,direct_debit_payment_not_recognised,4640
I was charged a fee when buying stuff with my card.,15,card_payment_fee_charged,2656
"It seems I've suddenly been charged for my recent ATM cash withdrawal. What's up with that? I though withdrawals are free, you never charged me so far!",19,cash_withdrawal_charge,9464
My statement is showing I was Charged a dollar and I am not sure why.,34,extra_charge_on_statement,734
I got a strange cash withdrawal in my statement,20,cash_withdrawal_not_recognised,8833
Why are you asking so many questions about me?,74,why_verify_identity,3825
how to get a new card in china,9,card_about_to_expire,9603
How do I change my address ?,30,edit_personal_details,3713
Are cards from the US accepted?,54,supported_cards_and_currencies,2927
I'm not sure if my pop-up went through.,59,top_up_failed,8562
What do I do if there is an electronic debit that is not correct?,28,direct_debit_payment_not_recognised,4766
What is going on? I have checked over and over and the details of my account are right. Why is my transfer still pending? It's 2018 not 1818. Transfering money to another country can't be that hard.,48,pending_transfer,6022
I'm expecting to see a cash withdrawal but I'm still waiting.,46,pending_cash_withdrawal,784
How can I go about resetting my passcode?,44,passcode_forgotten,4875
There are transactions that I don't recognize. What do I do if I think someone is using my card?,22,compromised_card,4514
Is it possible to exchange currencies using the app?,33,exchange_via_app,1388
"I purchased something and already received it, why hasn't the money taken out?",53,reverted_card_payment?,6834
Is it normal to get charged extra when i use my card?,15,card_payment_fee_charged,2660
Where can I edit personal details?,30,edit_personal_details,3763
Is there a fee to order a physical card?,43,order_physical_card,8136
How do I know if my top up worked?,59,top_up_failed,8528
how do i dispute a payment I didnt make,16,card_payment_not_recognised,3615
What is the highest amount I can top-up?,60,top_up_limits,2271
"phone is gone, dont want others to access account information",42,lost_or_stolen_phone,5291
I don't know if I made this payment on my card.,16,card_payment_not_recognised,3574
What other fiat currencies can I use?,36,fiat_currency_support,908
Will I be charged for exchanging foreign currencies?,31,exchange_charge,9031
Why can I not transfer money into my account?,65,transfer_into_account,7584
Is topping up free?,57,top_up_by_card_charge,9124
I have tried 5 times at this point to complete a transfer that's simply standard. What appears to be the problem? Is your system messed up?,35,failed_transfer,7449
I'm unable to verify my identity,68,unable_to_verify_identity,3918
My card payment didn't work,25,declined_card_payment,5877
"Someone has access to my card info.  I still have the card, but someone just withdrew cash.  How do I get this corrected/stopped?!",20,cash_withdrawal_not_recognised,8918
"I made a transfer and according to the receiver ""they haven't received the right amount"" Its lesser than it should be.Now I have to transfer more money to make up for the missing amount . Can you please help me about this, what should be done ?",64,transfer_fee_charged,7282
I need a disposable virtual card.,37,get_disposable_virtual_card,8419
I tried to use my disposable virtual card to pay a subscription to the gym and it got rejected. Any ideas why?,72,virtual_card_not_working,8201
I would like to change my personal details.,30,edit_personal_details,3711
"When I tried to top up using my card, all of the money disappeared.",62,topping_up_by_card,4262
Tell me your opinion on the exchange rate.,32,exchange_rate,393
why do I have an unknown payment?,16,card_payment_not_recognised,3555
I think someone stole my card number and brought stuff in different places that I have never been to. I need to suspend any further purchase on my credit card.,22,compromised_card,4492
how long will my cash withdrawal be pending for?,46,pending_cash_withdrawal,812
Can I have multiple currencies in my account?,36,fiat_currency_support,925
Could you please tell me your exchange rates?,32,exchange_rate,347
I think my passcode was changed,44,passcode_forgotten,4863
Are there still fees for european top-ups?,57,top_up_by_card_charge,9093
It looks like my top up didn't work.  Why?,59,top_up_failed,8517
Seems like my top-up has not gone through,47,pending_top_up,1940
I returned an item but don't see it on my account?,51,Refund_not_showing_up,5804
"Please help me, there is a transaction in the incorrect account.",8,cancel_transfer,2194
How long does a top-up take to go through?,47,pending_top_up,1928
Where can I pay with my card?,10,card_acceptance,3119
How can we correct a mistake on an ATM transaction?  The app shows what I should have gotten.,75,wrong_amount_of_cash_received,2453
I purchased something about one to two weeks ago but for some reason the payment was returned to my account today even though I've already received one of the items. Can you tell me what's going on?,53,reverted_card_payment?,6803
"The cheque I sent a few days ago has not been deposited yet, what is the hold up?",6,balance_not_updated_after_cheque_or_cash_deposit,3310
Can you tell me about the exchange fee?,31,exchange_charge,9062
How do I get started when I get my card?,38,get_physical_card,4091
Why do I still have a pending cash withdrawal?,46,pending_cash_withdrawal,776
What is the extra fee that showed up on my card?,15,card_payment_fee_charged,2536
What's the procedure for canceling a purchase?,52,request_refund,5381
I am in the EU. Can I get one of your cards?,24,country_support,9983
The ATM machine would not give my card back,18,card_swallowed,6267
Why didn't my transfer get to the recipient?,66,transfer_not_received_by_recipient,2807
What businesses can I use this card with?,10,card_acceptance,3149
How do I exchange AUD for GBP?,33,exchange_via_app,1412
Can you tell me how to get my card on the app?,13,card_linking,270
Can you tell me how to top up on my card?,62,topping_up_by_card,4318
Why was I not allowed to do a transfer to a beneficiary?,7,beneficiary_not_allowed,7010
I got some cash but it wasn't the right amount.,75,wrong_amount_of_cash_received,2499
I am inquiring about your auto top up feature.,4,automatic_top_up,1142
What countries are you supporting?,24,country_support,9999
Are there topping up fees if I have to transfer?,56,top_up_by_bank_transfer_charge,1901
I have duplicated transactions on my statement,63,transaction_charged_twice,6312
When I went to withdraw cash today the ATM gave me the wrong amount of cash. The app is showing a larger amount.,75,wrong_amount_of_cash_received,2337
why would a merchant refuse a payment,53,reverted_card_payment?,6783
I mistook my pin and now I am locked.  Can you unlock me?,49,pin_blocked,1668
Are there any restrictions on where I use this card?,10,card_acceptance,3154
I am interested in a Visa or Mastercard. Do you offer them?,73,visa_or_mastercard,4128
the exchange rate at which my card payment is at is wrong,17,card_payment_wrong_exchange_rate,436
How old must I be to open an account?,1,age_limit,1608
What do I do if my card expires soon?,9,card_about_to_expire,9530
"In the exchange and holding, what fiat is allowed?",36,fiat_currency_support,964
Where is my PIN located?,38,get_physical_card,4029
Please tell me what this direct debit in my statement is,28,direct_debit_payment_not_recognised,4650
"I cannot find my phone, what should I do?",42,lost_or_stolen_phone,5347
Can you tell me what I need to do for the identity check process?,69,verify_my_identity,9784
"What about an auto top-up, is that a option?",4,automatic_top_up,1225
"I was abroad and needed some cash, but I think the wrong exchange rate was applied to the transaction.",76,wrong_exchange_rate_for_cash_withdrawal,8239
Will there be any extra fees if I exchange currencies?,31,exchange_charge,9039
My refund has not yet been credited on my statement,51,Refund_not_showing_up,5724
"I've tried many times to make a payment, but it's not going through.  What's wrong?",25,declined_card_payment,5938
Can you tell me if I can hold money in several currencies?,36,fiat_currency_support,1005
Why have I been charged twice?,63,transaction_charged_twice,6335
What do I do to activate my new card?,0,activate_my_card,9294
How are the exchange rates for transfers calculated?,32,exchange_rate,380
What is the max amount of disposable cards I'm allowed.,29,disposable_card_limits,4400
I have some transactions on my account I did not make. Can you cancel my card and prevent further use.,22,compromised_card,4525
"I transferred some money recently and saw a fee on my account, what's that for?",64,transfer_fee_charged,7213
Do you allow exchanges of EUR?,36,fiat_currency_support,966
Why am I getting double charged for multiple transactions?,63,transaction_charged_twice,6413
Could you explain why my card payment did not work?,25,declined_card_payment,5924
I think youre system may be broken because I have tried transfer money 5x and it isnt working!  I'm not doing anything complicated it is what I usually do.,35,failed_transfer,7550
Can I change my PIN?,21,change_pin,6909
A cash withdrawal has been done that I didn't do.,20,cash_withdrawal_not_recognised,8842
An extra pound was charged!,34,extra_charge_on_statement,618
I need help finding the verification code on the top up card.,71,verify_top_up,7799
Im going to need to make a transfer from a UK account but I need it to go through ASAP. Is that going to be possible or will it take forever?? Im hoping it will be a couple hours and not a couple weeks.,5,balance_not_updated_after_bank_transfer,8634
I tried withdrawing money in another country and the exchange rate was wrong.,76,wrong_exchange_rate_for_cash_withdrawal,8315
maximum how many days get the courier?,11,card_arrival,79
I don't know where a direct debit payment came from,28,direct_debit_payment_not_recognised,4671
Do you accept Mastercard?,54,supported_cards_and_currencies,2912
I need a new PIN number.,49,pin_blocked,1777
I need Australian dollars instead of UK currency.,33,exchange_via_app,1427
I really need to know how to change my pin.,21,change_pin,6941
"I think there may be something wrong with my card. I have never had issues with withdraws before, but this morning on the way to work it was suddenly declined.",26,declined_cash_withdrawal,5026
Where do I have access to a virtual card?,40,getting_virtual_card,3019
After I used my card I saw I was charged a fee for using it,15,card_payment_fee_charged,2686
Please help me set up a new PIN.,21,change_pin,6920
I didn't make the direct debit payment on my account.,28,direct_debit_payment_not_recognised,4759
How long will it take to refund me,51,Refund_not_showing_up,5791
Do all ATMs accept this card?,3,atm_support,4550
My card is about to expire. Do I have to go to a branch to order a new card?,9,card_about_to_expire,9622
My identity can't be verified for some reason,68,unable_to_verify_identity,3928
The store card reader would not accept my card.,25,declined_card_payment,5893
Do I have a card PIN?,38,get_physical_card,4028
Is there a number to call to get my pin unblocked?,49,pin_blocked,1760
What stipulations do disposable cards entail?,29,disposable_card_limits,4401
My payment has been cancelled,53,reverted_card_payment?,6739
Please help me get a Visa card.,73,visa_or_mastercard,4165
I think I was wrongly charged in a recent transaction when I used my card.,15,card_payment_fee_charged,2601
Why did my payment get declined?,27,declined_transfer,5623
Where do i find my PIN?,38,get_physical_card,4049
"I haven't received my virtual card yet, do yo know why?",40,getting_virtual_card,3073
I was only given $20 after trying to withdraw $100,75,wrong_amount_of_cash_received,2357
"My transfer is quite urgent, and finally worked out, but I've been waiting for it for quite some time. Can you tell me how long to expect to wait for it?",48,pending_transfer,6029
Why hasn't my balance been updated? I've deposited a few cheques some days ago!,6,balance_not_updated_after_cheque_or_cash_deposit,3471
"I want a card, but I'm not in the UK- can I get one still?",24,country_support,9989
There's a possibility that my card was compromised.,22,compromised_card,4493
I made a cash deposit and the balance wasn't updated.,6,balance_not_updated_after_cheque_or_cash_deposit,3326
I need to verify my funds.,70,verify_source_of_funds,6562
I wanted to know why a top-up I made has been reverted.,61,top_up_reverted,3215
I would like to move money from one account to another to top off my account. Can you explain how I can do that?,65,transfer_into_account,7665
Can you tell me how do I get a card?,43,order_physical_card,8114
What methods are available for my friend to send me money?,50,receiving_money,7408
The app is not able to realize that it is me.,68,unable_to_verify_identity,3921
Please let me know how to change my PIN?,21,change_pin,6975
Why was I charged a fee on a cash withdrawal?,19,cash_withdrawal_charge,9479
what is the time frame for transfers,67,transfer_timing,6708
"I can't freeze my account as I need the card as I am traveling, how do I change my pin?",21,change_pin,6948
"I deposited a cheque, but the balance hasn't changed yet.",6,balance_not_updated_after_cheque_or_cash_deposit,3463
I was charged twice for an in-store purchase that I thought was declined.  My App says that it's still pending for one of the payments. Please make sure one of the charges is removed.,63,transaction_charged_twice,6356
I'd like to have extra cards. Will I have to pay for that?,39,getting_spare_card,7852
why didnt a transfer to my account process,7,beneficiary_not_allowed,7028
Can I get a card even though I live in the US,24,country_support,9884
I want to change my pin number from an ATM. Is this possible?,21,change_pin,6960
I do not recognise the card payment.,16,card_payment_not_recognised,3498
There's a duplicate charge on my account?,63,transaction_charged_twice,6363
I couldn't make a transfer,35,failed_transfer,7525
"I would like to exchange currencies, how do I go upon it?",33,exchange_via_app,1451
I need to freeze my card. There are charges on there that i did not authorize. They've been coming out for a couple of days. Can i get this money back?,16,card_payment_not_recognised,3607
"I lost my phone, what should I do?",42,lost_or_stolen_phone,5253
I haven't gotten my new card.,11,card_arrival,64
My morning transaction needs to be canceled.,8,cancel_transfer,2217
What happens when I am charged twice?,63,transaction_charged_twice,6323
"I took out money, and didn't get all of it.",75,wrong_amount_of_cash_received,2459
Seems like my card payment has been cancelled,53,reverted_card_payment?,6772
A debit came through that I need to dispute.,28,direct_debit_payment_not_recognised,4773
Why can't I buy cryptocurrency on the app?,7,beneficiary_not_allowed,7154
Can I wait for you to send me a new card when mine's about to expire?,9,card_about_to_expire,9556
I live in Germany. Is that one of the countries you are in? What other countries are you in?,24,country_support,9930
Why did I only get $20 when I asked for $100?,75,wrong_amount_of_cash_received,2484
I haven't received my virtual card yet!!,40,getting_virtual_card,3001
"I am interested in giving a second card to my daughter, how can I make this happen?",39,getting_spare_card,7887
The money is still in my account even though I already paid -- I don't understand what happened.,53,reverted_card_payment?,6872
If I find a card I lost do I need to dispose of it? Or can I re-active the card and continue to use it?,13,card_linking,160
Do I have to manually top up once I'm too low?,4,automatic_top_up,1169
Can I see my available money?,70,verify_source_of_funds,6548
Why is my top-up showing as cancelled?,61,top_up_reverted,3209
A transfer to my account shows as still pending and I wanted to know how long it is suppose to take to clear.,48,pending_transfer,6052
Why hasn't my transaction completed?,66,transfer_not_received_by_recipient,2856
Delete my account please. Now!,55,terminate_account,6235
My card is not working at stores.,25,declined_card_payment,5837
"When I look at my statement there is an extra fee, that is for what?",34,extra_charge_on_statement,622
I still do not see the cash deposit in my account from last week. Why?,6,balance_not_updated_after_cheque_or_cash_deposit,3401
"Yesterday, I made an incorrect payment to the wrong account for my rent payment. I need this addressed as soon as possible and the funds transferred to the correct account by no later than tomorrow.",8,cancel_transfer,2220
Can you tell me which cards and currencies are supported?,54,supported_cards_and_currencies,2973
I would like to change to a different currency.,33,exchange_via_app,1374
Is there a fee for physical cards?,43,order_physical_card,8088
I am not comfortable verifying my indentity.,74,why_verify_identity,3794
Can someone in the US have a card?,24,country_support,9966
"I have not received my card and it's been a week, what do I do?",11,card_arrival,101
Can I get an auto Top-up?,4,automatic_top_up,1215
My beneficiary is not allowed?  Why?,7,beneficiary_not_allowed,7019
Please check and let me know why my transfers are getting declined.,27,declined_transfer,5552
"So, I am in the middle of purchasing a flat. I need the money for the first mortgage payment and it is not going through. I keep receiving an error. Can you find out what's going on and help me complete this transfer?",35,failed_transfer,7472
Why can't I use my card?,14,card_not_working,1267
My transfer isn't in,66,transfer_not_received_by_recipient,2804
I sent a check into the system but still haven't received the cash yet,6,balance_not_updated_after_cheque_or_cash_deposit,3452
Why would the app deny my top-up?,59,top_up_failed,8589
Let me know what the steps for the identity checks are,69,verify_my_identity,9820
I haven't received money from a transfer?,66,transfer_not_received_by_recipient,2808
Where can I find my card PIN?,38,get_physical_card,4032
I was so embarrassed. Why didn't my payment clear?,25,declined_card_payment,5936
"please help me with this transfer, for some reason i can't transfer to a cryptocurency account",27,declined_transfer,5653
"It is still pending, I am still waiting. Your system just shows my top-up as pending. What is happening?",47,pending_top_up,1933
Where can I locate my PIN at?,38,get_physical_card,4025
I haven't been able to complete any transactions on my card today. Do you know what's wrong?,14,card_not_working,1321
My transfer to another account was not allowed. Why is that?,7,beneficiary_not_allowed,7126
Do the disposable cards have a transaction limit?,29,disposable_card_limits,4344
How can you transfer my salary to my correct currency?,50,receiving_money,7356
It's been a week since you issued me a card and I still didn't get it. Should I keep waiting?,11,card_arrival,19
"Card has been received, how will it show up on the app?",13,card_linking,249
"Since I got married, I need to change my name.",30,edit_personal_details,3715
is it ok if i use both visa and mastercard,73,visa_or_mastercard,4129
Please explain the extra fee when I paid with the card.,15,card_payment_fee_charged,2684
I goofed up and used the wrong account.  Please help.,8,cancel_transfer,2185
How long do transfers take to go though,5,balance_not_updated_after_bank_transfer,8722
"There are a couple payments with my card shown in the app that i really make myself. What's going on with this, maybe someone has access to my card?!",16,card_payment_not_recognised,3541
It's only been a few weeks my my top-up got cancelled,61,top_up_reverted,3291
I tried to withdraw 40 pounds but only 20 came out. Did you steal my money?,75,wrong_amount_of_cash_received,2422
How can I track my card's delivery?,11,card_arrival,82
What do I do if a transaction shows up twice?,63,transaction_charged_twice,6432
can i verify my identity i the app,69,verify_my_identity,9830
"My card got blocked, how do I reset?",49,pin_blocked,1729
I tried to get cash but it was declined!,26,declined_cash_withdrawal,5020
Is there a reason my transfer would have been declined?,27,declined_transfer,5636
How long does it take for my payment to process?,45,pending_card_payment,5191
"Suddenly, my card won't work.",14,card_not_working,1287
Can you tell me if a credit/refund is coming from a seller? I asked for refund directly from them and am still waiting. It's been a week now and i still havn't seen my refund yet.,51,Refund_not_showing_up,5822
How many top-ups can be approved?,60,top_up_limits,2296
"Hello. How long does it usually take to transfer money to another country? I've made sure all the information is correct, but the transfer still says that it's ""pending.""",48,pending_transfer,6102
The recipient doesn't see the money transaction I made,66,transfer_not_received_by_recipient,2793
I want to revert a transaction I did,8,cancel_transfer,2099
How can I go about ordering a virtual card?,40,getting_virtual_card,3026
How long does it take to prove my identity?,68,unable_to_verify_identity,3913
How do I add my new card?,13,card_linking,187
The contactless payments are not working.,23,contactless_not_working,1800
Do you accept cheques for top-up?,58,top_up_by_cash_or_cheque,7997
My friend would like to send me money. What are the options available to them?,50,receiving_money,7419
Could I raise a dispute for a large payment that i found out was not done by me in my couple of last statements? I am aware its delayed now. Please help me out.,28,direct_debit_payment_not_recognised,4670
For what reason can I not transfer money to a beneficiary?,7,beneficiary_not_allowed,7065
I want to top up by card,62,topping_up_by_card,4266
How does someone else top up my account,62,topping_up_by_card,4326
I paid with my card and I was charged a fee,15,card_payment_fee_charged,2611
What are these disposable cards meant for?,37,get_disposable_virtual_card,8447
"Hi, I have done a topup, but my money was reverted. Please look into this issue.",61,top_up_reverted,3218
How long until the transfer is reflected on my account balance?,67,transfer_timing,6632
Why am I charged a fee when using my debit or credit card?,15,card_payment_fee_charged,2618
I have a transaction showing up more than once.,63,transaction_charged_twice,6467
"I going to be traveling, can I set up auto top-up if I run low on money?",4,automatic_top_up,1125
Why am I unable to withdraw my money through this card?,26,declined_cash_withdrawal,5047
I need to exchange some foreign currency. What's the charge for doing that?,31,exchange_charge,9058
Why did I get charged for a transfer?,64,transfer_fee_charged,7272
What is the procedure for activating this card?,0,activate_my_card,9248
What are the cards and currencies that you support?,54,supported_cards_and_currencies,2941
I have a reverted top up I made and wanted to know why it didn't go through.,61,top_up_reverted,3163
I did not set up a direct debit I have,28,direct_debit_payment_not_recognised,4683
"I normally don't use ATMs, but I was in a rush today and had to withdraw some cash. The ATM gave me the wrong amount of money and now my app is not showing the same amount as it should. What do I do?",75,wrong_amount_of_cash_received,2382
I think there was an error in your exchange rate.,17,card_payment_wrong_exchange_rate,490
Please help me!  A payment I made had an error on the account number and I can't cancel on my side.  Can you cancel it?,8,cancel_transfer,2204
What currencies and methods can i use to top up my account?,54,supported_cards_and_currencies,2908
How long does it take for a transfer to post,5,balance_not_updated_after_bank_transfer,8666
I am unable to access my app due to forgetting my passcode.,44,passcode_forgotten,4816
I would like to know what your exchange rates are.,32,exchange_rate,373
What value can I get for my currency?,32,exchange_rate,335
Can you tell me how to get a disposable virtual card?,37,get_disposable_virtual_card,8456
I bought some things in the morning but the payment shows as pending,45,pending_card_payment,5209
I made a purchase but the exchange rate is wrong?,17,card_payment_wrong_exchange_rate,569
Is it possible to get both Visa and Mastercard from you?,73,visa_or_mastercard,4189
I received my card. How do I link it to the app?,13,card_linking,207
I need to find out why my pending payment hasn't gone through.,45,pending_card_payment,5155
How do I fix a broken card?,14,card_not_working,1249
"My card has an issue, the payment has been deferred.",53,reverted_card_payment?,6762
Where did my deposit for my source of funds come from?,70,verify_source_of_funds,6579
Where do I access the auto top-up function?,4,automatic_top_up,1222
What US cards do you accept?  I only have 1 other.,54,supported_cards_and_currencies,2921
What is the process for transferring money into my account?,65,transfer_into_account,7652
It's not letting me transfer money to my beneficiery.,7,beneficiary_not_allowed,7015
How do you figure out the exchange rate? Can you explain why I got less money than expected?,76,wrong_exchange_rate_for_cash_withdrawal,8346
How long does it take for pending to go through,48,pending_transfer,6044
Is there a fee for sending out more cards?,39,getting_spare_card,7906
"The company is no good, please terminate my account.",55,terminate_account,6239
If I can't choose my card type will I be able to use it everywhere?,73,visa_or_mastercard,4112
I want to transfer money using my credit card.,62,topping_up_by_card,4238
How come I can't get money at the ATM,26,declined_cash_withdrawal,4931
Why did the bank reject my transfer?,35,failed_transfer,7554
I have no way to prove my identity.,68,unable_to_verify_identity,3930
Can I add a card back to the app?,13,card_linking,240
I am trying to make a transfer to a different account but they keep getting declined. I have double checked all the details and the information is correct.,27,declined_transfer,5562
Can i get money in my home currency at some ATM ? As I am on holiday and bit concerned because i do not have any cash with me . Is it possible to withdraw without any additional cost.,76,wrong_exchange_rate_for_cash_withdrawal,8248
I have left my card at my parents house. Can you send me a spare one please to use in the meantime?,39,getting_spare_card,7829
"I'd lke my card reactivated, I was thinking it was misplaced but I discovered when I woke up that I had left it in my coat.",13,card_linking,237
why do you verify the top up,71,verify_top_up,7781
I was mugged.  They took everything.  I can't use the app.  What do I do?,42,lost_or_stolen_phone,5310
Is the EUR accepted for exchanges?,36,fiat_currency_support,883
How can I obtain a virtual card?,40,getting_virtual_card,3031
My top up was denied,59,top_up_failed,8521
How long will it take to transfer from europe?,67,transfer_timing,6691
Are there any charges for using a bank card to top up,57,top_up_by_card_charge,9090
"If I am not in the country and I need to change my PIN, how can this be done?",21,change_pin,7002
I needed cash from the ATM but I couldn't get it.,26,declined_cash_withdrawal,4960
Can you please explain disposable virtual cards for me?,37,get_disposable_virtual_card,8392
Why can't I complete my transfer?,35,failed_transfer,7487
Are there a certain amount of transactions i can do with one disposable card?,29,disposable_card_limits,4362
How can I change USD to GBP?,33,exchange_via_app,1365
How many disposable cards can you own?,29,disposable_card_limits,4418
I have just read my statement and there is a payment I don't recognise.,16,card_payment_not_recognised,3610
Can you  tell me how to get AUD not GBP?,33,exchange_via_app,1457
My bill shows the same charge more than once,63,transaction_charged_twice,6448
Will I be charged for topping up my account using a bank transfer?,56,top_up_by_bank_transfer_charge,1914
I need to figure out who has access to my card there are some payments I didn't make that are showing on the app.  Could you please help?,16,card_payment_not_recognised,3564
No option to top up with a cheque ?,58,top_up_by_cash_or_cheque,8025
Do you offer cards for those in other countries?,24,country_support,9941
How do I use a check to top up?,58,top_up_by_cash_or_cheque,7998
"always exchanging currencies, do you offer a discount?",31,exchange_charge,8978
How come my card payment is still pending?,45,pending_card_payment,5120
My top-up was cancelled and I am writing to ask if I need to complete the 3D Secure authentication section before I submit it.,61,top_up_reverted,3176
Is it ok for a friend to send me money?,50,receiving_money,7376
The exchange rate for case abroad is applied wrong.,76,wrong_exchange_rate_for_cash_withdrawal,8313
What is the cost for currency exchanges?,31,exchange_charge,9007
I think my wallet fell out on the Tube today! I realized as soon as I got to my desk. How do I cut off the card?,41,lost_or_stolen_card,1546
There is  a charge I don't recognize.,16,card_payment_not_recognised,3521
Is it possible to change my pin if i am out of the country?,21,change_pin,6944
Tell me where I can find the auto top up feature and a little bit about it please.,4,automatic_top_up,1140
I have questions about how to transfer money to my account.,65,transfer_into_account,7574
What are the reasons a beneficiary would be denied?,7,beneficiary_not_allowed,7008
I wasn't able to use my card today when I went out for lunch. Wondering why that is?,14,card_not_working,1308
How do I receive a card?,43,order_physical_card,8134
Help!  The app has an ATM withdrawl that I didn't make.,20,cash_withdrawal_not_recognised,8836
am afraid someone may have gained access to the info on my card.,22,compromised_card,4496
Which type of card will I receive?,73,visa_or_mastercard,4142
What apps can I use to top up my account?,58,top_up_by_cash_or_cheque,7968
What are the charges for recieving SEPA transfers?,56,top_up_by_bank_transfer_charge,1920
For what reason did my top-up get cancelled?,61,top_up_reverted,3158
Is a physical charge extra,43,order_physical_card,8096
"The exchange rate given to me after a purchase, was incorrect",17,card_payment_wrong_exchange_rate,497
Can you please tell me how long it takes for the transfer to be available.,67,transfer_timing,6640
stop the transaction,8,cancel_transfer,2147
Where can I order my virtual card?,40,getting_virtual_card,3061
Can I have a friend send money directly to me?,50,receiving_money,7385
I want a refund,52,request_refund,5414
I was wondering if international transfers take longer than normal because I made a transfer from France a couple of days ago and nothing has happened yet?,5,balance_not_updated_after_bank_transfer,8643
Which ATM's am i able to change my PIN?,21,change_pin,6913
Why was I charged twice for the same thing?,63,transaction_charged_twice,6442
My source of funds require verification.,70,verify_source_of_funds,6518
I can't remember what my password is,44,passcode_forgotten,4901
Can I get a card? I live in the US.,24,country_support,9939
"If I top up by card, what options do I have re: currency and card type?",54,supported_cards_and_currencies,2933
I've forgotten my passcode. Can I reset?,44,passcode_forgotten,4857
A cash withdrawal that I didn't authorize is shown on my account - can you please cancel my card as soon as possible?,20,cash_withdrawal_not_recognised,8939
How long do bank transfers usually take?,5,balance_not_updated_after_bank_transfer,8769
"What is this card payment, I do not recognize it.",16,card_payment_not_recognised,3638
"
Which cash machines will allow me to change my PIN?",21,change_pin,6984
Can you tell me why I was charged extra when I withdrew money?,19,cash_withdrawal_charge,9463
Can I keep using my card after it expires?,9,card_about_to_expire,9615
What is the most I can top-up?,60,top_up_limits,2315
Am I able to cancel a transfer I just made,8,cancel_transfer,2078
I've tried using my card multiple times and it keeps getting declined.,25,declined_card_payment,5913
Why am I being charged the wrong currency exchange when I purchased something abroad?,17,card_payment_wrong_exchange_rate,540
why is there a fee for the transfer I made?,64,transfer_fee_charged,7206
How long does it take for money to transfer?  I sent some to a friend and it hasn't gone through yet.,66,transfer_not_received_by_recipient,2741
"Hi,  One of payment is still coming as pending for which i have already paid by card. I guess it did not processed, could you please check and update me.",45,pending_card_payment,5169
Can I track the card that was just sent to me?,11,card_arrival,83
I recently bought an item using my card and I was charged an extra fee why is this?,15,card_payment_fee_charged,2664
Is it possible to get a Visa and Mastercard from you?,73,visa_or_mastercard,4111
Can I cash deposit to top up my account,58,top_up_by_cash_or_cheque,7967
I really need to top-up my card today urgently but my card keeps getting declined!! Can you please help me with this problem or let me know if you have any alternatives,59,top_up_failed,8612
"I tried to use my debit card, but the payment did not work.",53,reverted_card_payment?,6723
Help me create several temp cards every day.,29,disposable_card_limits,4360
The App shows a fraudulent payment made on my account.,16,card_payment_not_recognised,3570
I have a direct debit I didn't set up,28,direct_debit_payment_not_recognised,4749
I have a cash withdrawal that I don't recognize.,20,cash_withdrawal_not_recognised,8931
I've been waiting for over an hour for a top up to go through.  How long is this supposed to take?  I really need this money.,47,pending_top_up,2075
Why cant I transfer to my account?,7,beneficiary_not_allowed,7135
where did my funds come from?,70,verify_source_of_funds,6568
The app reverted my top up,61,top_up_reverted,3247
What are the steps for the identity checks?,69,verify_my_identity,9863
Why should I have to prove my identity?,74,why_verify_identity,3800
How can I go about getting a disposable virtual card?,37,get_disposable_virtual_card,8411
"If I ordered my new card last week, how much longer should I wait to receive it?",11,card_arrival,84
Send me my card now! ASAP,12,card_delivery_estimate,1071
I need my card to be activated right now.,0,activate_my_card,9274
"I've got a weird problem: I purchased something a week or maybe it was two weeks ago, and the funds have come back into my account! Can you explain this?",53,reverted_card_payment?,6846
How do I authenticate my top-up?,71,verify_top_up,7792
I think someone may have cloned my card or something.  My card isn't lost but I just saw a charge of $500 cash withdraw.  Can you help me?,20,cash_withdrawal_not_recognised,8831
I do not recognize a direct debit payment that I see on my app,28,direct_debit_payment_not_recognised,4797
I did a money transfer to my account and it is not showing there.,5,balance_not_updated_after_bank_transfer,8642
Is it possible to access my phone from the hotel/,42,lost_or_stolen_phone,5294
Can I top up using my cheque?,58,top_up_by_cash_or_cheque,7979
Can I have a new card shipped to China?,9,card_about_to_expire,9625
"I have been doing some online shopping, but when checking out, it keeps getting declined. I tried a few times and it wouldn't work. What could be wrong?",27,declined_transfer,5576
When will my cheque be processed?,6,balance_not_updated_after_cheque_or_cash_deposit,3331
I just had a wedding and I want to take my spouses name.,30,edit_personal_details,3682
"Hi, I am on vacation in Spain and someone stole my bag with my phone and wallet with cards and everything. Can you block it ASAP and then I want to order a new one also ASAP.",41,lost_or_stolen_card,1483
How long will it take for my top up to work? It's still pending,47,pending_top_up,2065
Is there a top up fee for transfer?,56,top_up_by_bank_transfer_charge,1817
My card has not come in the mail yet.,11,card_arrival,120
"Please cancel my most recent transfer, it was a mistake. This is an emergency. It needs to be canceled before it goes through.",8,cancel_transfer,2093
The app shows a withdrawal that I did not make or authorize.,20,cash_withdrawal_not_recognised,8881
I made a transaction to the wrong account!,8,cancel_transfer,2138
I sent money to my family last Friday but they don't have it.,66,transfer_not_received_by_recipient,2805
Do you charge extra for topping up with a debit or credit card?,57,top_up_by_card_charge,9098
"For you, how long do transfers normally take from a UK account? I completed one just now but nothing appears. I just need to be sure everything is okay.",5,balance_not_updated_after_bank_transfer,8658
Where do I order additional cards?,39,getting_spare_card,7861
Am I able to do a SWIFT transfer with you?,56,top_up_by_bank_transfer_charge,1879
My card was rejected,25,declined_card_payment,5861
Verify top-up card help?,71,verify_top_up,7725
Which credit card top-ups do you accept?,54,supported_cards_and_currencies,2932
Why couldn't I transfer to a beneficiairy?,7,beneficiary_not_allowed,7127
Do you support other currencies?,36,fiat_currency_support,895
I had to pay money for paying with my card.,15,card_payment_fee_charged,2523
Explain the extra ATM fees.,19,cash_withdrawal_charge,9418
I anticipate getting a Visa card,73,visa_or_mastercard,4179
Will I be charged a fee to top up using a debit or credit card?,57,top_up_by_card_charge,9095
"My funds are low, can I auto top up?",4,automatic_top_up,1240
can you tell me why my card was declined?,25,declined_card_payment,5873
The exchange rate on my payment doesn't look right,17,card_payment_wrong_exchange_rate,418
Can I have more than one card?,39,getting_spare_card,7928
"I need to exchange my GBP to AUD, how would I do this?",33,exchange_via_app,1402
Any place that takes Mastercard would be fine.,10,card_acceptance,3124
Why is the cash withdrawal under pending?,46,pending_cash_withdrawal,741
can i go into my app to find my pin,38,get_physical_card,4077
Where's the money from my transfer from Europe?,67,transfer_timing,6617
Someone might have had access to my card.,22,compromised_card,4500
Will you charge for a physical card?,43,order_physical_card,8157
I deposited a check yesterday and im not seeing it posted yet in my account. why is that? can you look into it?,6,balance_not_updated_after_cheque_or_cash_deposit,3308
I need to know where do my funds come from,70,verify_source_of_funds,6511
What is the most amount of disposable cards allowable?,29,disposable_card_limits,4349
"I have found my lost or stolen card, would I still have to activate the new card that was sent to me through the mail in order to access my account?",13,card_linking,216
What fiat currencies are used with holdings and exchanges?,36,fiat_currency_support,923
I didn't cancel my card payment.,53,reverted_card_payment?,6728
Some cash withdrawal that I didn't make showed up in the app.,20,cash_withdrawal_not_recognised,8926
I am not seeing recent cash withdrawal on my account.,46,pending_cash_withdrawal,826
I tried to pay with my card and it didn't work,25,declined_card_payment,5929
Explain why my card payment wouldn't go through.,25,declined_card_payment,5885
Do you charge if I use a European bank card for top up?,57,top_up_by_card_charge,9077
Why aren't my payment funds available to me?,45,pending_card_payment,5193
"I was charged a transfer fee, why is that?",64,transfer_fee_charged,7295
An ATM machine didn't give me back my card.,18,card_swallowed,6247
Help!  In the app there is a direct debit that I don't remember.,28,direct_debit_payment_not_recognised,4750
i need to proof my identity to you why and how?,74,why_verify_identity,3885
How do I find my PIN number?,38,get_physical_card,4033
Can I have my card delivered on Tuesday?,12,card_delivery_estimate,1089
My card payment still pending,45,pending_card_payment,5145
How long would does it take for a seller to receive an EU transfer if I bought something from them and sent them the money immediately?,48,pending_transfer,6072
"My transfer failed, why did that happen?",35,failed_transfer,7477
"My money has gone missing. I had recently added money in, and saw it was there and went through. Now it's missing. What is happening?",61,top_up_reverted,3289
Why did the ATM take my card and keep it?,18,card_swallowed,6269
Please tell me how to change my pin.,21,change_pin,7000
"There are charges on my card from the past few day I am pretty sure I didnt make, can you please freeze it for me? How do I get my money returned since it wasnt me?",16,card_payment_not_recognised,3537
where are the transfers originating,70,verify_source_of_funds,6525
"Please help me in this, as i was unable to make any payment by my new card,  it was getting declined repeatedly. I am not very happy with this incident.",25,declined_card_payment,5898
"Around one or two weeks ago I purchased something but there's seems to be an issue. I have already received one of the items, but today the money was placed back into my account. What is happening?",53,reverted_card_payment?,6863
"How long does it take to activate the card, as it does not look like its working?",0,activate_my_card,9303
Can I change my PIN in Austria?,21,change_pin,6925
If my card is about to expire how long would it take to receive a new one and how much would that cost me?,9,card_about_to_expire,9565
How do I use my card to top up?,62,topping_up_by_card,4334
I made the incorrect payment for my rent yesterday and this needs to be fixed by no later than tomorrow. How can you help?,8,cancel_transfer,2199
I got less cash than what I specified for through the ATM.,75,wrong_amount_of_cash_received,2456
I don't have my card after 1 week. What are my next steps?,11,card_arrival,57
What's the limit for auto top-up?,4,automatic_top_up,1194
I have two of the same charges on my account!,63,transaction_charged_twice,6336
What type of card can I use to top up?,54,supported_cards_and_currencies,2946
How would I top up with a cheque?,58,top_up_by_cash_or_cheque,8039
Can I use any card and currency?,54,supported_cards_and_currencies,2919
Is there a tracking number for the card you sent me?,11,card_arrival,30
I have money in a foreign account that I want to send to this account.,65,transfer_into_account,7597
Can you tell me how long it takes for a new card to come?,12,card_delivery_estimate,1090
Can you show me where to link the new card?,13,card_linking,163
I would like to know how exchange rates are calculated when transferring funds.,32,exchange_rate,298
Why hasn't my friend received the transaction?,66,transfer_not_received_by_recipient,2783
Does the exchange rate change?,32,exchange_rate,363
How come when I tried to pay contactless at the bus it didnt work?,23,contactless_not_working,1783
I made a cash deposit to my account but it is not there,6,balance_not_updated_after_cheque_or_cash_deposit,3479
I am entering my passcode but getting an error.,44,passcode_forgotten,4858
My top-up never worked,59,top_up_failed,8516
How come there is a $1 extra charge on my statement?,34,extra_charge_on_statement,695
What should I do if I think someone is using my card without my permission?,22,compromised_card,4481
How did you arrive at the rate of exchange? I thought that I would get more cash.,76,wrong_exchange_rate_for_cash_withdrawal,8321
Why didn;t my payment work,25,declined_card_payment,5886
How can I activate my new card? I didn't recieve any information with it about how to do so.,0,activate_my_card,9202
where can i have a virtual card,40,getting_virtual_card,3048
"I need to order a new card, can you please direct me to the virtual cards?",40,getting_virtual_card,3081
"Your system is broken. My transfers keep failing, 5 times now.",35,failed_transfer,7433
My identity hasn't been verified.  Can I use my account?,74,why_verify_identity,3871
The exchange rate applied was incorrect when I was traveling outside the country.,76,wrong_exchange_rate_for_cash_withdrawal,8339
What do I do if my smart phone was stolen?,42,lost_or_stolen_phone,5362
Can I have it delivered on the date I need it delivered?,12,card_delivery_estimate,1051
Why is their a charge pending on my card still?,45,pending_card_payment,5129
I was charged an incorrect exchange rate for a withdrawal.,76,wrong_exchange_rate_for_cash_withdrawal,8349
What is the source of funds for my money?,70,verify_source_of_funds,6545
What do I do?  My card is broken.,14,card_not_working,1269
What are the additional charges for a SWIFT transfer?,56,top_up_by_bank_transfer_charge,1893
Are there charges for cash withdrawals?,19,cash_withdrawal_charge,9468
"This is frustrating, I'm at work and my transfers are not going through. I keep getting an error message, I do not have time for this.",7,beneficiary_not_allowed,7082
I can't get the card itself to work.,14,card_not_working,1258
"I would like open a second card for my daughter, how can you assist me?",39,getting_spare_card,7807
What can I do to make my physical card work?,14,card_not_working,1313
Please check the exchange rate for my payment last Saturday. I believe I have been overcharged.,17,card_payment_wrong_exchange_rate,502
What all is needed for the identity verification?,69,verify_my_identity,9848
Why are top-ups being verified?,71,verify_top_up,7729
My passcode was denied.,44,passcode_forgotten,4852
how is it possible to add another card to account,39,getting_spare_card,7916
Where can I find a Mastercard ATM?,3,atm_support,4617
Which foreign currencies do you accept for adding money?,54,supported_cards_and_currencies,2898
I don't recognize this payment at all!  Help!,16,card_payment_not_recognised,3542
Please tell me how the exchange rate is determined. I was expecting more money for the transaction.,76,wrong_exchange_rate_for_cash_withdrawal,8330
Do I get a discount if I exchange currencies a lot?,31,exchange_charge,8967
How is my PIN sent?,38,get_physical_card,4085
"Can my daughter also have a card issued in her name, but linked to my account?",39,getting_spare_card,7835
Where do I go to reset the passcode?,44,passcode_forgotten,4823
"I made a transfer for my rent payment about 2 days ago, but my landlord hasn't received it yet. It shows as done on my  side, and I've double check all account numbers and they are correct. Can you verify that the transaction was actually made?",66,transfer_not_received_by_recipient,2780
"In my app, a direct debit payment that I didn't do shows up.",28,direct_debit_payment_not_recognised,4694
What does it mean when it says I have a payment pending?,45,pending_card_payment,5206
"After putting in the wrong PIN too many times, I was blocked. Can you assist me in changing it?",49,pin_blocked,1721
I paid two weeks ago and just got refunded,53,reverted_card_payment?,6841
You provide support in what countries?,24,country_support,9998
What are the currency types that I can keep money in.,36,fiat_currency_support,1000
I was supposed to get a refund but I do not see it on my statement. When is it going to be updated?,51,Refund_not_showing_up,5731
My transfer didn't work how come?,35,failed_transfer,7521
My card is missing.,41,lost_or_stolen_card,1547
I don't see a money transfer yet,48,pending_transfer,6097
I am paid by my employer in GBP; do I need to do anything in the app to indicate this?,50,receiving_money,7336
My top-up was rejected by an app.,59,top_up_failed,8472
What's the process for exchanges?,32,exchange_rate,308
"I can't see if the transfer I did a couple days ago is in my account yet. I double checked my info before sending, too. Can you check this?",66,transfer_not_received_by_recipient,2769
Why did you charge me extra for withdrawing money?,19,cash_withdrawal_charge,9430
What's the expected wait time to recieve my new card?,11,card_arrival,71
I do not know why I was charged for the $1 transaction.,34,extra_charge_on_statement,692
Why do you need to perform identity verification?,74,why_verify_identity,3859
Do you charge for making a withdrawal? I took some money out of my account earlier and I was charged for this.,19,cash_withdrawal_charge,9368
My top-up was rejected,59,top_up_failed,8546
I lost my wallet and all my cards were in it.,41,lost_or_stolen_card,1476
How can I choose between Visa and Mastercard?,73,visa_or_mastercard,4153
Which fiat currencies are supported for holding and exchanging?,36,fiat_currency_support,983
It appears I have a fee in my statement.,34,extra_charge_on_statement,642
Explain why a card payment would be cancelled?,53,reverted_card_payment?,6853
Why is the payment from my card still pending?,45,pending_card_payment,5237
Can you please help me in canceling my order.,52,request_refund,5504
should i add money via bank transfer instead,57,top_up_by_card_charge,9074
I've been waiting for a refund to show up and I don't see it on my statement yet.,51,Refund_not_showing_up,5718
Can you please disable my current account.,55,terminate_account,6238
Why am I still not able to see the money I deposited a week ago? This is urgent!!,6,balance_not_updated_after_cheque_or_cash_deposit,3446
Is there a limit on disposable cards?,29,disposable_card_limits,4445
Is there any way I can get more physical cards to use with my account?,39,getting_spare_card,7930
What can I do to verify my card?,71,verify_top_up,7789
My ATM withdrawal is taking forever,46,pending_cash_withdrawal,810
What is necessary for the identity verification?,69,verify_my_identity,9872
What do I do if I believe to be a victim of credit card fraud?,22,compromised_card,4508
"The transfer keeps rejected, I tried to transfer some money to friends but it keeps getting rejected for some reason, Would you please check the issue?",35,failed_transfer,7527
Why is my check still not showing up on my account? It's been a week already,6,balance_not_updated_after_cheque_or_cash_deposit,3368
I was unable to transfer money to a beneficiary.,7,beneficiary_not_allowed,7095
My card has been lost / stolen,41,lost_or_stolen_card,1530
What are the limitations on the disposable cards?,29,disposable_card_limits,4363
How do I get Top Up to work in Apple Pay?,2,apple_pay_or_google_pay,9685
Please tell me the limit to topping-up.,60,top_up_limits,2259
Problem with my top up going through,47,pending_top_up,2056
"Hey I am standing in front of an ATM here, it only gave me 10 pounds even though I wanted to withdraw 30! Seems like the app has 30 pounds, what do I do??",75,wrong_amount_of_cash_received,2464
What kind of charges should I expect to exchange currencies?,31,exchange_charge,9014
How much longer until I get my new card?,11,card_arrival,126
I tried activating my card and it didn't work,0,activate_my_card,9273
Is there a few for exchanging foreign currencies?,31,exchange_charge,9032
I inadvertently completed a transaction on a wrong account.,8,cancel_transfer,2170
I am still waiting for a transfer to show up,48,pending_transfer,6047
Can I get money in my home currency at an ATM? I'm on vacation and don't have cash with me. This is cause for a bit of concern. Is it possible to withdraw here without additional cost?,76,wrong_exchange_rate_for_cash_withdrawal,8295
Which currencies can I use to add money?,54,supported_cards_and_currencies,2918
Why was a fee charged to me for transferring money?,64,transfer_fee_charged,7321
How can I lookup the source for my available money?,70,verify_source_of_funds,6530
What went wrong with my transfer?,27,declined_transfer,5586
I made a payment but it was returned.,53,reverted_card_payment?,6740
Can you please sort out your top up? I need this to go through asap because I really need the money. It's already been pending for an hour.,47,pending_top_up,2058
I payed with the card and there was an extra fee?,15,card_payment_fee_charged,2552
Am I allowed to hold money in multiple currencies?,36,fiat_currency_support,913
What do I have to do to get a Visa card?,73,visa_or_mastercard,4158
Do I receive the physical card for free,43,order_physical_card,8098
help me link my card,13,card_linking,261
Where do I top up?,58,top_up_by_cash_or_cheque,7996
Am I limited on the amount of disposable cards I can possess?,29,disposable_card_limits,4382
"I recently purchased something, and the exchange rate was wrong.",17,card_payment_wrong_exchange_rate,438
Are EUR exchanges acceptable?,36,fiat_currency_support,938
I did not get the right amount of cash from the ATM.,75,wrong_amount_of_cash_received,2386
What do I owe for a new card?,43,order_physical_card,8081
Somebody used my card without my knowledge!,22,compromised_card,4534
"My phone got stolen, how can I use the app?",42,lost_or_stolen_phone,5338
What are the fees imposed when I make a transaction?,15,card_payment_fee_charged,2651
Why was I charged for cash withdrawal?,19,cash_withdrawal_charge,9356
Why has my card been charged an extra pound?,34,extra_charge_on_statement,637
Can I use my bank account to send me more money?,65,transfer_into_account,7576
Why is it taking so long to update my balance transfer?,5,balance_not_updated_after_bank_transfer,8735
My balance doesn't show my deposit.,6,balance_not_updated_after_cheque_or_cash_deposit,3337
what's my top-up verification code?,71,verify_top_up,7691
The ATM wouldn't allow me to withdraw money,26,declined_cash_withdrawal,5046
I have another card from the U.S. Will you be able to accept that one?,54,supported_cards_and_currencies,2902
"Hey I double checked that I have the correct account details already, they're right for sure. Transfer is still pending since forever. It's not that difficult to transfer money to another country in 2018 is it?",48,pending_transfer,6049
How do I get my card back after the ATM swallowed it.,18,card_swallowed,6300
What is this strange payment in my account?,16,card_payment_not_recognised,3510
I could not get the top-up to go through,59,top_up_failed,8593
What's the problem? I thought you offered crypto top up. This doesn't appear to be working at all. My money has now vanished from my account.,61,top_up_reverted,3207
A wrong amount of cash we sent to me.,75,wrong_amount_of_cash_received,2458
What is the procedure for me to get more cards on my account?,39,getting_spare_card,7846
Can it add money automatically while travelling,4,automatic_top_up,1176
I tried to withdraw 50 pounds but it only gave me 30. Where is the rest of my money?,75,wrong_amount_of_cash_received,2501
I tried entering my pin several times incorrectly. Why isn't my pin working?,49,pin_blocked,1697
Why is verification for my identity needed?,74,why_verify_identity,3881
Can I see where my money came from?,70,verify_source_of_funds,6490
I don't recognize what this payment on my statement would be for.,16,card_payment_not_recognised,3503
how do i get a new card,43,order_physical_card,8062
My friends would like to add to my account. What is the procedure?,62,topping_up_by_card,4304
How do I link the new card?,13,card_linking,273
How long will it take for the money to reach my account?,67,transfer_timing,6672
Can I set up to my account to automatically top up?,4,automatic_top_up,1153
Are cards delivered to my location?,43,order_physical_card,8056
"I was charged for a cash withdrawal, why?",19,cash_withdrawal_charge,9409
Card activation is not working. What do i do?,0,activate_my_card,9305
I thought crypto top up with something you offer. This is not working. The money has been deducted from my account. Can you find out what's going on?,61,top_up_reverted,3217
I made a bank transfer but it doesn't seem to have gone through?,5,balance_not_updated_after_bank_transfer,8710
My cash received does not match what has been requested,75,wrong_amount_of_cash_received,2426
My credit card seems to have been declined for top up. Why is it not going through? Can you tell me what's going on?,59,top_up_failed,8514
"I want a disposable virtual card, how do I do that?",37,get_disposable_virtual_card,8373
When does my transfer from the US arrive in my account?,67,transfer_timing,6599
A transaction to a friend still hasn't shown up.,66,transfer_not_received_by_recipient,2720
I need to reset the passcode.,44,passcode_forgotten,4909
"Hi,  My money has not been credited to my account for which i have sent you cheque few days before. I am worried about the money please let me know the status.",6,balance_not_updated_after_cheque_or_cash_deposit,3387
After making a transfer from a UK account it's not showing up. How long do these transfers normally take for you? I want to be certain everything is all right.,5,balance_not_updated_after_bank_transfer,8678
There is a payment showing that I know I didn't make. I didn't use my card that day and I'm sure of it. Can you please cancel that transaction and return my money? Thankyou,28,direct_debit_payment_not_recognised,4767
The seller of the items I bought online the other day hasn't received the EU transfer yet. How long do these usually take?,48,pending_transfer,6125
Guide me on how to unblock my PIN,49,pin_blocked,1757
Could you assist me in finding my lost card?,41,lost_or_stolen_card,1556
Is there a way to change my PIN without having to go to the bank?,21,change_pin,6996
"My top up has been pending for an hour already, and I really need this to go through as soon as possible.  Can you help?",47,pending_top_up,1947
Should I complete my security verification before I can use my account?,74,why_verify_identity,3787
I have lost my phone or it has been stolen.,42,lost_or_stolen_phone,5342
Is there a disposable virtual card?,37,get_disposable_virtual_card,8389
Can you tell me why the card payment came back?,53,reverted_card_payment?,6729
I'm not seeing my cash deposit showing up in my account.,6,balance_not_updated_after_cheque_or_cash_deposit,3316
When will my transfer move out of pending stage?,48,pending_transfer,6112
What physical locations can I use cash to top up?,58,top_up_by_cash_or_cheque,8010
"Hello I am unable to exchange the crypto currency through the app, i am very keen to buy. Please let me know the issue.    interested buying crypto currency but i am unable to purchase it through the application,i do want to do the exchange, Could you please let me know what is the problem?",7,beneficiary_not_allowed,7112
"How long does it typically take a transfer to go through?  I sent some money to a friend earlier today, and she really needs it.  It still is a pending transfer, even though I sent it a few hours ago.",66,transfer_not_received_by_recipient,2701
"I am dissatisfied, I would like to close my account.",55,terminate_account,6240
I am under the impression that my top up is still pending,47,pending_top_up,1929
I have a transfer that is pending.,48,pending_transfer,6069
When will my transfer process?,5,balance_not_updated_after_bank_transfer,8780
There are a couple payments with my card in the app I see that I didn't create. What is happening? Maybe someone gained access to my account.,16,card_payment_not_recognised,3620
What do I do if my card is stolen?,41,lost_or_stolen_card,1510
"Someone withdrew money from my account, and it wasn't me.",20,cash_withdrawal_not_recognised,8872
I did not ask for the amount of cash that I received.,75,wrong_amount_of_cash_received,2417
Do physical cards cost money?,43,order_physical_card,8073
How many physical cards am I allowed to have?,39,getting_spare_card,7820
How do I troubleshoot my contactless?,23,contactless_not_working,1802
How can I open an account for my children?,1,age_limit,1622
"I'd rather not use my physical card, how can I get a virtual card?",40,getting_virtual_card,3028
Which countries are you in?,24,country_support,9981
Can I use American express with apple pay? Why does it make my top up not work?,2,apple_pay_or_google_pay,9720
"If my cash withdrawal is still not showing, is something wrong?",46,pending_cash_withdrawal,759
My card payment was not successful.,25,declined_card_payment,5987
"I want to top up by card, what do you support?",54,supported_cards_and_currencies,2978
My transfer didn't complete. Why can't I access funds?,35,failed_transfer,7518
"When exchanging currencies, is there an extra fee?",31,exchange_charge,8956
Why was I charged a fee for using my card,15,card_payment_fee_charged,2537
Is there an age limit to when my child can use these services?,1,age_limit,1636
My PIN tries have run out. Now what?,49,pin_blocked,1672
Where can I order a card?,43,order_physical_card,8084
Can I use a check to top up?,58,top_up_by_cash_or_cheque,8024
The exchange rate is incorrect on an item I recently purchased in a foreign country.,17,card_payment_wrong_exchange_rate,546
"When I went to $100, all the machine would give me was $20.",75,wrong_amount_of_cash_received,2443
Is getting my identity verified required before I can use my account?,74,why_verify_identity,3777
Is there a cost to receive money?,56,top_up_by_bank_transfer_charge,1910
I am still waiting on my card?,11,card_arrival,0
Why doesn't my passcode work?,44,passcode_forgotten,4833
Do you charge a fee for adding money in USD?,57,top_up_by_card_charge,9116
"My card will expire soon, do I need to order a new one?",9,card_about_to_expire,9541
How many digits identify the top-up verification code?,71,verify_top_up,7717
I believe that my card has been stolen!,41,lost_or_stolen_card,1494
There is a direct debit set up that was not authorized by me.,28,direct_debit_payment_not_recognised,4789
What is the top-up limit?,60,top_up_limits,2297
What steps do I have to go through in order to activate my new card?,0,activate_my_card,9318
Why am I having trouble withdrawing cash?,26,declined_cash_withdrawal,5071
When will my transfer move from pending to confirmed?,48,pending_transfer,6066
Can you tell me where my funds come from?,70,verify_source_of_funds,6554
"On a card payment, why is there a fee?",15,card_payment_fee_charged,2533
Which currencies are allowed?,36,fiat_currency_support,945
What happens if I deposit a cheque accidentally?,6,balance_not_updated_after_cheque_or_cash_deposit,3332
What steps do I need to do to delete my account?,55,terminate_account,6159
The app does not believe that I am myself,68,unable_to_verify_identity,3922
Why is it taking so long for a transfer to complete!,66,transfer_not_received_by_recipient,2753
I wasn't applied the correct exchange rate when getting cash,76,wrong_exchange_rate_for_cash_withdrawal,8281
Why doesn't my card work for any transactions?,14,card_not_working,1281
I forgot my PIN and now it is blocked.,49,pin_blocked,1678
My money transfer has not happened yet,48,pending_transfer,6096
How will I know when I get my refund?,51,Refund_not_showing_up,5733
Can topping up be automatic?,4,automatic_top_up,1203
Where did my money go? I'm not able to withdraw it from my ATM.,26,declined_cash_withdrawal,4929
It says the transfer wasn't accepted.,27,declined_transfer,5639
Can I choose my Visa or Mastercard?,73,visa_or_mastercard,4137
What's up with the extra fee I got?,19,cash_withdrawal_charge,9400
I want to delete my account. How do I do this?,55,terminate_account,6182
Is there a fee for transferring money,64,transfer_fee_charged,7280
Can you walk me through how I can edit some of my personal information?,30,edit_personal_details,3712
Please help me get a refund?,52,request_refund,5397
There is a transaction showing in my app that I did not make as I have not used that card all day.  Please reimburse this amount to my account.,28,direct_debit_payment_not_recognised,4809
my virtual card has not came yet!,40,getting_virtual_card,3017
I got billed an extra pound!,34,extra_charge_on_statement,619
Where can i top my card for free?,57,top_up_by_card_charge,9148
What types of top-up methods do you accept?,58,top_up_by_cash_or_cheque,7964
There is a cash withdrawal from an ATM listed but I don't remember making this withdrawal.,20,cash_withdrawal_not_recognised,8822
Help me.  My phone has been lost or stolen!,42,lost_or_stolen_phone,5280
"My card's expiration is approaching, how do I replace it.",9,card_about_to_expire,9627
"I have a US credit card, will you accept it?",54,supported_cards_and_currencies,2949
The cash withdrawal I took seems to be off. The exchange rate is wrong.,76,wrong_exchange_rate_for_cash_withdrawal,8279
I'm expecting a refund but it's no where to be seen,51,Refund_not_showing_up,5826
Will there be a cost if I exchange currency?,31,exchange_charge,9019
Why is there an identity check?,74,why_verify_identity,3848
I'm cancelling this charge. I still have not received what I bought from these people a while ago.,52,request_refund,5533
Please can you block the transaction I just sent from my account? It was a payment but I accidently typed in the wrong details and think it might have gone to the wrong place.,8,cancel_transfer,2197
My card expires next week. How do I get a new one?,9,card_about_to_expire,9522
Why is it showing that my account has been charged a dollar that is showing as pending?,34,extra_charge_on_statement,726
My balance is not right. It has not been updated for the cash or cheque deposit.,6,balance_not_updated_after_cheque_or_cash_deposit,3396
There was a direct debit from my account and I didn't authorise it,28,direct_debit_payment_not_recognised,4673
"I made a transaction, but I made it to an account I didn't mean to make it to.",8,cancel_transfer,2146
Help!  What should I do?  My phone was stolen yesterday.,42,lost_or_stolen_phone,5365
I noticed that there is a withdrawal in the app that is not mine.,20,cash_withdrawal_not_recognised,8896
Why is the fee for taking money out so high?  I feel I was overcharged and I would have never used this ATM if I would have known ahead of time.,76,wrong_exchange_rate_for_cash_withdrawal,8210
Is this card accepted by ATMs?,3,atm_support,4615
Help!  My card is stolen.,41,lost_or_stolen_card,1514
Is there a fee associated with using foreign exchange ATMs?,76,wrong_exchange_rate_for_cash_withdrawal,8258
Is there a charge to use a Top up card in the US?,57,top_up_by_card_charge,9129
Why did the cash deposit not show up in my account?,6,balance_not_updated_after_cheque_or_cash_deposit,3417
Do you have to be in the UK to get a card?,24,country_support,9882
Will I be charged for a cash withdrawal?,19,cash_withdrawal_charge,9417
"My American express works with my apple pay, why is top up not working?",2,apple_pay_or_google_pay,9673
What is needed for the identity verification?,69,verify_my_identity,9869
I have exceeded all my PIN tries,49,pin_blocked,1754
Why can I not choose the card i want?,73,visa_or_mastercard,4114
My card payments have stopped.,53,reverted_card_payment?,6787
How to exchange my currency,33,exchange_via_app,1406
Where'd the rest of my cash go from the ATM,75,wrong_amount_of_cash_received,2473
There are a couple payments with my card displayed in the app which I didn't make. What is happening? Maybe someone has access to my card.,16,card_payment_not_recognised,3612
I want to stop my account,55,terminate_account,6173
I can not find my phone or it has been stolen.,42,lost_or_stolen_phone,5266
What do I do if I see a cash withdrawal on my account that I don't remember making?,20,cash_withdrawal_not_recognised,8855
When do I see my recent refund in my statement,51,Refund_not_showing_up,5726
"for god sake, just delete my account i am sick of this",55,terminate_account,6147
why did my account decline a incoming transfer,7,beneficiary_not_allowed,7099
Is there a way I can check on the card on route to me?,11,card_arrival,102
When will my top up go through?,47,pending_top_up,2068
"If I need delivery on a certain day, is that something that could be accommodated?",12,card_delivery_estimate,1079
How to edit personal details?,30,edit_personal_details,3705
I got a fee when paying with my card,15,card_payment_fee_charged,2579
"I don't want to buy this car anymore, can I cancel the transaction and get a quick refund back?",52,request_refund,5474
Do you have a list of cards and currencies you support?,54,supported_cards_and_currencies,2947
I have one other credit card from the US. Do you take it?,54,supported_cards_and_currencies,2939
I would like to have a physical card to carry around and use. How can I get one?,43,order_physical_card,8161
There is an urgent thing that I need to transfer from China. Approximately how long will it take?,67,transfer_timing,6619
Is it possible to get a disposable virtual card as well?,37,get_disposable_virtual_card,8434
The purchase I made is still pending.,45,pending_card_payment,5094
My virtual car is not working.,72,virtual_card_not_working,8188
How do I get money from friends?,50,receiving_money,7364
"How long does an international transfer take? I made the transfer from France 2 days ago, but it is not showing up in my bank yet.",5,balance_not_updated_after_bank_transfer,8728
"Hi, I have withdrawn cash from the ATM on holiday and i guess withdrawal amount has been overcharged. I did it as i was not aware of these charges.",76,wrong_exchange_rate_for_cash_withdrawal,8228
need help with google pay top up,2,apple_pay_or_google_pay,9696
Can I add money to my account via bank transfer?,65,transfer_into_account,7572
Why is my top-up pending?,47,pending_top_up,2038
Tell me how to delete my account.,55,terminate_account,6232
Where can i exchange between GBP and USD,33,exchange_via_app,1405
What is the longest a US transfer should take to appear in my account?,67,transfer_timing,6669
Why would I receive an error that my transfer isn't possible when I've done it before?,7,beneficiary_not_allowed,7149
For what reason must I authenticate the top up?,71,verify_top_up,7690
I have a missing refund,51,Refund_not_showing_up,5698
Please help me.  My card is missing.,41,lost_or_stolen_card,1532
I was charged a fee for using my card. Can I check that in any way? It seems like there are occasions that I am charge for fees. Can you elaborate this?,15,card_payment_fee_charged,2539
Can you tell me how to tell where my funds come from?,70,verify_source_of_funds,6547
Why was my card declined in a shop?,25,declined_card_payment,5859
Can I use my card in Austria?,24,country_support,9881
"If I'm getting my identity verified, what all do I need?",69,verify_my_identity,9835
I am still waiting for a the cash I deposited this morning,6,balance_not_updated_after_cheque_or_cash_deposit,3302
I have a top-up that's still pending and wanted to know about it.,47,pending_top_up,1932
Do you know when the withdrawal will show?,46,pending_cash_withdrawal,774
Why was I double charged?,63,transaction_charged_twice,6362
Please provide me with the restrictions of the disposable cards.,29,disposable_card_limits,4380
Why did the app deny my top-up?,59,top_up_failed,8545
What caused my cash withdrawal to be declined?,26,declined_cash_withdrawal,5033
What are the guidelines for the disposable cards?,29,disposable_card_limits,4343
top up by my card is that possible?,62,topping_up_by_card,4283
"I'm hoping you can answer my question about a pending transfer that I've had for a while now.  I know that all of the account details are correct, so why is it taking so long to go through?",48,pending_transfer,6012
how do you get exchange rates,32,exchange_rate,357
I must change my PIN as soon as possible.,21,change_pin,6928
"Hello. I have a transaction in my account listed as pending. I tried to use an ATM at the city centre, but the machine declined my card, and I did not receive the money. Why is the transaction still pending if I did not receive the money.",46,pending_cash_withdrawal,800
My throwaway virtual card won't work,72,virtual_card_not_working,8175
How long do you have to wait to see your virtual card your ordered?,40,getting_virtual_card,3064
What are the acceptable currencies for adding funds?,54,supported_cards_and_currencies,2877
I have gone through my statements and noticed there is a large payment that I did not make. Can i still dispute the payment? its been a while,28,direct_debit_payment_not_recognised,4745
I cant prove who I am,68,unable_to_verify_identity,3938
Why is there a charged fee for debit or credit card payment?,15,card_payment_fee_charged,2607
"Hurry and refund me, I am waiting",51,Refund_not_showing_up,5729
I did a transaction to a wrong account!,8,cancel_transfer,2120
can i top up with check?,58,top_up_by_cash_or_cheque,7966
Top up not available in my wallet.,62,topping_up_by_card,4279
I lost the code and can not get into the app. Help!,44,passcode_forgotten,4862
Can I get spare cards?,39,getting_spare_card,7876
Someone hacked into my cards account.,22,compromised_card,4527
I moved to a new city and need to change my address,30,edit_personal_details,3659
"On the card that is coming, what's the tracking info?",11,card_arrival,20
Is there a problem with your system being down or something? I have already tried 5 times to issue a standard transfer but I'm getting nowhere.,35,failed_transfer,7437
"After reviewing my charges, I see I was charged a fee for a transfer I did, why?",64,transfer_fee_charged,7289
"It's been more than a week since I had a return charged to my card, why hasn't it showed up?",51,Refund_not_showing_up,5734
How can I find out where the funds are flow?,70,verify_source_of_funds,6585
Why is it I am charged an extra fee when I use the ATM?,19,cash_withdrawal_charge,9399
I don't understand where this charge came from.,16,card_payment_not_recognised,3486
Would I be able to get an account for my child?,1,age_limit,1644
My account did not allow the transfer.,7,beneficiary_not_allowed,7085
What will happen after my card expires?,9,card_about_to_expire,9585
Does it cost anything and how long would it take to get a card if I need a new one? My card is about to expire.,9,card_about_to_expire,9621
"Your card pin can be changed at any Visa or MasterCard ATM with Pin services, excluding countries such as Belgium, Luxembourg, Austria, Germany, Spain, and France.",21,change_pin,6991
The card PIN?,38,get_physical_card,4003
I was told I would be getting a refund but I have yet to see it,51,Refund_not_showing_up,5811
"Last Saturday, I was charged extra for the exchange rate on my payment. Is something wrong?",17,card_payment_wrong_exchange_rate,404
How do I verify my source of funds?,70,verify_source_of_funds,6526
My top up did not complete.,47,pending_top_up,1958
Why have i been charged a fee for using my card?,15,card_payment_fee_charged,2634
"I would like to delete my account now, please.",55,terminate_account,6143
Why are my transfers not going through.  I have tried over 4 times to get it to work.  This is just a simple transfer.  Is something else causing this in the system?  Is it broken?,35,failed_transfer,7529
Why didn't my transfer work?,35,failed_transfer,7474
How much does it cost to exchange my balance into a foreign currency?,31,exchange_charge,9010
"I see I was charged extra when I used the card.  I am not sure why, please tell me why.",15,card_payment_fee_charged,2638
My card is stuck in the ATM?,18,card_swallowed,6253
What steps do I take to unblock my PIN?,49,pin_blocked,1689
The disposable cards - what are they for?,37,get_disposable_virtual_card,8467
A direct debit payment that I didn't authorise shows up in my app.,28,direct_debit_payment_not_recognised,4641
What are the currencies that are accepted to add money?,54,supported_cards_and_currencies,2991
How long does it take for a bank transfer to show on my balance?,5,balance_not_updated_after_bank_transfer,8661
"I requested a refund from a merchant a while ago, and upon repeatedly checking my statement, the merchant has yet to refund me my money.  I don't know what's going on, or why the money is getting into my account--could you please help?",51,Refund_not_showing_up,5686
My card is not working.,14,card_not_working,1262
I tried to buy something over the Internet yesterday and got a declined error. I tried again today and got the same message. What is the issue?,27,declined_transfer,5565
A transfer was not allowed to an account.,7,beneficiary_not_allowed,7076
Help! I've forgot my app passcode!,44,passcode_forgotten,4879
I'm still awaiting for the completion of the transaction.,66,transfer_not_received_by_recipient,2836
Why was my card declined?,25,declined_card_payment,5879
Google play top up help?,2,apple_pay_or_google_pay,9653
"My account shows I have been charged twice for the same meal. How do I get the second payment voided and returned to me? I do not eat out much and my family is living paycheck to paycheck,  mostly. I cannot afford to spend more money than necessary, as is, so I must see to it that the cost be promptly credited back onto my card.",63,transaction_charged_twice,6392
I just made a top-up but it shows as pending! I use your service all the time and have never had a problem before. Why does it keep showing up as pending?,47,pending_top_up,2051
how much does a card cost and why do you charge me,43,order_physical_card,8132
How do I verify my new card?,0,activate_my_card,9182
I made a transfer and the person I transferred the money to didn't receive the right amount? Why did this happen and how do I get the rest of the money to them?,64,transfer_fee_charged,7270
My card was declined,25,declined_card_payment,5895
I noticed additional charges when transferring?,64,transfer_fee_charged,7183
I want to get my hands on one of those virtual cards!,40,getting_virtual_card,3003
Can I top-up automatically?,4,automatic_top_up,1220
I need to do a card activation.,0,activate_my_card,9307
"I just noticed that I supposedly made a payment to a seller a while back. The problem is, I don't recognize the seller. There must be a way to see who it is or track the payment. Can you do that, because I don't remember this transaction?",28,direct_debit_payment_not_recognised,4693
The machine didn't work earlier when I went to get money out and now my account says transaction in progress.Why?,46,pending_cash_withdrawal,788
How to receive the actual card,43,order_physical_card,8129
Please send my refund now.,51,Refund_not_showing_up,5755
Where can I go to get my PIN unblocked?,49,pin_blocked,1711
Will I be able to get both a visa and a mastercard?,73,visa_or_mastercard,4178
Money is not in recipients account.,66,transfer_not_received_by_recipient,2740
Where can I find an ATM?,3,atm_support,4625
Why hasn't my transfer from Europe gone through?,67,transfer_timing,6715
Can you tell me exactly what fees I will expect to see in regards to your cards?,43,order_physical_card,8054
I happened to forget my passcode,44,passcode_forgotten,4845
I'm trying to purchase crypto via the app. I haven't been able to get it to go through. Am I doing something wrong?,7,beneficiary_not_allowed,7025
How do i change my identity?,69,verify_my_identity,9855
What is the disposable card for?,37,get_disposable_virtual_card,8465
When I exchanged currencies the value of my money changed.,76,wrong_exchange_rate_for_cash_withdrawal,8259
Is there a reason my new card hasn't arrived yet?,11,card_arrival,80
How can I obtain a disposable virtual card?,37,get_disposable_virtual_card,8457
I was checking my statement and I think one of my card payments has reverted,53,reverted_card_payment?,6774
Can I exchange my money for EUR?,36,fiat_currency_support,998
"I need to set up an account for my daughter, how would I do that?",1,age_limit,1641
How can I access my account when I have lost my phone?,42,lost_or_stolen_phone,5341
Would I be able to use SWIFT transfers?,56,top_up_by_bank_transfer_charge,1858
Why would the ATM machine fail to give me the cash withdrawal I requested?,26,declined_cash_withdrawal,5016
My card won't let me withdraw money.,26,declined_cash_withdrawal,4940
How come I got to pay to get my money from the ATM?,19,cash_withdrawal_charge,9386
Why is the pending status on my cash withdrawal taking so long?,46,pending_cash_withdrawal,814
Does the top-up need verified?,71,verify_top_up,7693
Help please!  My rent payment is coming out tomorrow and I made a payment mistake yesterday! Can you put in in the correct account?,8,cancel_transfer,2223
How much is it to use my US debit or credit card to top up?,57,top_up_by_card_charge,9170
Do you take SWIFT transfers?,56,top_up_by_bank_transfer_charge,1897
I did not make this payment that I see in the App.,16,card_payment_not_recognised,3580
Can you tell me where I can withdraw money?,3,atm_support,4561
Who can have access to top up my account?,62,topping_up_by_card,4327
Can you please explain the topping up transfer process?,65,transfer_into_account,7661
Was there a way for me to get tracking for that?,11,card_arrival,60
is there a way to fix my top up,59,top_up_failed,8605
Why does top-up require verification?,71,verify_top_up,7751
Will you charge me more if I top up with an international card?,57,top_up_by_card_charge,9168
Do i have to top-up with my credit card before I can transfer?,62,topping_up_by_card,4329
I just got my new card.  How can I activate it?,0,activate_my_card,9326
"I sent some money to somebody a couple of hours ago, and they still have yet to receive it.  They really need the money, how much longer are they going to have to wait?",66,transfer_not_received_by_recipient,2867
Can I use my American Express card to add money into my account?,54,supported_cards_and_currencies,2873
I just had my card get declined at the ATM! I need to get money out but I am unable to.  Why has this happened?,26,declined_cash_withdrawal,5065
My card isn't letting me purchase something and I wanted to know why.,7,beneficiary_not_allowed,7150
How can I fix my card if the contactless function didn't work this morning?,23,contactless_not_working,1810
The transfer that I was trying to complete was declined. What was the cause?,27,declined_transfer,5647
When will my transfer finish pending?,48,pending_transfer,5992
"I have made a payment by my card, and its still pending since a long time. Could you please tell me when it will process.",45,pending_card_payment,5215
there is a debit i dont recognize,28,direct_debit_payment_not_recognised,4677
I would like to use top-up with my Apple Pay.,2,apple_pay_or_google_pay,9692
I made a payment with my card that was cancelled?,53,reverted_card_payment?,6742
Why have you declined my card payment?,25,declined_card_payment,5974
Is there a way I can get my card expedited?,11,card_arrival,51
Can you tell me why my top-up was canceled?,61,top_up_reverted,3299
Is payment required to get a card of my own?,43,order_physical_card,8147
"Hello, I was contacted by a seller who let me know my money didn't come through on their side. It most certainly came out of my account so I need this looked at immediately because now it has been returned to me!",53,reverted_card_payment?,6820
how much does it cost to add money,57,top_up_by_card_charge,9079
I haven't received my pin,38,get_physical_card,4009
Do I pay a fee for SEPA transfers?,56,top_up_by_bank_transfer_charge,1909
How do I change the details in my account?,30,edit_personal_details,3680
"Someone has stolen my phone, what should I do?",42,lost_or_stolen_phone,5254
I would like to be assisted with the activation of my card.,0,activate_my_card,9228
Do I have to manually top-up my account each time or will it do it on its own?,4,automatic_top_up,1236
"How do I activate my card, so that I can start using it?",0,activate_my_card,9226
How do I transfer funds directly from my credit card?,62,topping_up_by_card,4280
My top up is incomplete.,47,pending_top_up,1951
Been trying to transfer money this morning but keep getting rejected. I don't understand why this is happening.,35,failed_transfer,7519
After taking over my card transactions I noticed that was charged twice for a restaurant purchased from earlier this week. Can you please remove one of these transactions from my account since it is not accurate?,63,transaction_charged_twice,6414
I checked the app and there is a payment that I don't recognize.,16,card_payment_not_recognised,3562
How can I the person see my money transaction?,66,transfer_not_received_by_recipient,2863
show me how to top up,62,topping_up_by_card,4303
what is the matter?,28,direct_debit_payment_not_recognised,4655
Will it cost me to get a second card?,39,getting_spare_card,7908
Are there any fees associated with receiving money?,56,top_up_by_bank_transfer_charge,1921
I am trying to delete my account.,55,terminate_account,6208
What if I need to use GBP instead of USD?,33,exchange_via_app,1361
I don't have the device I used to log onto the platform so I can't access it.,42,lost_or_stolen_phone,5282
How much would I be charged for a transfer?,56,top_up_by_bank_transfer_charge,1915
How many times can I use a virtual card?,29,disposable_card_limits,4339
"I made a transfer and the receiver did not get the right amount its lesser than what it should be,Now I have to transfer more money to make up for the missing amount . Can you please help me about this, what should be done",64,transfer_fee_charged,7202
My purchases from this morning are showing up as payment pending. Can you tell me why?,45,pending_card_payment,5152
Am I able to track the card that was just sent to me?,11,card_arrival,43
Can I use a bank transfer to add money to my account?,65,transfer_into_account,7655
I can't use the app.  My phone is lost at the hotel.,42,lost_or_stolen_phone,5355
I cant find my card.,41,lost_or_stolen_card,1537
"I may need to exchange my USD for GBP, can your app do that?",33,exchange_via_app,1425
I was just giving the wrong amount by the ATM. How do I request cash back at this point? The app is showing the amount that I actually requested even though that's not what I got.,75,wrong_amount_of_cash_received,2381
Please verify my top-up card,71,verify_top_up,7720
How do i activate my card,0,activate_my_card,9184
Is it possible to have more than one disposable card?,29,disposable_card_limits,4388
Where can my card be used?,10,card_acceptance,3120
I used my pin too many times.,49,pin_blocked,1727
"I travel a lot, can I get a bulk currency exchange discount?",31,exchange_charge,8993
How long until my card will get here?,12,card_delivery_estimate,1014
My app is showing a payment that I know I did not do. Can you please cancel that transaction and credit my account please?,28,direct_debit_payment_not_recognised,4642
There is payment showing that I didn't do.,16,card_payment_not_recognised,3516
Can I receive a refund for an item I purchased?,52,request_refund,5443
How long does it take to get money from Europe?,67,transfer_timing,6702
I need to change a transfer.,8,cancel_transfer,2096
Is it possible to get a new card in China?,9,card_about_to_expire,9524
My card has been stolen what do I do?,41,lost_or_stolen_card,1491
Can I get a disposable card?  How many can I have?  How often can I use them?,29,disposable_card_limits,4350
why is there a service fee on my statement?,34,extra_charge_on_statement,614
Do you charge anything for topping up?,56,top_up_by_bank_transfer_charge,1867
I tried to get cash out of the ATM but it is taking too long,46,pending_cash_withdrawal,740
Where's my top up code?,71,verify_top_up,7776
Is it possible to obtain both a Visa and a Mastercard from you?,73,visa_or_mastercard,4194
Can I see where my funds come from?,70,verify_source_of_funds,6580
There is a payment showing on my app that I didn't do. Will you please cancel this payment and refund my money ?,28,direct_debit_payment_not_recognised,4812
I see a strange payment in my account.,16,card_payment_not_recognised,3608
why do i have to verify top up?,71,verify_top_up,7704
Am I charged for receiving money?,56,top_up_by_bank_transfer_charge,1835
I an not sure but it looks as if a card payment I made was cancelled.,53,reverted_card_payment?,6871
I made a purchase recently but I have decided that I'm not buying it and I need to receive my money back. Can you please give me a refund ASAP. It's extremely urgent.,52,request_refund,5396
I want a refund on a direct debit.,28,direct_debit_payment_not_recognised,4717
My transaction went through but I was charged a fee. Why?,64,transfer_fee_charged,7175
What's wrong with my ID? I can't verify it.,68,unable_to_verify_identity,3951
My card is about to expire.  Where do I get a new one.,9,card_about_to_expire,9636
My credit card payment has been in pending status for a super long time.  I don't get it.  Why is it like this?  When will it go through?,45,pending_card_payment,5234
"I just went through a old statement and noticed that a very large payment went through and i did not make it. It was from a few months ago, can I still dispute the payment?",28,direct_debit_payment_not_recognised,4742
I was charged multiple times for one transaction.,63,transaction_charged_twice,6377
I don't know where the top-up verification code is.,71,verify_top_up,7722
Could you tell me why my cash withdrawal was declined?,26,declined_cash_withdrawal,4942
What is the procedure for an expired card?,9,card_about_to_expire,9546
How can I add money to my account from another account I have?,65,transfer_into_account,7596
What caused my top-up to be returned?,61,top_up_reverted,3168
Can I get some help activating my new card?,0,activate_my_card,9198
My latest payment was declined! What happened! I was told everything had been resolved and was back to working order again.,25,declined_card_payment,5869
Does this program take SWIFT transfers?,56,top_up_by_bank_transfer_charge,1872
i used a check check yesterday to balance my account and it isn't showing up?,6,balance_not_updated_after_cheque_or_cash_deposit,3425
How do I reactivate a card I thought I lost?,13,card_linking,193
"May I reactivate my card? I previously reported it lost, but have now found it safe and sound.",13,card_linking,192
My address details have changed and I want to update them,30,edit_personal_details,3656
The wrong account was used during a transaction.,8,cancel_transfer,2215
How can I transfer money to a beneficiary?,7,beneficiary_not_allowed,7145
How long does it take to verify a cash withdraw?,46,pending_cash_withdrawal,748
After purchasing an item I noticed the exchange rate was incorrect.,17,card_payment_wrong_exchange_rate,421
Why is this fee being charged to me after using my card?,15,card_payment_fee_charged,2549
What's the tracking on the card you sent?,11,card_arrival,37
How can I receive verification for the source of my funds?,70,verify_source_of_funds,6559
What are the steps for identity checks?,69,verify_my_identity,9813
What fiat currencies do you support?,36,fiat_currency_support,914
Changing my PIN,21,change_pin,6973
My ATM card isn't working for a withdrawl,26,declined_cash_withdrawal,4973
I tried to get some money but the machine was not working .The transaction still seems in progress! Can you please check what's going on.I don't want to be charged for money that I did not received.,46,pending_cash_withdrawal,793
I tried to make a payment with my card and it was declined. Why is it pending?,45,pending_card_payment,5240
think someone is using my card with permission,22,compromised_card,4505
Where are the ATMs that accept this card?,3,atm_support,4571
What is the delivery time for US?,12,card_delivery_estimate,1083
"Um, my top up didn't work",59,top_up_failed,8599
how do I ask for a physical card?,43,order_physical_card,8110
Which ATMs accept Mastercard?,3,atm_support,4584
What type of card can I get?,73,visa_or_mastercard,4180
I want to cancel a transaction from this morning.,8,cancel_transfer,2226
"I made a transfer and according to the receiver ""they haven't received the right amount"" Its lesser than it should be.Now I have to transfer more money to make up for the missing amount . Can you please help me about this,what should be done",64,transfer_fee_charged,7265
Where did this extra €1 fee on my statement come from?,34,extra_charge_on_statement,586
"Why is my transfer appearing as ""pending""?",48,pending_transfer,6117
"My job requires me to do a lot of exchanging currency, and I was wondering about any possible discounts or lower prices.",31,exchange_charge,9049
How long do bank transfers take to clear,5,balance_not_updated_after_bank_transfer,8654
Your company is lame. Shut down all my account services right now.,55,terminate_account,6189
Can I reset my PIN?,21,change_pin,6956
I saw I was charged extra for money I withdrew?,19,cash_withdrawal_charge,9344
I need my card as quick as possible,12,card_delivery_estimate,1056
Is there a disposable virtual card option?,37,get_disposable_virtual_card,8450
What card types can I choose from?,73,visa_or_mastercard,4139
Am I allowed to carry an additional card?,39,getting_spare_card,7873
Could you tell me what your exchange rates are?,32,exchange_rate,386
My refund has not shown up on my statement.,51,Refund_not_showing_up,5779
I was given the wrong exchange rate when getting cash,76,wrong_exchange_rate_for_cash_withdrawal,8325
Are there any limits if I use these virtual cards?,29,disposable_card_limits,4396
I'm still waiting on my new card to be delivered!,11,card_arrival,141
"I'm currently not in possession of my phone, is it still possible to go about things normally without access to the app?",42,lost_or_stolen_phone,5289
How can I reset the passcode if I need to do that?,44,passcode_forgotten,4864
What do I do if I still have not received my new card?,11,card_arrival,7
There is a direct debit payment that I did not make.,28,direct_debit_payment_not_recognised,4636
What does it mean if my top-up has not gone through?,47,pending_top_up,1964
I'm supposed to have a refund but it isn't there,51,Refund_not_showing_up,5740
"The card I thought I lost was in my jacket pocket this morning, so can I reactivate that?",13,card_linking,284
virtual card won't work for me,72,virtual_card_not_working,8199
Why am I charged a fee for using my card on some purchases?,15,card_payment_fee_charged,2693
Can I use my virtual card for recurring monthly payments?,72,virtual_card_not_working,8198
"I am having a slight problem with my American express in apple play, can you help me fix the problem with top up?",2,apple_pay_or_google_pay,9666
how long should i wait ti activate my card,0,activate_my_card,9246
how do i get the card linked,13,card_linking,204
Google pay top up not working.,2,apple_pay_or_google_pay,9749
limits on top ups,60,top_up_limits,2328
Why was I charged twice for the same transaction?,63,transaction_charged_twice,6471
Why is there an extra charge on my statement.,34,extra_charge_on_statement,592
How long will it take for my payment to go through?,45,pending_card_payment,5113
"I'm locked out of my account as I can't remember my code, what do I do now?",44,passcode_forgotten,4890
Where is the top-up verification code located?,71,verify_top_up,7689
Can my teenager have an account?,1,age_limit,1632
do I need to verify my identity before I can use my card?,74,why_verify_identity,3818
Why hasn't the money I transferred into my account shown up yet?,5,balance_not_updated_after_bank_transfer,8730
How do I get my card?,43,order_physical_card,8095
Can you tell me why my pop-up is still pending?,47,pending_top_up,2059
My statement indicates I made a payment to an unfamiliar merchant.,16,card_payment_not_recognised,3483
Where do you need to live to receive card,43,order_physical_card,8063
"left my phone at hotel, cant use app",42,lost_or_stolen_phone,5350
2 weeks ago I ordered my new card.  It isn't here.  What should I do?,11,card_arrival,68
WHAT IS THE SOLUTION OF THIS PROBLEM,11,card_arrival,93
Unsure how to provide my identity.,68,unable_to_verify_identity,3909
Why is the app showing a still pending message on a withdraw that has already been done?,46,pending_cash_withdrawal,757
How can I go about getting a refund?,52,request_refund,5491
How can a payment be declined,25,declined_card_payment,5892
My disposable virtual card got rejected,72,virtual_card_not_working,8173
"If my card is going to expire this month, do I need to order a new one?",9,card_about_to_expire,9611
Why is there a verification to identity,74,why_verify_identity,3836
I withdrew some cash and the exchange rate seems to be wrong.,76,wrong_exchange_rate_for_cash_withdrawal,8316
Can a friend top up my account,62,topping_up_by_card,4310
Can you give me a virtual card?,40,getting_virtual_card,3002
I bought something and want the money refunded can I get some help with that?,52,request_refund,5451
I need my PIN unlocked.,49,pin_blocked,1698
The rate applied to my foreign currency at an ATM was incorrect.,76,wrong_exchange_rate_for_cash_withdrawal,8354
Can you please refund my item?,52,request_refund,5429
is it possible to top-up with google pay.,2,apple_pay_or_google_pay,9741
Why have I been charged a fee for transferring money?,64,transfer_fee_charged,7248
Do you deal with EUR?,36,fiat_currency_support,981
I'd prefer to use my American Express when putting funds into my account.,54,supported_cards_and_currencies,2905
I can't find my card! Can you help?,41,lost_or_stolen_card,1482
Is topping up with cash allowed?,58,top_up_by_cash_or_cheque,7984
I believe my card payment were reverted,53,reverted_card_payment?,6761
"I keep trying to make a payment, but it doesn't work.",25,declined_card_payment,5957
"When I travel, can it automatically add money in certain intervals?",4,automatic_top_up,1187
I am not happy with your service and request that my account be terminated!,55,terminate_account,6183
I was given less cash then I wanted.,75,wrong_amount_of_cash_received,2391
Can i top up by card?,62,topping_up_by_card,4264
How can I link the new card?,13,card_linking,229
"In my app, a direct debit payment I didn't do shows in my app",28,direct_debit_payment_not_recognised,4799
The bank machine didn't give my card back how do I get a new one fast?,18,card_swallowed,6282
Why haven't I gotten a virtual card yet?,40,getting_virtual_card,3013
What is your shipping policies for cards?,12,card_delivery_estimate,1043
Can I go ahead and use my account even though my identify hasn't been verified yet?,74,why_verify_identity,3819
What does the €1 fee mean?,34,extra_charge_on_statement,688
Do you also have this extra fee on your statement?,34,extra_charge_on_statement,654
To receive money are there charges?,56,top_up_by_bank_transfer_charge,1843
What are you exchange rates?,32,exchange_rate,303
Card payment is showing as pending,45,pending_card_payment,5131
Does it cost anyting to get my own card?,43,order_physical_card,8071
What is this withdrawal as I do not remember making it.,20,cash_withdrawal_not_recognised,8901
Why am I being charged fees on some transactions but not on others? What am I missing here? I cannot find where to see the fee structure on my account. Help!,15,card_payment_fee_charged,2551
Why do I need top-up to be verified?,71,verify_top_up,7791
May I transfer a cheque into my account?,58,top_up_by_cash_or_cheque,8023
What are the reasons that my mortgage payment won't go through? I'm getting an error and don't know how to correct to get this transfer to go through.,35,failed_transfer,7544
I had transferred some money but the balance hasn't changed.,5,balance_not_updated_after_bank_transfer,8656
I'm not happy with the services I'm getting with this company. Can you please delete my account?,55,terminate_account,6194
I have cash deposit to my account but it is experiencing a problem,6,balance_not_updated_after_cheque_or_cash_deposit,3439
How does the exchange rate work?,32,exchange_rate,349
How do I dispute a direct debit transaction?,28,direct_debit_payment_not_recognised,4725
I can't see my refund on my account,51,Refund_not_showing_up,5835
Where can I get your exchange rates from?,32,exchange_rate,332
I withdrew cash abroad and the exchange rate applied is wrong.,76,wrong_exchange_rate_for_cash_withdrawal,8367
I had a dollar charged to my account that's still pending and wanted to know what the charge is for?,34,extra_charge_on_statement,650
I still have not received an answer as to why I was charged $1.00 in a transaction?,34,extra_charge_on_statement,669
"I have checked my statements multiple times, but my refund that I requested a while back is not showing on my account. Is there a reason for this? Can I get some help getting my money back from this transaction?",51,Refund_not_showing_up,5828
Can I get information on the identity checks?,69,verify_my_identity,9856
Can you tell me the cost of a transfer?,56,top_up_by_bank_transfer_charge,1824
Why would my transfer result in a decline message?,27,declined_transfer,5646
why have I got a pending transfer? I'm confused!!,48,pending_transfer,6040
It won't let me activate my card.,0,activate_my_card,9194
"Hello, I tried to top up with my card, but it didn't work. I just got it a couple days before and it works fine. What's the deal? Can you check into this?",59,top_up_failed,8586
I'd like to know what you guys look at to decide an exchange rate,32,exchange_rate,394
What are the countries you have offices in?,24,country_support,9931
How come the ATM won't give me my money?,26,declined_cash_withdrawal,5082
I want a new PIN please.,21,change_pin,6918
How come I can't seem to verify my id?,68,unable_to_verify_identity,3958
"I was out today looking forward to paying with my new card, but the payment just kept getting declined. This is really sad, what's going on?",25,declined_card_payment,5850
I got a declining message during a transfer? please tell me why,27,declined_transfer,5657
I was supposed to get a refund but I do not see it.,51,Refund_not_showing_up,5768
I would like to get a few more physical cards.,39,getting_spare_card,7896
What is the max I can top up?,60,top_up_limits,2317
I misplaced my phone so I can't use the app! Does this mean I can't use my card?,42,lost_or_stolen_phone,5299
Why was I charged an extra fee when paying with card?,15,card_payment_fee_charged,2527
how do i get top up with cash deposit,58,top_up_by_cash_or_cheque,8021
Why do I see an extra fee on my statement?,34,extra_charge_on_statement,620
I have a new phone number and need to edit my contact information.,30,edit_personal_details,3674
"I want to give a second card for this account to my daughter, would this be possible?",39,getting_spare_card,7845
My cash transaction isn't showing on my receipt,66,transfer_not_received_by_recipient,2813
I was declined a transfer,27,declined_transfer,5602
"So, I was just charged for my recent ATM withdrawal and any withdrawal prior to this has been free. What is the issue here?",19,cash_withdrawal_charge,9369
Help.  My card is broken.,14,card_not_working,1292
"Someone stole my phone, what is my next step?",42,lost_or_stolen_phone,5259
May I change my PIN?,21,change_pin,6966
At which locations can I order a card?,43,order_physical_card,8124
I tried to top up but the app rejected it.,59,top_up_failed,8564
How much can I withdrawal in one month without incurring fees?,19,cash_withdrawal_charge,9376
There is a strange 1£ charge that appears as pending on my statement. What's the cause for that? I haven't purchased anything for a pound.,34,extra_charge_on_statement,698
Where can i find the virtual card?,40,getting_virtual_card,3027
"Hi, I am new to this. Are there any additional fees or charges that I should be aware of? I was looking through the app and I thought I saw something in regards to fee-free allowances.",15,card_payment_fee_charged,2573
How long does it take for the money to show up in my account?,67,transfer_timing,6707
how long should i expect to wait when i add money,47,pending_top_up,1990
I received incorrect amount of cash from an ATM today. It was more than I wanted. What do I do now?,75,wrong_amount_of_cash_received,2383
My cash deposit hasn't posted to my account.,6,balance_not_updated_after_cheque_or_cash_deposit,3394
Hello. How do i go about getting a refund of an item i bought ? I want to cancel the payment since i have not received the item yet.,52,request_refund,5383
Can you please tell me why I was charged an extra fee on my transfer?,64,transfer_fee_charged,7178
The seller just told me he didn't get paid. After reviewing my account it did subtract the balance but now it has added it back to my account. I need you to please take care of this promptly.,53,reverted_card_payment?,6786
I need two cards. Is this possible?,39,getting_spare_card,7927
"I just got a new card, and I want to know how to activate.",0,activate_my_card,9288
Someone made a mistake on my money transfer because I was charged extra fees.,64,transfer_fee_charged,7253
What locations allow me to withdraw money?,3,atm_support,4558
How can I tell what foreign exchange rate I will get?,32,exchange_rate,392
I have a payment that shows twice,63,transaction_charged_twice,6359
There were a couple of payments that I have noticed on my account with my card that I didn't make. Is it possible that somebody else has my card information?,16,card_payment_not_recognised,3539
My product was faulty.,52,request_refund,5454
Please tell me the types of currency I can hold.,36,fiat_currency_support,971
My things were stolen and I need to know if I can still use this app.,42,lost_or_stolen_phone,5368
Which foreign currencies can I get transferred into my account?,50,receiving_money,7406
Can I pay online with my card?,10,card_acceptance,3110
"My payment has been declined!! What's going on, I thought everything was alright and working well?",25,declined_card_payment,5868
"The ATM would not give me cash,why?",26,declined_cash_withdrawal,4943
Is a SWIFT transfer acceptable?,56,top_up_by_bank_transfer_charge,1880
how much do I have to pay for exchange of currency?,31,exchange_charge,8975
A receiver let me know that they didn't receive the full transfer I completed and that it was actually a bit less than what I sent. At this point I have to make another transfer to make up for the amount missing. Can you please follow up with what's going  on here?,64,transfer_fee_charged,7226
Tell me about the card PIN?,38,get_physical_card,4017
"Hello. Please, would you tell me if you have or have not received funds for a refund that I recently requested for a big purchase? I've contacted the merchant, but I can't tell that they have taken any action on it.",51,Refund_not_showing_up,5781
Why did my top up get pulled back out?,61,top_up_reverted,3294
Can I use my apple watch to top up?,2,apple_pay_or_google_pay,9689
How do I check security settings on my card?,14,card_not_working,1274
are multiple currencies acceptable?,36,fiat_currency_support,980
I tried activating my card and it doesn't work how do I solve this problem?,0,activate_my_card,9220
I need to dispute a direct debit.,28,direct_debit_payment_not_recognised,4739
Can I use my card while on vacation overseas?,10,card_acceptance,3130
What are the charges if I exchange foreign currency?,31,exchange_charge,9035
Why doesn't the person I sent money to see that transfer yet?,66,transfer_not_received_by_recipient,2833
What is the charge for topping up a card?,57,top_up_by_card_charge,9104
Tell me why my topup wouldn't go through?,59,top_up_failed,8499
Why was I charged a fee to transfer money?,64,transfer_fee_charged,7275
Is there a charge for receiving money?,56,top_up_by_bank_transfer_charge,1890
Where can I activate my card?,0,activate_my_card,9299
I am having a problem with verifying my identity.,68,unable_to_verify_identity,3937
I haven't seen the cash yet from the cheque I deposited.,6,balance_not_updated_after_cheque_or_cash_deposit,3388
Do the disposable cards have any restrictions on them?,29,disposable_card_limits,4338
Are you going to charge me to top up my card?,57,top_up_by_card_charge,9111
"Give me my card, I need it now!",12,card_delivery_estimate,1034
What do I use to verify my identity?,69,verify_my_identity,9868
How can I get a disposable virtual card?,37,get_disposable_virtual_card,8414
Is there a fee for paying by card?,15,card_payment_fee_charged,2546
"My transfer was wrong, are you able to stop it before it goes through please?",8,cancel_transfer,2109
Why is there a fee on a card payment?,15,card_payment_fee_charged,2644
How is my money transferred to the account,65,transfer_into_account,7610
is there a limit on top ups,60,top_up_limits,2321
I'm being charged for using my card!,15,card_payment_fee_charged,2542
I just realized I made the wrong transaction yesterday. Would  you please make it correct?I need it by tomorrow Please.,8,cancel_transfer,2084
Transaction refund missing from my statement.,51,Refund_not_showing_up,5714
Help! I think someone has made a cash withdrawal with my card!,20,cash_withdrawal_not_recognised,8912
Am I able to order a disposable virtual card?,37,get_disposable_virtual_card,8455
I made a mistake this morning when I did a transfer. How do I reverse it?,8,cancel_transfer,2080
I moved and need to change my personal information.,30,edit_personal_details,3746
The app has rejected my top up.,59,top_up_failed,8532
I recently transferred money to my account when will it show up?,5,balance_not_updated_after_bank_transfer,8749
Cash has been deposited this morning but it hasn't came through.,6,balance_not_updated_after_cheque_or_cash_deposit,3405
Where do I find my PIN for my new card?,38,get_physical_card,4096
"I requested a refund from a seller a while ago, but when I check my statements it doesn't show up. Can you help me get my refund.",51,Refund_not_showing_up,5767
Why can't I edit my personal details?,30,edit_personal_details,3670
What happens if my card payment is cancelled?,53,reverted_card_payment?,6854
"Hello. My credit keeps being declined, last night and again today, as I try to buy something. What is the status of my card?",27,declined_transfer,5598
I think the exchange rate for my for my cash withdrawal is wrong,76,wrong_exchange_rate_for_cash_withdrawal,8221
I tried to make a transfer and it failed.,35,failed_transfer,7502
What does it mean if it says that my payment is pending?,45,pending_card_payment,5180
There has been a payment  in the App that has not be done by me.,16,card_payment_not_recognised,3504
There is a strange payment on my card and I don't know what to do.,16,card_payment_not_recognised,3531
I have cancelled payments to this card.,53,reverted_card_payment?,6822
Why is my payment declined? It looked like everything worked ok and my account was fine.,25,declined_card_payment,5866
I should have a refund in my statement but I can't see it,51,Refund_not_showing_up,5825
Please sort your top up! My top up has been pending for an hour already. Can you please make it go through as soon as possible. I really need the money.,47,pending_top_up,2069
"I bought something and received it, but the payment went back to my account. Is the seller okay?",53,reverted_card_payment?,6781
What kind of costs are involved for exchanging currency?,31,exchange_charge,8968
How do I dispute a direct debit that I didn't do?,28,direct_debit_payment_not_recognised,4762
There is a payment I don't recognize,16,card_payment_not_recognised,3553
When can I expect my card? I live in the US.,12,card_delivery_estimate,1008
Why do i have to verify my top-up card?,71,verify_top_up,7745
I placed my order a week ago. Is it ok that my card isn't here yet?,12,card_delivery_estimate,1084
My transfer into my account isn't showing up.,5,balance_not_updated_after_bank_transfer,8637
I will not be able to verify my identity.,68,unable_to_verify_identity,3945
